<QuoteRequest xmlns="http://comparethemarket.co.uk/RiskServices/2009/V1/" xmlns:i="http://www.w3.org/2001/XMLSchema-instance">
  <Header>
    <Sender>
      <ProductClass>LC</ProductClass>
      <SourceCode>CM02</SourceCode>
      <PartnerRef>9BF32AE6FD6048A69F29BB6146218131,0,2</PartnerRef>
      <RepeatQuote>C5H140215</RepeatQuote>
      <AffinityCode>CTM</AffinityCode>
    </Sender>
    <ServiceContext>
      <Server>PBO-CTMAPPQA01</Server>
      <Path>/PrivateCar/Motor/PricePage.aspx</Path>
      <PathUrl>http://pbo-ctmwebqa01.uat.local/PrivateCar/Motor/PricePage.aspx</PathUrl>
      <PathPhysical>D:\CTM\CTMWeb\CurrentVersion\</PathPhysical>
      <QueryString>(no set)</QueryString>
      <ClientOS>WinNT</ClientOS>
      <ClientBrowser>IE</ClientBrowser>
      <ClientVersion>7.0</ClientVersion>
      <ClientJScriptVersion>5.7</ClientJScriptVersion>
      <ClientEcmaScriptVersion>3.0</ClientEcmaScriptVersion>
      <SessionSessionGuid>(no set)</SessionSessionGuid>
      <SessionTransactionID>9BF32AE6FD6048A69F29BB6146218131</SessionTransactionID>
      <CurrentExecutingRequestGuid>af22959c-5299-409b-b37e-cd0c734d8677</CurrentExecutingRequestGuid>
      <HttpConnectionConnection>Keep-Alive</HttpConnectionConnection>
      <HttpConnectionAccept>application/x-ms-application, image/jpeg, application/xaml+xml, image/gif, image/pjpeg, application/x-ms-xbap, application/vnd.ms-excel, application/vnd.ms-powerpoint, application/msword, */*</HttpConnectionAccept>
      <HttpConnectionAcceptLanguage>en-GB</HttpConnectionAcceptLanguage>
      <HttpConnectionHost>pbo-ctmwebqa01.uat.local</HttpConnectionHost>
      <HttpConnectionReferrer>http://pbo-ctmwebqa01.uat.local/PrivateCar/Motor/AboutYou.aspx</HttpConnectionReferrer>
      <HttpConnectionContentType></HttpConnectionContentType>
      <HttpConnectionHttpMethod>GET</HttpConnectionHttpMethod>
      <HttpConnectionUserHostAddress>172.29.69.203</HttpConnectionUserHostAddress>
      <ApplicationName>BGL.CompareTheMarket.Services.QuoteService</ApplicationName>
      <JourneyJourneyType>(no set)</JourneyJourneyType>
      <JourneySourceCode>CM02</JourneySourceCode>
      <JourneyAffinityCode>CTM</JourneyAffinityCode>
      <JourneyProductCode>LC</JourneyProductCode>
      <VisitorID>(no set)</VisitorID>
      <VisitLogID>(no set)</VisitLogID>
    </ServiceContext>
  </Header>
  <Lead>
    <RiskMaster>
      <QuotePlatformID>5</QuotePlatformID>
      <RetrievedRiskHeaderID>8044745</RetrievedRiskHeaderID>
      <ClientReference>C5H140215 </ClientReference>
      <ProposerID>1</ProposerID>
      <PostalAddressID>1</PostalAddressID>
      <MarketingOptOut>
        <EmailOptOut>
          <Value>false</Value>
        </EmailOptOut>
        <PostOptOut>
          <Value>true</Value>
        </PostOptOut>
        <PhoneOptOut>
          <Value>true</Value>
        </PhoneOptOut>
        <SMSOptOut>
          <Value>true</Value>
        </SMSOptOut>
      </MarketingOptOut>
      <Persons>
        <Person>
          <ID>1</ID>
          <Title>
            <Value>MR</Value>
            <Description>Mr</Description>
            <ErrID></ErrID>
            <RecID>1</RecID>
          </Title>
          <FirstName>
            <Value>Test</Value>
          </FirstName>
          <Surname>
            <Value>Murugan</Value>
          </Surname>
          <DOB>
            <Value>1950-01-15T00:00:00</Value>
          </DOB>
          <Gender>
            <Value>M</Value>
            <Description></Description>
            <RecID>0</RecID>
          </Gender>
          <ContactDetails>
            <PhoneNumbers></PhoneNumbers>
            <EmailAdr>
              <Value>Murugan@emailreaction.org</Value>
            </EmailAdr>
            <NoEmail>
              <Value>false</Value>
            </NoEmail>
          </ContactDetails>
          <MaritalStatus>
            <Value>M</Value>
            <Description>Married</Description>
            <ErrID></ErrID>
            <RecID>8</RecID>
          </MaritalStatus>
          <EmploymentStatus>
            <Value>E</Value>
            <Description>Employed</Description>
            <ErrID></ErrID>
            <RecID>8</RecID>
          </EmploymentStatus>
          <PrimaryOccupation>
            <OccupationCode>
              <Value>H01</Value>
              <Description>Hairdresser</Description>
              <RecID>455</RecID>
            </OccupationCode>
            <BusinessCode>
              <Value>809</Value>
              <Description>Beauty Salon</Description>
              <RecID>1744</RecID>
            </BusinessCode>
          </PrimaryOccupation>
          <Licence>
            <TypeOfLicence>
              <Value>F</Value>
              <Description>Full UK Car Licence</Description>
              <ErrID></ErrID>
              <RecID>6</RecID>
            </TypeOfLicence>
            <LicenceHeldYears>
              <Value>15</Value>
              <Description>15 Years</Description>
              <RecID>41</RecID>
            </LicenceHeldYears>
            <DateLicenceObtained>
              <Value i:nil="true"></Value>
            </DateLicenceObtained>
            <DrivingQualifications>
              <Value>DQA</Value>
              <Description>AA Proficiency</Description>
              <RecID>4</RecID>
            </DrivingQualifications>
            <DrivingQualificationsDate>
              <Value>2010-01-31T00:00:00</Value>
            </DrivingQualificationsDate>
          </Licence>
          <Resident>
            <ResidentSince>
              <Value i:nil="true"></Value>
            </ResidentSince>
            <UkResidentSinceDOB>
              <Value>true</Value>
            </UkResidentSinceDOB>
          </Resident>
          <UseOtherVehicles>
            <Value>XVE</Value>
            <Description>No access to any other vehicles</Description>
            <RecID>1</RecID>
          </UseOtherVehicles>
          <AddressAsProposer>
            <Value>true</Value>
          </AddressAsProposer>
          <HomeOwner>
            <Value>true</Value>
          </HomeOwner>
          <PassPlus>
            <Value>false</Value>
          </PassPlus>
          <HaveMotorClaim>
            <Value>false</Value>
          </HaveMotorClaim>
          <HaveMotorConviction>
            <Value>false</Value>
          </HaveMotorConviction>
          <MotorInsuranceCancelled>
            <Value>false</Value>
          </MotorInsuranceCancelled>
          <HaveNonMotorConviction>
            <Value>false</Value>
          </HaveNonMotorConviction>
          <ChildrenUnder16>
            <Value>true</Value>
          </ChildrenUnder16>
          <Ghost>false</Ghost>
          <DVLAMedicalCondition>
            <Value>DVN</Value>
            <Description>No</Description>
            <RecID>1</RecID>
          </DVLAMedicalCondition>
          <PassedCBT>
            <Value i:nil="true"></Value>
          </PassedCBT>
          <LargestCCBike>
            <Value>0</Value>
          </LargestCCBike>
        </Person>
      </Persons>
      <Addresses>
        <Address>
          <ID>1</ID>
          <AddressLine1>
            <Value>Orchards End</Value>
          </AddressLine1>
          <AddressLine2>
            <Value>Holywell</Value>
          </AddressLine2>
          <AddressLine3>
            <Value>St. Ives</Value>
          </AddressLine3>
          <AddressLine4>
            <Value i:nil="true"></Value>
          </AddressLine4>
          <AddressLine5>
            <Value i:nil="true"></Value>
          </AddressLine5>
          <PostCode>
            <Value>PE27 4TQ</Value>
          </PostCode>
          <DPSCode>
            <Value>2Z</Value>
          </DPSCode>
          <LocationIDFK>
            <Value>145</Value>
          </LocationIDFK>
          <LocationDetails>
            <LocationID>145</LocationID>
            <Name>
              <Value></Value>
            </Name>
            <OrganisationName>
              <Value></Value>
            </OrganisationName>
            <Department>
              <Value></Value>
            </Department>
            <SubBuilding>
              <Value></Value>
            </SubBuilding>
            <Building>
              <Value>Orchards End</Value>
            </Building>
            <Number>
              <Value></Value>
            </Number>
            <DependentThoroughfare>
              <Value>Holywell</Value>
            </DependentThoroughfare>
            <Thoroughfare>
              <Value></Value>
            </Thoroughfare>
            <DoubleDependentLocality>
              <Value></Value>
            </DoubleDependentLocality>
            <DependentLocality>
              <Value>Holywell</Value>
            </DependentLocality>
            <Town>
              <Value>St. Ives</Value>
            </Town>
            <PostalCounty>
              <Value>Cambridgeshire</Value>
            </PostalCounty>
            <AbbreviatedPostalCounty>
              <Value>Cambs</Value>
            </AbbreviatedPostalCounty>
            <OptionalCounty>
              <Value>Cambridgeshire</Value>
            </OptionalCounty>
            <AbbreviatedOptionalCounty>
              <Value>Cambs</Value>
            </AbbreviatedOptionalCounty>
            <TraditionalCounty>
              <Value>Huntingdonshire</Value>
            </TraditionalCounty>
            <AdministrativeCounty>
              <Value>Cambridgeshire</Value>
            </AdministrativeCounty>
            <Postcode>
              <Value>PE27 4TQ</Value>
            </Postcode>
            <DPS>
              <Value>2Z</Value>
            </DPS>
            <PostcodeFrom>
              <Value></Value>
            </PostcodeFrom>
            <PostcodeType>
              <Value>S</Value>
            </PostcodeType>
            <MailsortCode>
              <Value>15473</Value>
            </MailsortCode>
            <AddressType>
              <Value>5</Value>
            </AddressType>
            <AddressTypeDescription>
              <Value>Non-Standard Address Format</Value>
            </AddressTypeDescription>
            <Country>
              <Value>United Kingdom</Value>
            </Country>
            <CountryISO>
              <Value>GBR</Value>
            </CountryISO>
            <GridE>
              <Value>533878</Value>
            </GridE>
            <GridN>
              <Value>270828</Value>
            </GridN>
            <Latitude>
              <Value>52.3193</Value>
            </Latitude>
            <Longitude>
              <Value>-0.0372</Value>
            </Longitude>
          </LocationDetails>
        </Address>
      </Addresses>
      <Products>
        <CommercialVehicleRisk>
          <Version>4.000</Version>
          <ID>0</ID>
          <Cover>
            <CommencementDate>
              <Value>2013-04-20T00:00:00</Value>
            </CommencementDate>
            <CoverType>
              <Value>01</Value>
              <Description>Comprehensive</Description>
              <ErrID></ErrID>
              <RecID>1</RecID>
            </CoverType>
            <ClassOfUse>
              <Value>05NN</Value>
              <Description>Social, Domestic And Pleasure Only</Description>
              <ErrID></ErrID>
              <RecID>2</RecID>
            </ClassOfUse>
            <TotalExcess>
              <Value>0</Value>
            </TotalExcess>
            <Ncd>
              <NcdYears>
                <Value>14</Value>
                <Description>14 Years</Description>
                <ErrID></ErrID>
                <RecID>46</RecID>
              </NcdYears>
              <NcdSource>
                <Value>1</Value>
                <Description>With this vehicle or a previous vehicle</Description>
                <ErrID></ErrID>
                <RecID>5</RecID>
              </NcdSource>
              <NcdProtected>
                <Value>false</Value>
              </NcdProtected>
              <ProtectedNcdOtherVehicle>
                <Value i:nil="true"></Value>
              </ProtectedNcdOtherVehicle>
            </Ncd>
            <LegalProtection>
              <Value>false</Value>
            </LegalProtection>
            <VehicleBreakdown>
              <Value>false</Value>
            </VehicleBreakdown>
            <PaymentProtection>
              <Value>false</Value>
            </PaymentProtection>
            <Drivers>
              <Driver>
                <id>1</id>
                <DriverType>1</DriverType>
              </Driver>
            </Drivers>
            <InsurancePaymentMethod>
              <Value>M</Value>
              <Description>Monthly</Description>
              <RecID>1</RecID>
            </InsurancePaymentMethod>
            <PillionPassenger>
              <Value i:nil="true"></Value>
            </PillionPassenger>
            <PreviousQuote>
              <Value i:nil="true"></Value>
            </PreviousQuote>
            <DangerousGoods>
              <Value>false</Value>
            </DangerousGoods>
            <EstablishedYears>
              <Value>0</Value>
            </EstablishedYears>
            <PublicLiabilityPolicy>
              <Value>true</Value>
            </PublicLiabilityPolicy>
            <TradeOrganisation>
              <Value>TONO</Value>
              <Description>None</Description>
              <RecID>1</RecID>
            </TradeOrganisation>
          </Cover>
          <Vehicle>
            <ID>0</ID>
            <AdditionalDetails>
              <ABICode>90309712</ABICode>
              <Make>Vauxhall</Make>
              <Model>Combo</Model>
              <Doors i:nil="true"></Doors>
              <Seats>2</Seats>
              <EngineSize>1248</EngineSize>
              <Body>
                <Desc>SALOON</Desc>
                <Code>NA</Code>
              </Body>
              <LCBody>
                <Desc>VAN</Desc>
                <Code>NA</Code>
              </LCBody>
              <Fuel>
                <Desc>Diesel</Desc>
                <Code>NA</Code>
              </Fuel>
              <Transmission>
                <Desc>Manual</Desc>
                <Code>NA</Code>
              </Transmission>
              <Weight>1805</Weight>
            </AdditionalDetails>
            <VehicleCode>
              <Value>90309712</Value>
            </VehicleCode>
            <Description>
              <Value>2006 Vauxhall Combo Cdti, 1248CC Diesel, Manual, Van</Value>
            </Description>
            <RegYear>
              <Value>2006</Value>
              <Description>2006 (55, 06, 56)</Description>
              <ErrID></ErrID>
              <RecID>86</RecID>
            </RegYear>
            <RegLetter>
              <Value>06</Value>
              <Description>2006 (55, 06, 56)</Description>
              <ErrID></ErrID>
              <RecID>86</RecID>
            </RegLetter>
            <RegNumber>
              <Value>SA06JOV</Value>
            </RegNumber>
            <Seats>
              <Value>2</Value>
              <Description></Description>
              <ErrID></ErrID>
              <RecID>2</RecID>
            </Seats>
            <LHD>
              <Value>false</Value>
            </LHD>
            <SecurityCode>
              <Value>99992</Value>
              <Description>Factory Fitted Thatcham Approved Alarm</Description>
              <ErrID></ErrID>
              <RecID>1351</RecID>
            </SecurityCode>
            <Tracker>
              <Value>false</Value>
            </Tracker>
            <VehiclePurchased>
              <Value>true</Value>
            </VehiclePurchased>
            <PurchaseDate>
              <Value>2007-01-01T00:00:00</Value>
            </PurchaseDate>
            <OvernightParking>
              <Value>10</Value>
              <Description>Locked garage</Description>
              <ErrID></ErrID>
              <RecID>27</RecID>
            </OvernightParking>
            <WhereKeptAddress>
              <Value>1</Value>
            </WhereKeptAddress>
            <AnnualMileage>
              <Value>4999</Value>
            </AnnualMileage>
            <BusinessMileage>
              <Value>0</Value>
            </BusinessMileage>
            <RegisteredKeeper>
              <OwnerKeeperType>
                <Value>P</Value>
                <Description>Person</Description>
                <ErrID></ErrID>
                <RecID>5</RecID>
              </OwnerKeeperType>
              <OwnerKeeperID>
                <Value>1</Value>
              </OwnerKeeperID>
              <OwnerKeeperName>
                <Value>Mr Test Murugan</Value>
              </OwnerKeeperName>
            </RegisteredKeeper>
            <LegalOwner>
              <OwnerKeeperType>
                <Value>P</Value>
                <Description>Person</Description>
                <ErrID></ErrID>
                <RecID>5</RecID>
              </OwnerKeeperType>
              <OwnerKeeperID>
                <Value>1</Value>
              </OwnerKeeperID>
              <OwnerKeeperName>
                <Value>Mr Test Murugan</Value>
              </OwnerKeeperName>
            </LegalOwner>
            <VehicleInsValue>
              <Value>999</Value>
            </VehicleInsValue>
            <CustomerEstimatedValue>
              <Value>true</Value>
            </CustomerEstimatedValue>
            <VehicleInsGroup>
              <Value>1</Value>
            </VehicleInsGroup>
            <ValuationType>
              <Value i:nil="true"></Value>
            </ValuationType>
            <VehicleImported>
              <Value>false</Value>
            </VehicleImported>
            <BodyType>
              <Value>H</Value>
              <Description>Van</Description>
              <ErrID></ErrID>
              <RecID>11</RecID>
            </BodyType>
            <BadDriverHotline>
              <Value>false</Value>
            </BadDriverHotline>
            <GrossWeight>
              <Value>0.0</Value>
            </GrossWeight>
          </Vehicle>
        </CommercialVehicleRisk>
      </Products>
      <ModifiedFlags>
        <RiskHeader>false</RiskHeader>
        <Persons>false</Persons>
        <Addresses>false</Addresses>
        <ContactDetails>false</ContactDetails>
        <PrivateCar>false</PrivateCar>
        <PrivateCarCover>false</PrivateCarCover>
        <CommercialVehicle>false</CommercialVehicle>
        <CommercialVehicleCover>false</CommercialVehicleCover>
        <Claims>false</Claims>
        <Convictions>false</Convictions>
        <HomeCover>false</HomeCover>
        <PropertyDetails>false</PropertyDetails>
        <PropertyBuildingsCover>false</PropertyBuildingsCover>
        <PropertyContentsCover>false</PropertyContentsCover>
        <PropertyClaims>false</PropertyClaims>
        <PropertyLocks>false</PropertyLocks>
        <PropertyAdditionalDetails>false</PropertyAdditionalDetails>
        <LifeCover>false</LifeCover>
        <Bike>false</Bike>
        <BikeCover>false</BikeCover>
        <PetDetails>false</PetDetails>
        <PetMoreDetails>false</PetMoreDetails>
        <PetCover>false</PetCover>
        <PetDogSpecific>false</PetDogSpecific>
        <Vehicle>false</Vehicle>
        <VehicleDetails>false</VehicleDetails>
        <VehicleUsage>false</VehicleUsage>
        <VehicleOwnership>false</VehicleOwnership>
        <PolicyDetails>false</PolicyDetails>
        <DrivingHistory>false</DrivingHistory>
      </ModifiedFlags>
    </RiskMaster>
  </Lead>
</QuoteRequest>