﻿<?xml version="1.0" encoding="utf-8"?>
<VanQuoteRequestV1 xmlns="http://tempuri.org/VanQuoteRequestV1.xsd">
  <Policy>
    <ActualStartDate>2013-04-20</ActualStartDate>
    <CoverBreakdownRequired>0</CoverBreakdownRequired>
    <CoverLegalRequired>0</CoverLegalRequired>
    <CoverNCDProtectionRequired>0</CoverNCDProtectionRequired>
    <CoverTrailerRequired>0</CoverTrailerRequired>
    <NoClaimDiscountYears>1</NoClaimDiscountYears>
    <PortalQuoteRef>Van-VanTestXML1</PortalQuoteRef>
    <PreferredPaymentMethod>4</PreferredPaymentMethod>
    <SelectedPackage>3</SelectedPackage>
    <VoluntaryExcess>0</VoluntaryExcess>
  </Policy>
  <Van>
    <Alarm>0</Alarm>
    <AnnualMileage>4001</AnnualMileage>
    <ExternalId>90309712</ExternalId>
    <InsuredValue>0</InsuredValue>
    <IsRackingInstalled>0</IsRackingInstalled>
    <IsSignwritten>0</IsSignwritten>
    <IsUsageHaulage>0</IsUsageHaulage>
    <IsUsageOwnGoods>1</IsUsageOwnGoods>
    <IsUsageSDLC>1</IsUsageSDLC>
    <ManufacturingYear>2006</ManufacturingYear>
    <ParkingOvernightPostCode>PE27 4TQ</ParkingOvernightPostCode>
    <ParkingOvernightTypeId></ParkingOvernightTypeId>
    <PurchasedDate>2007-01-01T00:00:00</PurchasedDate>
    <PurchasedNotYet>0</PurchasedNotYet>
    <RegistrationNumber>SA06JOV</RegistrationNumber>
    <SeatsSelected>4</SeatsSelected>
  </Van>
  <Proposer>
    <Person>
      <TitleId>1</TitleId>
      <FirstName>Test</FirstName>
      <LastName>Murugan</LastName>
      <BirthDate>1950-01-15</BirthDate>
      <BusinessTypeNameId>100</BusinessTypeNameId>
      <LicenceType>1</LicenceType>
      <LicenceNumberYear>1012</LicenceNumberYear>
      <MaritalStatus>2</MaritalStatus>
      <MedicalConditions>0</MedicalConditions>
      <ProfessionNameId>528</ProfessionNameId>
      <YearsInCountry>999</YearsInCountry>
    </Person>
    <Address>
      <HouseNumber>1</HouseNumber>
      <Street>Orchards End</Street>
      <Street2>Holywell</Street2>
      <Street3>St. Ives</Street3>
      <Street4 />
      <Street5 />
      <PostCode>PE27 4TQ</PostCode>
    </Address>
    <EMail>test@test.com</EMail>
    <PhoneNumberHome />
    <PhoneNumberMobile />
    <CompanyName>CompareTheMarket</CompanyName>
    <CompanyStatusId></CompanyStatusId>
    <IsTradeBodyMember>0</IsTradeBodyMember>
    <TradingStartYear>2007</TradingStartYear>
  </Proposer>
</VanQuoteRequestV1>