﻿<?xml version="1.0" encoding="utf-8"?>
<QuoteResult xmlns="http://BGL.CompareTheMarket.Services.DistributorService.DataContracts" xmlns:soap="http://schemas.xmlsoap.org/soap/envelope/" xmlns:xsi="http://www.w3.org/2001/XMLSchema-instance" xmlns:xsd="http://www.w3.org/2001/XMLSchema" xmlns:axa="http://tempuri.org/VanQuoteReplyV1.xsd">
  <Header>
    <ResultStatus>ERROR</ResultStatus>
    <PartnerRef>9BF32AE6FD6048A69F29BB6146218131,0,2</PartnerRef>
  </Header>
  <Quotes>
    <Quote>
      <Broker>AXA3</Broker>
      <InsurerName>AxaVan</InsurerName>
      <Premium>
        <AnnualPremium>0</AnnualPremium>
      </Premium>
    </Quote>
  </Quotes>
  <Messages>
    <Logs>
      <Log>
        <Code>ReqRecvd</Code>
        <LogDateTime>2013-04-19T10:05:51.78138</LogDateTime>
      </Log>
      <Log>
        <Code>ReqQueued</Code>
        <LogDateTime>2013-04-19T10:05:51.79698</LogDateTime>
      </Log>
      <Log>
        <Code>OutProcStart</Code>
        <LogDateTime>2013-04-19T10:05:52.03098</LogDateTime>
      </Log>
      <Log>
        <Code>ProviderStart</Code>
        <LogDateTime>2013-04-19T10:05:52.04658</LogDateTime>
      </Log>
      <Log>
        <Code>ProviderEnd</Code>
        <LogDateTime>2013-04-19T10:05:52.18698</LogDateTime>
      </Log>
      <Log>
        <Code>InProcStart</Code>
        <LogDateTime>2013-04-19T10:05:52.18698</LogDateTime>
      </Log>
    </Logs>
  </Messages>
</QuoteResult>