﻿<?xml version="1.0" encoding="utf-8"?>
<VanQuoteRequestV1 xmlns="http://tempuri.org/VanQuoteRequestV1.xsd">
  <Policy>
    <ActualStartDate>2013-04-26</ActualStartDate>
    <CoverBreakdownRequired>0</CoverBreakdownRequired>
    <CoverLegalRequired>0</CoverLegalRequired>
    <CoverNCDProtectionRequired>0</CoverNCDProtectionRequired>
    <CoverTrailerRequired>0</CoverTrailerRequired>
    <NoClaimDiscountYears>1</NoClaimDiscountYears>
    <PortalQuoteRef>Van-VanTestXML1</PortalQuoteRef>
    <PreferredPaymentMethod>4</PreferredPaymentMethod>
    <SelectedPackage>3</SelectedPackage>
    <VoluntaryExcess>400</VoluntaryExcess>
  </Policy>
  <Van>
    <Alarm>0</Alarm>
    <AnnualMileage>9001</AnnualMileage>
    <ExternalId>90302541</ExternalId>
    <InsuredValue>2501</InsuredValue>
    <IsRackingInstalled>N</IsRackingInstalled>
    <IsSignwritten>1</IsSignwritten>
    <IsBadDrivingHotlineVisible>1</IsBadDrivingHotlineVisible>
    <IsUsageHaulage>0</IsUsageHaulage>
    <IsUsageOwnGoods>0</IsUsageOwnGoods>
    <IsUsageSDLC>0</IsUsageSDLC>
    <ManufacturingYear>2003</ManufacturingYear>
    <ParkingOvernightPostCode>PE27 4TQ</ParkingOvernightPostCode>
    <ParkingOvernightTypeId>14</ParkingOvernightTypeId>
    <PurchasedDate>2009-06-01</PurchasedDate>
    <PurchasedNotYet>0</PurchasedNotYet>
    <RegistrationNumber>EY53ALO</RegistrationNumber>
    <SeatsSelected>5</SeatsSelected>
  </Van>
  <Proposer>
    <Person>
      <TitleId>1</TitleId>
      <FirstName>Test</FirstName>
      <LastName>Ankur</LastName>
      <BirthDate>1955-01-15</BirthDate>
      <BusinessTypeNameId>106</BusinessTypeNameId>
      <LicenceType>1</LicenceType>
      <LicenceNumberYear>5</LicenceNumberYear>
      <MaritalStatus>2</MaritalStatus>
      <MedicalConditions>1</MedicalConditions>
      <ProfessionNameId>1991</ProfessionNameId>
      <YearsInCountry>999</YearsInCountry>
      <Claims>
        <Claim>
          <LossDate>2011</LossDate>
          <LossTypeId>TY5</LossTypeId>
          <InvolvedPersonalInjury>0</InvolvedPersonalInjury>
          <MadeUnderThisPolicy>1</MadeUnderThisPolicy>
        </Claim>
        <Claim>
          <LossDate>2011</LossDate>
          <LossTypeId>MY1</LossTypeId>
          <InvolvedPersonalInjury>0</InvolvedPersonalInjury>
          <MadeUnderThisPolicy>1</MadeUnderThisPolicy>
        </Claim>
      </Claims>
    </Person>
    <Address>
      <HouseNumber>1</HouseNumber>
      <Street>Pippins</Street>
      <Street2>Holywell</Street2>
      <Street3>St. Ives</Street3>
      <Street4 />
      <Street5 />
      <PostCode>PE27 4TQ</PostCode>
    </Address>
    <EMail>Ankur@emailreaction.org</EMail>
    <PhoneNumberHome />
    <PhoneNumberMobile />
    <CompanyName>CompareTheMarket</CompanyName>
    <CompanyStatusId>1</CompanyStatusId>
    <IsPublicLiabilityCovered>1</IsPublicLiabilityCovered>
    <IsTradeBodyMember>1</IsTradeBodyMember>
    <MotoringOrganisation>1</MotoringOrganisation>
    <TradingStartYear>2002</TradingStartYear>
  </Proposer>
  <AdditionalDrivers>
    <AdditionalDriver>
      <Person>
        <TitleId>2</TitleId>
        <FirstName>Test</FirstName>
        <LastName>AddOne</LastName>
        <BirthDate>1967-04-11</BirthDate>
        <BusinessTypeNameId>106</BusinessTypeNameId>
        <LicenceType>1</LicenceType>
        <LicenceNumberYear>5</LicenceNumberYear>
        <MaritalStatus>4</MaritalStatus>
        <MedicalConditions>1</MedicalConditions>
        <ProfessionNameId>1991</ProfessionNameId>
        <Relationship>3</Relationship>
        <YearsInCountry>999</YearsInCountry>
        <Claims>
          <Claim>
            <LossDate>2012</LossDate>
            <LossTypeId>MY1</LossTypeId>
            <InvolvedPersonalInjury>0</InvolvedPersonalInjury>
            <MadeUnderThisPolicy>1</MadeUnderThisPolicy>
          </Claim>
        </Claims>
      </Person>
    </AdditionalDriver>
    <AdditionalDriver>
      <Person>
        <TitleId>2</TitleId>
        <FirstName>Test</FirstName>
        <LastName>AddTwo</LastName>
        <BirthDate>1967-04-11</BirthDate>
        <BusinessTypeNameId>100</BusinessTypeNameId>
        <LicenceType>1</LicenceType>
        <LicenceNumberYear>6</LicenceNumberYear>
        <MaritalStatus>1</MaritalStatus>
        <MedicalConditions>0</MedicalConditions>
        <ProfessionNameId>32</ProfessionNameId>
        <Relationship>8</Relationship>
        <YearsInCountry>999</YearsInCountry>
        <Claims>
          <Claim>
            <LossDate>2012</LossDate>
            <LossTypeId>0</LossTypeId>
            <InvolvedPersonalInjury>0</InvolvedPersonalInjury>
            <MadeUnderThisPolicy>1</MadeUnderThisPolicy>
          </Claim>
        </Claims>
        <Convictions>
          <Conviction>
            <ConvictionDate>2009-10-01</ConvictionDate>
            <ConvictionDurationOfBan>0</ConvictionDurationOfBan>
            <ConvictionTypeId>89</ConvictionTypeId>
          </Conviction>
        </Convictions>
      </Person>
    </AdditionalDriver>
    <AdditionalDriver>
      <Person>
        <TitleId>1</TitleId>
        <FirstName>test</FirstName>
        <LastName>addthree</LastName>
        <BirthDate>1962-09-05</BirthDate>
        <BusinessTypeNameId>100</BusinessTypeNameId>
        <LicenceType>1</LicenceType>
        <LicenceNumberYear>1012</LicenceNumberYear>
        <MaritalStatus>2</MaritalStatus>
        <MedicalConditions>0</MedicalConditions>
        <ProfessionNameId>464</ProfessionNameId>
        <Relationship>0</Relationship>
        <YearsInCountry>999</YearsInCountry>
      </Person>
    </AdditionalDriver>
  </AdditionalDrivers>
</VanQuoteRequestV1>