<QuoteRequest xmlns="http://comparethemarket.co.uk/RiskServices/2009/V1/" xmlns:i="http://www.w3.org/2001/XMLSchema-instance">
  <Header>
    <Sender>
      <ProductClass>LC</ProductClass>
      <SourceCode>CM02</SourceCode>
      <PartnerRef>ACD0D520E9524395BBDAB8E7048C6C62,0,2</PartnerRef>
      <RepeatQuote>C0J140230</RepeatQuote>
      <AffinityCode>CTM</AffinityCode>
    </Sender>
    <ServiceContext>
      <Server>PBO-CTMAPPQA01</Server>
      <Path>/PrivateCar/Motor/PricePage.aspx</Path>
      <PathUrl>http://pbo-ctmwebqa01.uat.local/PrivateCar/Motor/PricePage.aspx</PathUrl>
      <PathPhysical>D:\CTM\CTMWeb\CurrentVersion\</PathPhysical>
      <QueryString>(no set)</QueryString>
      <ClientOS>WinNT</ClientOS>
      <ClientBrowser>IE</ClientBrowser>
      <ClientVersion>7.0</ClientVersion>
      <ClientJScriptVersion>5.7</ClientJScriptVersion>
      <ClientEcmaScriptVersion>3.0</ClientEcmaScriptVersion>
      <SessionSessionGuid>(no set)</SessionSessionGuid>
      <SessionTransactionID>ACD0D520E9524395BBDAB8E7048C6C62</SessionTransactionID>
      <CurrentExecutingRequestGuid>ff21ae69-a2c9-4796-8bc9-1ae118e945d4</CurrentExecutingRequestGuid>
      <HttpConnectionConnection>Keep-Alive</HttpConnectionConnection>
      <HttpConnectionAccept>application/x-ms-application, image/jpeg, application/xaml+xml, image/gif, image/pjpeg, application/x-ms-xbap, application/vnd.ms-excel, application/vnd.ms-powerpoint, application/msword, */*</HttpConnectionAccept>
      <HttpConnectionAcceptLanguage>en-GB</HttpConnectionAcceptLanguage>
      <HttpConnectionHost>pbo-ctmwebqa01.uat.local</HttpConnectionHost>
      <HttpConnectionReferrer>http://pbo-ctmwebqa01.uat.local/PrivateCar/Motor/AboutYourPolicy.aspx</HttpConnectionReferrer>
      <HttpConnectionContentType></HttpConnectionContentType>
      <HttpConnectionHttpMethod>GET</HttpConnectionHttpMethod>
      <HttpConnectionUserHostAddress>172.29.69.203</HttpConnectionUserHostAddress>
      <ApplicationName>BGL.CompareTheMarket.Services.QuoteService</ApplicationName>
      <JourneyJourneyType>(no set)</JourneyJourneyType>
      <JourneySourceCode>CM02</JourneySourceCode>
      <JourneyAffinityCode>CTM</JourneyAffinityCode>
      <JourneyProductCode>LC</JourneyProductCode>
      <VisitorID>(no set)</VisitorID>
      <VisitLogID>(no set)</VisitLogID>
    </ServiceContext>
  </Header>
  <Lead>
    <RiskMaster>
      <QuotePlatformID>5</QuotePlatformID>
      <RetrievedRiskHeaderID>8044948</RetrievedRiskHeaderID>
      <ClientReference>C0J140230 </ClientReference>
      <ProposerID>1</ProposerID>
      <PostalAddressID>1</PostalAddressID>
      <MarketingOptOut>
        <EmailOptOut>
          <Value>true</Value>
        </EmailOptOut>
        <PostOptOut>
          <Value>true</Value>
        </PostOptOut>
        <PhoneOptOut>
          <Value>true</Value>
        </PhoneOptOut>
        <SMSOptOut>
          <Value>true</Value>
        </SMSOptOut>
      </MarketingOptOut>
      <Persons>
        <Person>
          <ID>1</ID>
          <Title>
            <Value>DRF</Value>
            <Description>Dr - Female</Description>
            <ErrID></ErrID>
            <RecID>17</RecID>
          </Title>
          <FirstName>
            <Value>Test</Value>
          </FirstName>
          <Surname>
            <Value>Ankur</Value>
          </Surname>
          <DOB>
            <Value>1955-01-15T00:00:00</Value>
          </DOB>
          <Gender>
            <Value>F</Value>
            <Description></Description>
            <RecID>0</RecID>
          </Gender>
          <ContactDetails>
            <PhoneNumbers></PhoneNumbers>
            <EmailAdr>
              <Value>Ankur@emailreaction.org</Value>
            </EmailAdr>
            <NoEmail>
              <Value>false</Value>
            </NoEmail>
          </ContactDetails>
          <MaritalStatus>
            <Value>M</Value>
            <Description>Married</Description>
            <ErrID></ErrID>
            <RecID>8</RecID>
          </MaritalStatus>
          <EmploymentStatus>
            <Value>R</Value>
            <Description>Retired</Description>
            <ErrID></ErrID>
            <RecID>13</RecID>
          </EmploymentStatus>
          <PrimaryOccupation>
            <OccupationCode>
              <Value>R09</Value>
              <Description>Retired</Description>
              <RecID>1722</RecID>
            </OccupationCode>
            <BusinessCode>
              <Value>186</Value>
              <Description>Not In Employment</Description>
              <RecID>1121</RecID>
            </BusinessCode>
          </PrimaryOccupation>
          <Licence>
            <TypeOfLicence>
              <Value>F</Value>
              <Description>Full UK Car Licence</Description>
              <ErrID></ErrID>
              <RecID>6</RecID>
            </TypeOfLicence>
            <LicenceHeldYears>
              <Value>5</Value>
              <Description>5 Years</Description>
              <RecID>42</RecID>
            </LicenceHeldYears>
            <DateLicenceObtained>
              <Value i:nil="true"></Value>
            </DateLicenceObtained>
            <DrivingQualifications>
              <Value>DQN</Value>
              <Description>No</Description>
              <RecID>1</RecID>
            </DrivingQualifications>
            <DrivingQualificationsDate>
              <Value i:nil="true"></Value>
            </DrivingQualificationsDate>
          </Licence>
          <Resident>
            <ResidentSince>
              <Value i:nil="true"></Value>
            </ResidentSince>
            <UkResidentSinceDOB>
              <Value>true</Value>
            </UkResidentSinceDOB>
          </Resident>
          <UseOtherVehicles>
            <Value>COVE</Value>
            <Description>Company car (including personal use)</Description>
            <RecID>4</RecID>
          </UseOtherVehicles>
          <AddressAsProposer>
            <Value>true</Value>
          </AddressAsProposer>
          <HomeOwner>
            <Value>true</Value>
          </HomeOwner>
          <PassPlus>
            <Value>false</Value>
          </PassPlus>
          <HaveMotorClaim>
            <Value>true</Value>
          </HaveMotorClaim>
          <MotorClaims>
            <MotorClaim>
              <ID>1</ID>
              <IncidentDate>
                <Value>2011-05-01T00:00:00</Value>
              </IncidentDate>
              <IncidentType>
                <Value>1</Value>
                <Description>Theft - Sound Equipment</Description>
                <ErrID></ErrID>
                <RecID>1</RecID>
              </IncidentType>
              <Damage>
                <Value>3</Value>
                <Description>Unknown</Description>
                <ErrID></ErrID>
                <RecID>7</RecID>
              </Damage>
              <IncidentValue>
                <Value>0.00</Value>
              </IncidentValue>
              <ClaimMade>
                <Value>true</Value>
              </ClaimMade>
              <IncidentDriver>
                <Value>-90</Value>
              </IncidentDriver>
              <Injuries>
                <Value>false</Value>
              </Injuries>
              <InsuredVehicleClaimAmount>
                <Value>0.00</Value>
              </InsuredVehicleClaimAmount>
              <ThirdPartyClaimAmount>
                <Value>0.00</Value>
              </ThirdPartyClaimAmount>
              <NCDAffected>
                <Value>false</Value>
              </NCDAffected>
            </MotorClaim>
            <MotorClaim>
              <ID>2</ID>
              <IncidentDate>
                <Value>2011-09-01T00:00:00</Value>
              </IncidentDate>
              <IncidentType>
                <Value>V</Value>
                <Description>Malicious Damage</Description>
                <ErrID></ErrID>
                <RecID>13</RecID>
              </IncidentType>
              <Damage>
                <Value>3</Value>
                <Description>Unknown</Description>
                <ErrID></ErrID>
                <RecID>7</RecID>
              </Damage>
              <IncidentValue>
                <Value>0.00</Value>
              </IncidentValue>
              <ClaimMade>
                <Value>true</Value>
              </ClaimMade>
              <IncidentDriver>
                <Value>-90</Value>
              </IncidentDriver>
              <Injuries>
                <Value>false</Value>
              </Injuries>
              <InsuredVehicleClaimAmount>
                <Value>0.00</Value>
              </InsuredVehicleClaimAmount>
              <ThirdPartyClaimAmount>
                <Value>0.00</Value>
              </ThirdPartyClaimAmount>
              <NCDAffected>
                <Value>false</Value>
              </NCDAffected>
            </MotorClaim>
          </MotorClaims>
          <HaveMotorConviction>
            <Value>false</Value>
          </HaveMotorConviction>
          <MotorInsuranceCancelled>
            <Value>false</Value>
          </MotorInsuranceCancelled>
          <HaveNonMotorConviction>
            <Value>false</Value>
          </HaveNonMotorConviction>
          <ChildrenUnder16>
            <Value>false</Value>
          </ChildrenUnder16>
          <Ghost>false</Ghost>
          <DVLAMedicalCondition>
            <Value>DVU</Value>
            <Description>DVLA unaware</Description>
            <RecID>6</RecID>
          </DVLAMedicalCondition>
          <PassedCBT>
            <Value i:nil="true"></Value>
          </PassedCBT>
          <LargestCCBike>
            <Value>0</Value>
          </LargestCCBike>
        </Person>
        <Person>
          <ID>2</ID>
          <Title>
            <Value>MRS</Value>
            <Description>Mrs</Description>
            <ErrID></ErrID>
            <RecID>2</RecID>
          </Title>
          <FirstName>
            <Value>Test</Value>
          </FirstName>
          <Surname>
            <Value>AddOne</Value>
          </Surname>
          <DOB>
            <Value>1967-04-11T00:00:00</Value>
          </DOB>
          <Gender>
            <Value>F</Value>
            <Description></Description>
            <RecID>0</RecID>
          </Gender>
          <ContactDetails>
            <PhoneNumbers></PhoneNumbers>
            <EmailAdr>
              <Value i:nil="true"></Value>
            </EmailAdr>
            <NoEmail>
              <Value>false</Value>
            </NoEmail>
          </ContactDetails>
          <MaritalStatus>
            <Value>D</Value>
            <Description>Divorced/Dissolved</Description>
            <ErrID></ErrID>
            <RecID>12</RecID>
          </MaritalStatus>
          <EmploymentStatus>
            <Value>R</Value>
            <Description>Retired</Description>
            <ErrID></ErrID>
            <RecID>13</RecID>
          </EmploymentStatus>
          <PrimaryOccupation>
            <OccupationCode>
              <Value>R09</Value>
              <Description>Retired</Description>
              <RecID>1722</RecID>
            </OccupationCode>
            <BusinessCode>
              <Value>186</Value>
              <Description>Not In Employment</Description>
              <RecID>1121</RecID>
            </BusinessCode>
          </PrimaryOccupation>
          <Licence>
            <TypeOfLicence>
              <Value>F</Value>
              <Description>Full UK Car Licence</Description>
              <ErrID></ErrID>
              <RecID>6</RecID>
            </TypeOfLicence>
            <LicenceHeldYears>
              <Value>5</Value>
              <Description>5 Years</Description>
              <RecID>42</RecID>
            </LicenceHeldYears>
            <DateLicenceObtained>
              <Value i:nil="true"></Value>
            </DateLicenceObtained>
            <DrivingQualifications>
              <Value>DQN</Value>
              <Description>No</Description>
              <RecID>1</RecID>
            </DrivingQualifications>
            <DrivingQualificationsDate>
              <Value i:nil="true"></Value>
            </DrivingQualificationsDate>
          </Licence>
          <Resident>
            <ResidentSince>
              <Value i:nil="true"></Value>
            </ResidentSince>
            <UkResidentSinceDOB>
              <Value>true</Value>
            </UkResidentSinceDOB>
          </Resident>
          <UseOtherVehicles>
            <Value>UVE</Value>
            <Description>Have use of another car</Description>
            <RecID>3</RecID>
          </UseOtherVehicles>
          <RelationshipToProposer>
            <Value>M</Value>
            <Description>Parent</Description>
            <ErrID></ErrID>
            <RecID>15</RecID>
          </RelationshipToProposer>
          <AddressAsProposer>
            <Value>false</Value>
          </AddressAsProposer>
          <HomeOwner>
            <Value>false</Value>
          </HomeOwner>
          <PassPlus>
            <Value>false</Value>
          </PassPlus>
          <HaveMotorClaim>
            <Value>true</Value>
          </HaveMotorClaim>
          <MotorClaims>
            <MotorClaim>
              <ID>1</ID>
              <IncidentDate>
                <Value>2012-02-01T00:00:00</Value>
              </IncidentDate>
              <IncidentType>
                <Value>4</Value>
                <Description>Riot Damage</Description>
                <ErrID></ErrID>
                <RecID>4</RecID>
              </IncidentType>
              <Damage>
                <Value>3</Value>
                <Description>Unknown</Description>
                <ErrID></ErrID>
                <RecID>7</RecID>
              </Damage>
              <IncidentValue>
                <Value>0.00</Value>
              </IncidentValue>
              <ClaimMade>
                <Value>true</Value>
              </ClaimMade>
              <IncidentDriver>
                <Value>-90</Value>
              </IncidentDriver>
              <Injuries>
                <Value>false</Value>
              </Injuries>
              <InsuredVehicleClaimAmount>
                <Value>0.00</Value>
              </InsuredVehicleClaimAmount>
              <ThirdPartyClaimAmount>
                <Value>0.00</Value>
              </ThirdPartyClaimAmount>
              <NCDAffected>
                <Value>false</Value>
              </NCDAffected>
            </MotorClaim>
          </MotorClaims>
          <HaveMotorConviction>
            <Value>false</Value>
          </HaveMotorConviction>
          <MotorInsuranceCancelled>
            <Value>false</Value>
          </MotorInsuranceCancelled>
          <HaveNonMotorConviction>
            <Value>false</Value>
          </HaveNonMotorConviction>
          <Ghost>false</Ghost>
          <DVLAMedicalCondition>
            <Value>DVU</Value>
            <Description>DVLA unaware</Description>
            <RecID>6</RecID>
          </DVLAMedicalCondition>
          <PassedCBT>
            <Value i:nil="true"></Value>
          </PassedCBT>
          <LargestCCBike>
            <Value>0</Value>
          </LargestCCBike>
        </Person>
        <Person>
          <ID>3</ID>
          <Title>
            <Value>MRS</Value>
            <Description>Mrs</Description>
            <ErrID></ErrID>
            <RecID>2</RecID>
          </Title>
          <FirstName>
            <Value>Test</Value>
          </FirstName>
          <Surname>
            <Value>AddTwo</Value>
          </Surname>
          <DOB>
            <Value>1967-04-11T00:00:00</Value>
          </DOB>
          <Gender>
            <Value>F</Value>
            <Description></Description>
            <RecID>0</RecID>
          </Gender>
          <ContactDetails>
            <PhoneNumbers></PhoneNumbers>
            <EmailAdr>
              <Value i:nil="true"></Value>
            </EmailAdr>
            <NoEmail>
              <Value>false</Value>
            </NoEmail>
          </ContactDetails>
          <MaritalStatus>
            <Value>S</Value>
            <Description>Single</Description>
            <ErrID></ErrID>
            <RecID>10</RecID>
          </MaritalStatus>
          <EmploymentStatus>
            <Value>E</Value>
            <Description>Employed</Description>
            <ErrID></ErrID>
            <RecID>8</RecID>
          </EmploymentStatus>
          <PrimaryOccupation>
            <OccupationCode>
              <Value>032</Value>
              <Description>Bank Clerk</Description>
              <RecID>1622</RecID>
            </OccupationCode>
            <BusinessCode>
              <Value>015</Value>
              <Description>Banking</Description>
              <RecID>953</RecID>
            </BusinessCode>
          </PrimaryOccupation>
          <Licence>
            <TypeOfLicence>
              <Value>F</Value>
              <Description>Full UK Car Licence</Description>
              <ErrID></ErrID>
              <RecID>6</RecID>
            </TypeOfLicence>
            <LicenceHeldYears>
              <Value>6</Value>
              <Description>6 Years</Description>
              <RecID>32</RecID>
            </LicenceHeldYears>
            <DateLicenceObtained>
              <Value i:nil="true"></Value>
            </DateLicenceObtained>
            <DrivingQualifications>
              <Value>DQN</Value>
              <Description>No</Description>
              <RecID>1</RecID>
            </DrivingQualifications>
            <DrivingQualificationsDate>
              <Value i:nil="true"></Value>
            </DrivingQualificationsDate>
          </Licence>
          <Resident>
            <ResidentSince>
              <Value i:nil="true"></Value>
            </ResidentSince>
            <UkResidentSinceDOB>
              <Value>true</Value>
            </UkResidentSinceDOB>
          </Resident>
          <UseOtherVehicles>
            <Value>1VE</Value>
            <Description>Own another car or van</Description>
            <RecID>2</RecID>
          </UseOtherVehicles>
          <RelationshipToProposer>
            <Value>U</Value>
            <Description>Other</Description>
            <ErrID></ErrID>
            <RecID>20</RecID>
          </RelationshipToProposer>
          <AddressAsProposer>
            <Value>false</Value>
          </AddressAsProposer>
          <HomeOwner>
            <Value>false</Value>
          </HomeOwner>
          <PassPlus>
            <Value>false</Value>
          </PassPlus>
          <HaveMotorClaim>
            <Value>true</Value>
          </HaveMotorClaim>
          <MotorClaims>
            <MotorClaim>
              <ID>1</ID>
              <IncidentDate>
                <Value>2012-05-01T00:00:00</Value>
              </IncidentDate>
              <IncidentType>
                <Value>A</Value>
                <Description>Accident</Description>
                <ErrID></ErrID>
                <RecID>8</RecID>
              </IncidentType>
              <Damage>
                <Value>3</Value>
                <Description>Unknown</Description>
                <ErrID></ErrID>
                <RecID>7</RecID>
              </Damage>
              <IncidentValue>
                <Value>0.00</Value>
              </IncidentValue>
              <ClaimMade>
                <Value>true</Value>
              </ClaimMade>
              <IncidentDriver>
                <Value>3</Value>
              </IncidentDriver>
              <Fault>
                <Value>S</Value>
                <Description>Unoccupied Vehicle</Description>
                <ErrID></ErrID>
                <RecID>1</RecID>
              </Fault>
              <Injuries>
                <Value>false</Value>
              </Injuries>
              <InsuredVehicleClaimAmount>
                <Value>0.00</Value>
              </InsuredVehicleClaimAmount>
              <ThirdPartyClaimAmount>
                <Value>0.00</Value>
              </ThirdPartyClaimAmount>
              <NCDAffected>
                <Value>false</Value>
              </NCDAffected>
            </MotorClaim>
          </MotorClaims>
          <HaveMotorConviction>
            <Value>true</Value>
          </HaveMotorConviction>
          <MotorConvictions>
            <MotorConviction>
              <ID>1</ID>
              <ConvictionDate>
                <Value>2009-10-01T00:00:00</Value>
              </ConvictionDate>
              <ConvictionCode>
                <Value>CU80</Value>
                <Description>CU80 Use Mobile Phone</Description>
                <ErrID></ErrID>
                <RecID>419</RecID>
              </ConvictionCode>
              <Points>
                <Value>5</Value>
              </Points>
              <Ban>
                <Value>0</Value>
              </Ban>
              <Fine>
                <Value>0</Value>
              </Fine>
              <RelatedAccident>
                <Value>false</Value>
              </RelatedAccident>
            </MotorConviction>
          </MotorConvictions>
          <MotorInsuranceCancelled>
            <Value>false</Value>
          </MotorInsuranceCancelled>
          <HaveNonMotorConviction>
            <Value>false</Value>
          </HaveNonMotorConviction>
          <Ghost>false</Ghost>
          <DVLAMedicalCondition>
            <Value>DVN</Value>
            <Description>No</Description>
            <RecID>1</RecID>
          </DVLAMedicalCondition>
          <PassedCBT>
            <Value i:nil="true"></Value>
          </PassedCBT>
          <LargestCCBike>
            <Value>0</Value>
          </LargestCCBike>
        </Person>
        <Person>
          <ID>4</ID>
          <Title>
            <Value>MR</Value>
            <Description>Mr</Description>
            <ErrID></ErrID>
            <RecID>1</RecID>
          </Title>
          <FirstName>
            <Value>test</Value>
          </FirstName>
          <Surname>
            <Value>addthree</Value>
          </Surname>
          <DOB>
            <Value>1962-09-05T00:00:00</Value>
          </DOB>
          <Gender>
            <Value>M</Value>
            <Description></Description>
            <RecID>0</RecID>
          </Gender>
          <ContactDetails>
            <PhoneNumbers></PhoneNumbers>
            <EmailAdr>
              <Value i:nil="true"></Value>
            </EmailAdr>
            <NoEmail>
              <Value>false</Value>
            </NoEmail>
          </ContactDetails>
          <MaritalStatus>
            <Value>M</Value>
            <Description>Married</Description>
            <ErrID></ErrID>
            <RecID>8</RecID>
          </MaritalStatus>
          <EmploymentStatus>
            <Value>E</Value>
            <Description>Employed</Description>
            <ErrID></ErrID>
            <RecID>8</RecID>
          </EmploymentStatus>
          <PrimaryOccupation>
            <OccupationCode>
              <Value>T03</Value>
              <Description>Teacher</Description>
              <RecID>699</RecID>
            </OccupationCode>
            <BusinessCode>
              <Value>632</Value>
              <Description>School</Description>
              <RecID>1567</RecID>
            </BusinessCode>
          </PrimaryOccupation>
          <Licence>
            <TypeOfLicence>
              <Value>F</Value>
              <Description>Full UK Car Licence</Description>
              <ErrID></ErrID>
              <RecID>6</RecID>
            </TypeOfLicence>
            <LicenceHeldYears>
              <Value>14</Value>
              <Description>14 Years</Description>
              <RecID>40</RecID>
            </LicenceHeldYears>
            <DateLicenceObtained>
              <Value i:nil="true"></Value>
            </DateLicenceObtained>
            <DrivingQualifications>
              <Value>DQN</Value>
              <Description>No</Description>
              <RecID>1</RecID>
            </DrivingQualifications>
            <DrivingQualificationsDate>
              <Value i:nil="true"></Value>
            </DrivingQualificationsDate>
          </Licence>
          <Resident>
            <ResidentSince>
              <Value i:nil="true"></Value>
            </ResidentSince>
            <UkResidentSinceDOB>
              <Value>true</Value>
            </UkResidentSinceDOB>
          </Resident>
          <UseOtherVehicles>
            <Value>1VE</Value>
            <Description>Own another car or van</Description>
            <RecID>2</RecID>
          </UseOtherVehicles>
          <RelationshipToProposer>
            <Value>S</Value>
            <Description>Spouse</Description>
            <ErrID></ErrID>
            <RecID>11</RecID>
          </RelationshipToProposer>
          <AddressAsProposer>
            <Value>false</Value>
          </AddressAsProposer>
          <HomeOwner>
            <Value>false</Value>
          </HomeOwner>
          <PassPlus>
            <Value>false</Value>
          </PassPlus>
          <HaveMotorClaim>
            <Value>false</Value>
          </HaveMotorClaim>
          <HaveMotorConviction>
            <Value>false</Value>
          </HaveMotorConviction>
          <MotorInsuranceCancelled>
            <Value>false</Value>
          </MotorInsuranceCancelled>
          <HaveNonMotorConviction>
            <Value>false</Value>
          </HaveNonMotorConviction>
          <Ghost>false</Ghost>
          <DVLAMedicalCondition>
            <Value>DVN</Value>
            <Description>No</Description>
            <RecID>1</RecID>
          </DVLAMedicalCondition>
          <PassedCBT>
            <Value i:nil="true"></Value>
          </PassedCBT>
          <LargestCCBike>
            <Value>0</Value>
          </LargestCCBike>
        </Person>
      </Persons>
      <Addresses>
        <Address>
          <ID>1</ID>
          <AddressLine1>
            <Value>Pippins</Value>
          </AddressLine1>
          <AddressLine2>
            <Value>Holywell</Value>
          </AddressLine2>
          <AddressLine3>
            <Value>St. Ives</Value>
          </AddressLine3>
          <AddressLine4>
            <Value i:nil="true"></Value>
          </AddressLine4>
          <AddressLine5>
            <Value i:nil="true"></Value>
          </AddressLine5>
          <PostCode>
            <Value>PE27 4TQ</Value>
          </PostCode>
          <DPSCode>
            <Value>2L</Value>
          </DPSCode>
          <LocationIDFK>
            <Value>157</Value>
          </LocationIDFK>
          <LocationDetails>
            <LocationID>157</LocationID>
            <Name>
              <Value></Value>
            </Name>
            <OrganisationName>
              <Value></Value>
            </OrganisationName>
            <Department>
              <Value></Value>
            </Department>
            <SubBuilding>
              <Value></Value>
            </SubBuilding>
            <Building>
              <Value>Pippins</Value>
            </Building>
            <Number>
              <Value></Value>
            </Number>
            <DependentThoroughfare>
              <Value>Holywell</Value>
            </DependentThoroughfare>
            <Thoroughfare>
              <Value></Value>
            </Thoroughfare>
            <DoubleDependentLocality>
              <Value></Value>
            </DoubleDependentLocality>
            <DependentLocality>
              <Value>Holywell</Value>
            </DependentLocality>
            <Town>
              <Value>St. Ives</Value>
            </Town>
            <PostalCounty>
              <Value>Cambridgeshire</Value>
            </PostalCounty>
            <AbbreviatedPostalCounty>
              <Value>Cambs</Value>
            </AbbreviatedPostalCounty>
            <OptionalCounty>
              <Value>Cambridgeshire</Value>
            </OptionalCounty>
            <AbbreviatedOptionalCounty>
              <Value>Cambs</Value>
            </AbbreviatedOptionalCounty>
            <TraditionalCounty>
              <Value>Huntingdonshire</Value>
            </TraditionalCounty>
            <AdministrativeCounty>
              <Value>Cambridgeshire</Value>
            </AdministrativeCounty>
            <Postcode>
              <Value>PE27 4TQ</Value>
            </Postcode>
            <DPS>
              <Value>2L</Value>
            </DPS>
            <PostcodeFrom>
              <Value></Value>
            </PostcodeFrom>
            <PostcodeType>
              <Value>S</Value>
            </PostcodeType>
            <MailsortCode>
              <Value>15473</Value>
            </MailsortCode>
            <AddressType>
              <Value>5</Value>
            </AddressType>
            <AddressTypeDescription>
              <Value>Non-Standard Address Format</Value>
            </AddressTypeDescription>
            <Country>
              <Value>United Kingdom</Value>
            </Country>
            <CountryISO>
              <Value>GBR</Value>
            </CountryISO>
            <GridE>
              <Value>533878</Value>
            </GridE>
            <GridN>
              <Value>270828</Value>
            </GridN>
            <Latitude>
              <Value>52.3193</Value>
            </Latitude>
            <Longitude>
              <Value>-0.0372</Value>
            </Longitude>
          </LocationDetails>
        </Address>
      </Addresses>
      <Products>
        <CommercialVehicleRisk>
          <Version>4.000</Version>
          <ID>0</ID>
          <Cover>
            <CommencementDate>
              <Value>2013-04-26T00:00:00</Value>
            </CommencementDate>
            <CoverType>
              <Value>01</Value>
              <Description>Comprehensive</Description>
              <ErrID></ErrID>
              <RecID>1</RecID>
            </CoverType>
            <ClassOfUse>
              <Value>21NY</Value>
              <Description>Carriage Of Own Goods, Not For Hire Or Reward</Description>
              <ErrID></ErrID>
              <RecID>6</RecID>
            </ClassOfUse>
            <TotalExcess>
              <Value>400</Value>
            </TotalExcess>
            <Ncd>
              <NcdYears>
                <Value>5</Value>
                <Description>5 Years</Description>
                <ErrID></ErrID>
                <RecID>37</RecID>
              </NcdYears>
              <NcdSource>
                <Value>1</Value>
                <Description>With this vehicle or a previous vehicle</Description>
                <ErrID></ErrID>
                <RecID>5</RecID>
              </NcdSource>
              <NcdProtected>
                <Value>false</Value>
              </NcdProtected>
              <ProtectedNcdOtherVehicle>
                <Value i:nil="true"></Value>
              </ProtectedNcdOtherVehicle>
            </Ncd>
            <LegalProtection>
              <Value>false</Value>
            </LegalProtection>
            <VehicleBreakdown>
              <Value>false</Value>
            </VehicleBreakdown>
            <PaymentProtection>
              <Value>false</Value>
            </PaymentProtection>
            <Drivers>
              <Driver>
                <id>1</id>
                <DriverType>2</DriverType>
              </Driver>
              <Driver>
                <id>2</id>
                <DriverType>2</DriverType>
              </Driver>
              <Driver>
                <id>3</id>
                <DriverType>1</DriverType>
              </Driver>
              <Driver>
                <id>4</id>
                <DriverType>2</DriverType>
              </Driver>
            </Drivers>
            <InsurancePaymentMethod>
              <Value>M</Value>
              <Description>Monthly</Description>
              <RecID>1</RecID>
            </InsurancePaymentMethod>
            <PillionPassenger>
              <Value i:nil="true"></Value>
            </PillionPassenger>
            <PreviousQuote>
              <Value i:nil="true"></Value>
            </PreviousQuote>
            <DangerousGoods>
              <Value>false</Value>
            </DangerousGoods>
            <EstablishedYears>
              <Value>11</Value>
            </EstablishedYears>
            <PublicLiabilityPolicy>
              <Value>true</Value>
            </PublicLiabilityPolicy>
            <CompanyType>
              <Value>CTP</Value>
              <Description>Partnership</Description>
              <RecID>3</RecID>
            </CompanyType>
            <TradeOrganisation>
              <Value>TOMB</Value>
              <Description>Federation of master builders</Description>
              <RecID>3</RecID>
            </TradeOrganisation>
          </Cover>
          <Vehicle>
            <ID>0</ID>
            <AdditionalDetails>
              <ABICode>90302541</ABICode>
              <Make>Ford</Make>
              <Model>T220</Model>
              <Doors i:nil="true"></Doors>
              <Seats>5</Seats>
              <EngineSize>1753</EngineSize>
              <Body>
                <Desc>SALOON</Desc>
                <Code>NA</Code>
              </Body>
              <LCBody>
                <Desc>VAN</Desc>
                <Code>NA</Code>
              </LCBody>
              <Fuel>
                <Desc>Diesel</Desc>
                <Code>NA</Code>
              </Fuel>
              <Transmission>
                <Desc>Manual</Desc>
                <Code>NA</Code>
              </Transmission>
              <Weight>2230</Weight>
            </AdditionalDetails>
            <VehicleCode>
              <Value>90302541</Value>
            </VehicleCode>
            <Description>
              <Value>2003 Ford T220 Connect Tdi (75) Swb, 1753CC Diesel, Manual, Van</Value>
            </Description>
            <RegYear>
              <Value>2003</Value>
              <Description>2003 (52, 03, 53)</Description>
              <ErrID></ErrID>
              <RecID>186</RecID>
            </RegYear>
            <RegLetter>
              <Value>53</Value>
              <Description>2003 (52, 03, 53)</Description>
              <ErrID></ErrID>
              <RecID>186</RecID>
            </RegLetter>
            <RegNumber>
              <Value>EY53ALO</Value>
            </RegNumber>
            <Seats>
              <Value>5</Value>
              <Description></Description>
              <ErrID></ErrID>
              <RecID>5</RecID>
            </Seats>
            <LHD>
              <Value>false</Value>
            </LHD>
            <SecurityCode>
              <Value>99992</Value>
              <Description>Factory Fitted Thatcham Approved Alarm</Description>
              <ErrID></ErrID>
              <RecID>1351</RecID>
            </SecurityCode>
            <Tracker>
              <Value>false</Value>
            </Tracker>
            <VehiclePurchased>
              <Value>true</Value>
            </VehiclePurchased>
            <PurchaseDate>
              <Value>2009-06-01T00:00:00</Value>
            </PurchaseDate>
            <OvernightParking>
              <Value>7</Value>
              <Description>Locked compound</Description>
              <ErrID></ErrID>
              <RecID>12</RecID>
            </OvernightParking>
            <WhereKeptAddress>
              <Value>1</Value>
            </WhereKeptAddress>
            <AnnualMileage>
              <Value>9001</Value>
            </AnnualMileage>
            <BusinessMileage>
              <Value>99999</Value>
            </BusinessMileage>
            <RegisteredKeeper>
              <OwnerKeeperType>
                <Value>P</Value>
                <Description>Person</Description>
                <ErrID></ErrID>
                <RecID>5</RecID>
              </OwnerKeeperType>
              <OwnerKeeperID>
                <Value>1</Value>
              </OwnerKeeperID>
              <OwnerKeeperName>
                <Value>Dr Test Ankur</Value>
              </OwnerKeeperName>
            </RegisteredKeeper>
            <LegalOwner>
              <OwnerKeeperType>
                <Value>P</Value>
                <Description>Person</Description>
                <ErrID></ErrID>
                <RecID>5</RecID>
              </OwnerKeeperType>
              <OwnerKeeperID>
                <Value>1</Value>
              </OwnerKeeperID>
              <OwnerKeeperName>
                <Value>Dr Test Ankur</Value>
              </OwnerKeeperName>
            </LegalOwner>
            <VehicleInsValue>
              <Value>3001</Value>
            </VehicleInsValue>
            <CustomerEstimatedValue>
              <Value>true</Value>
            </CustomerEstimatedValue>
            <VehicleInsGroup>
              <Value>3</Value>
            </VehicleInsGroup>
            <ValuationType>
              <Value i:nil="true"></Value>
            </ValuationType>
            <VehicleImported>
              <Value>false</Value>
            </VehicleImported>
            <BodyType>
              <Value>5</Value>
              <Description>Flat Bed</Description>
              <ErrID></ErrID>
              <RecID>26</RecID>
            </BodyType>
            <CarrySineage>
              <Value>CSB</Value>
              <Description>Back</Description>
              <RecID>3</RecID>
            </CarrySineage>
            <BadDriverHotline>
              <Value>true</Value>
            </BadDriverHotline>
            <GrossWeight>
              <Value>0.0</Value>
            </GrossWeight>
          </Vehicle>
        </CommercialVehicleRisk>
      </Products>
      <ModifiedFlags>
        <RiskHeader>false</RiskHeader>
        <Persons>false</Persons>
        <Addresses>false</Addresses>
        <ContactDetails>false</ContactDetails>
        <PrivateCar>false</PrivateCar>
        <PrivateCarCover>false</PrivateCarCover>
        <CommercialVehicle>false</CommercialVehicle>
        <CommercialVehicleCover>false</CommercialVehicleCover>
        <Claims>false</Claims>
        <Convictions>false</Convictions>
        <HomeCover>false</HomeCover>
        <PropertyDetails>false</PropertyDetails>
        <PropertyBuildingsCover>false</PropertyBuildingsCover>
        <PropertyContentsCover>false</PropertyContentsCover>
        <PropertyClaims>false</PropertyClaims>
        <PropertyLocks>false</PropertyLocks>
        <PropertyAdditionalDetails>false</PropertyAdditionalDetails>
        <LifeCover>false</LifeCover>
        <Bike>false</Bike>
        <BikeCover>false</BikeCover>
        <PetDetails>false</PetDetails>
        <PetMoreDetails>false</PetMoreDetails>
        <PetCover>false</PetCover>
        <PetDogSpecific>false</PetDogSpecific>
        <Vehicle>false</Vehicle>
        <VehicleDetails>false</VehicleDetails>
        <VehicleUsage>false</VehicleUsage>
        <VehicleOwnership>false</VehicleOwnership>
        <PolicyDetails>false</PolicyDetails>
        <DrivingHistory>false</DrivingHistory>
      </ModifiedFlags>
    </RiskMaster>
  </Lead>
</QuoteRequest>