<VanQuoteReplyV1 xmlns="http://tempuri.org/VanQuoteReplyV1.xsd">
  <VanQuoteReply>
    <ProviderName>AXA-Direct</ProviderName>
    <ProductName>Van</ProductName>
    <CalculationStatus>-1</CalculationStatus>
    <ErrorDescription>BusinessRules returned error: BR17VehicleMileage(59017), BR19UsageNotSpecified(59019), BR21DeclinedBusinessType(59021), BR25Driver2Decline(59025), BR28PolicyHolderDecline(59028), BR32UsageOwnGoodsBusiness(59032), BR35ClaimsAndConvictionsNumber(59035)</ErrorDescription>
    <ProcessingTime>109</ProcessingTime>
  </VanQuoteReply>
</VanQuoteReplyV1>