﻿<?xml version="1.0" encoding="utf-8"?>
<QuoteResult xmlns="http://BGL.CompareTheMarket.Services.DistributorService.DataContracts" xmlns:soap="http://schemas.xmlsoap.org/soap/envelope/" xmlns:xsi="http://www.w3.org/2001/XMLSchema-instance" xmlns:xsd="http://www.w3.org/2001/XMLSchema" xmlns:axa="http://tempuri.org/VanQuoteReplyV1.xsd">
  <Header>
    <ResultStatus>ERROR</ResultStatus>
    <PartnerRef>ACD0D520E9524395BBDAB8E7048C6C62,0,2</PartnerRef>
  </Header>
  <Quotes>
    <Quote>
      <Broker>AXA3</Broker>
      <InsurerName>AxaVan</InsurerName>
      <Premium>
        <AnnualPremium>0</AnnualPremium>
      </Premium>
    </Quote>
  </Quotes>
  <Messages>
    <Logs>
      <Log>
        <Code>ReqRecvd</Code>
        <LogDateTime>2013-04-19T14:10:37.70958</LogDateTime>
      </Log>
      <Log>
        <Code>ReqQueued</Code>
        <LogDateTime>2013-04-19T14:10:37.72518</LogDateTime>
      </Log>
      <Log>
        <Code>OutProcStart</Code>
        <LogDateTime>2013-04-19T14:10:37.97478</LogDateTime>
      </Log>
      <Log>
        <Code>ProviderStart</Code>
        <LogDateTime>2013-04-19T14:10:38.03718</LogDateTime>
      </Log>
      <Log>
        <Code>ProviderEnd</Code>
        <LogDateTime>2013-04-19T14:10:38.39598</LogDateTime>
      </Log>
      <Log>
        <Code>InProcStart</Code>
        <LogDateTime>2013-04-19T14:10:38.39598</LogDateTime>
      </Log>
    </Logs>
  </Messages>
</QuoteResult>