﻿<?xml version="1.0" encoding="utf-8"?>
<QuoteResults xmlns="http://BGL.CompareTheMarket.Services.DistributorService.DataContracts">
  <QuoteResult>
    <Header>
      <ResultStatus>COMPLETE</ResultStatus>
      <PartnerRef>9C6E59A229CB4697A20AD8A7B25A9EF2,0,6</PartnerRef>
    </Header>
    <Quotes>
      <Quote>
        <Broker>MPE1</Broker>
        <InsurerName>Accident Only</InsurerName>
        <LinkDetails>
          <Reference>AAAA0000254531</Reference>
          <RetrievalLink>https://pltestweb.rsagroup.co.uk/MAINT/TEST/morethan-pet/quoteAndBuy.do?qn=AAAA0000254531&amp;pc=NG34+0GA&amp;checksum=3705c7511528941a7218f3956ac024e1e68db911&amp;tier=Accident Only</RetrievalLink>
        </LinkDetails>
        <Premium>
          <AnnualPremium>60.23</AnnualPremium>
          <InstalmentDetails>
            <Deposit>0</Deposit>
            <NumberOfPayments>12</NumberOfPayments>
            <MonthlyPremium>5.02</MonthlyPremium>
          </InstalmentDetails>
        </Premium>
        <OtherProducts>
          <Features>
            <Feature>
              <Code>VFX</Code>
              <Description>£{0:##.00}</Description>
              <Status>T</Status>
              <ProductCost>75.0</ProductCost>
              <Definition />
            </Feature>
            <Feature>
              <Code>DTI</Code>
              <Description>£{0:####.00}</Description>
              <Status>T</Status>
              <ProductCost />
              <Definition />
            </Feature>
          </Features>
        </OtherProducts>
      </Quote>
    </Quotes>
    <Messages>
      <Logs>
        <Log>
          <Code>ReqRecvd</Code>
          <LogDateTime>2013-06-19T13:39:43.10938</LogDateTime>
        </Log>
        <Log>
          <Code>ReqQueued</Code>
          <LogDateTime>2013-06-19T13:39:43.12498</LogDateTime>
        </Log>
        <Log>
          <Code>OutProcStart</Code>
          <LogDateTime>2013-06-19T13:39:43.43698</LogDateTime>
        </Log>
        <Log>
          <Code>ProviderStart</Code>
          <LogDateTime>2013-06-19T13:39:43.56178</LogDateTime>
        </Log>
        <Log>
          <Code>ProviderEnd</Code>
          <LogDateTime>2013-06-19T13:40:23.91905</LogDateTime>
        </Log>
        <Log>
          <Code>InProcStart</Code>
          <LogDateTime>2013-06-19T13:40:23.91905</LogDateTime>
        </Log>
      </Logs>
    </Messages>
  </QuoteResult>
  <QuoteResult>
    <Header>
      <ResultStatus>COMPLETE</ResultStatus>
      <PartnerRef>9C6E59A229CB4697A20AD8A7B25A9EF2,0,6</PartnerRef>
    </Header>
    <Quotes>
      <Quote>
        <Broker>MPE2</Broker>
        <InsurerName>Basic 1,500</InsurerName>
        <LinkDetails>
          <Reference>AAAA0000254531</Reference>
          <RetrievalLink>https://pltestweb.rsagroup.co.uk/MAINT/TEST/morethan-pet/quoteAndBuy.do?qn=AAAA0000254531&amp;pc=NG34+0GA&amp;checksum=3705c7511528941a7218f3956ac024e1e68db911&amp;tier=Basic 1,500</RetrievalLink>
        </LinkDetails>
        <Premium>
          <AnnualPremium>68.74</AnnualPremium>
          <InstalmentDetails>
            <Deposit>0</Deposit>
            <NumberOfPayments>12</NumberOfPayments>
            <MonthlyPremium>5.73</MonthlyPremium>
          </InstalmentDetails>
        </Premium>
        <OtherProducts>
          <Features>
            <Feature>
              <Code>VFX</Code>
              <Description>£{0:##.00}</Description>
              <Status>T</Status>
              <ProductCost>75.0</ProductCost>
              <Definition />
            </Feature>
            <Feature>
              <Code>DTI</Code>
              <Description>£{0:####.00}</Description>
              <Status>T</Status>
              <ProductCost>500</ProductCost>
              <Definition />
            </Feature>
          </Features>
        </OtherProducts>
      </Quote>
    </Quotes>
    <Messages>
      <Logs>
        <Log>
          <Code>ReqRecvd</Code>
          <LogDateTime>2013-06-19T13:39:43.10938</LogDateTime>
        </Log>
        <Log>
          <Code>ReqQueued</Code>
          <LogDateTime>2013-06-19T13:39:43.12498</LogDateTime>
        </Log>
        <Log>
          <Code>OutProcStart</Code>
          <LogDateTime>2013-06-19T13:39:43.43698</LogDateTime>
        </Log>
        <Log>
          <Code>ProviderStart</Code>
          <LogDateTime>2013-06-19T13:39:43.56178</LogDateTime>
        </Log>
        <Log>
          <Code>ProviderEnd</Code>
          <LogDateTime>2013-06-19T13:40:23.91905</LogDateTime>
        </Log>
        <Log>
          <Code>InProcStart</Code>
          <LogDateTime>2013-06-19T13:40:23.91905</LogDateTime>
        </Log>
      </Logs>
    </Messages>
  </QuoteResult>
  <QuoteResult>
    <Header>
      <ResultStatus>COMPLETE</ResultStatus>
      <PartnerRef>9C6E59A229CB4697A20AD8A7B25A9EF2,0,6</PartnerRef>
    </Header>
    <Quotes>
      <Quote>
        <Broker>MPE3</Broker>
        <InsurerName>Basic 3,000</InsurerName>
        <LinkDetails>
          <Reference>AAAA0000254531</Reference>
          <RetrievalLink>https://pltestweb.rsagroup.co.uk/MAINT/TEST/morethan-pet/quoteAndBuy.do?qn=AAAA0000254531&amp;pc=NG34+0GA&amp;checksum=3705c7511528941a7218f3956ac024e1e68db911&amp;tier=Basic 3,000</RetrievalLink>
        </LinkDetails>
        <Premium>
          <AnnualPremium>73.06</AnnualPremium>
          <InstalmentDetails>
            <Deposit>0</Deposit>
            <NumberOfPayments>12</NumberOfPayments>
            <MonthlyPremium>6.09</MonthlyPremium>
          </InstalmentDetails>
        </Premium>
        <OtherProducts>
          <Features>
            <Feature>
              <Code>VFX</Code>
              <Description>£{0:##.00}</Description>
              <Status>T</Status>
              <ProductCost>75.0</ProductCost>
              <Definition />
            </Feature>
            <Feature>
              <Code>DTI</Code>
              <Description>£{0:####.00}</Description>
              <Status>T</Status>
              <ProductCost>500</ProductCost>
              <Definition />
            </Feature>
          </Features>
        </OtherProducts>
      </Quote>
    </Quotes>
    <Messages>
      <Logs>
        <Log>
          <Code>ReqRecvd</Code>
          <LogDateTime>2013-06-19T13:39:43.10938</LogDateTime>
        </Log>
        <Log>
          <Code>ReqQueued</Code>
          <LogDateTime>2013-06-19T13:39:43.12498</LogDateTime>
        </Log>
        <Log>
          <Code>OutProcStart</Code>
          <LogDateTime>2013-06-19T13:39:43.43698</LogDateTime>
        </Log>
        <Log>
          <Code>ProviderStart</Code>
          <LogDateTime>2013-06-19T13:39:43.56178</LogDateTime>
        </Log>
        <Log>
          <Code>ProviderEnd</Code>
          <LogDateTime>2013-06-19T13:40:23.91905</LogDateTime>
        </Log>
        <Log>
          <Code>InProcStart</Code>
          <LogDateTime>2013-06-19T13:40:23.91905</LogDateTime>
        </Log>
      </Logs>
    </Messages>
  </QuoteResult>
  <QuoteResult>
    <Header>
      <ResultStatus>COMPLETE</ResultStatus>
      <PartnerRef>9C6E59A229CB4697A20AD8A7B25A9EF2,0,6</PartnerRef>
    </Header>
    <Quotes>
      <Quote>
        <Broker>MPE4</Broker>
        <InsurerName>Classic 4,000</InsurerName>
        <LinkDetails>
          <Reference>AAAA0000254531</Reference>
          <RetrievalLink>https://pltestweb.rsagroup.co.uk/MAINT/TEST/morethan-pet/quoteAndBuy.do?qn=AAAA0000254531&amp;pc=NG34+0GA&amp;checksum=3705c7511528941a7218f3956ac024e1e68db911&amp;tier=Classic 4,000</RetrievalLink>
        </LinkDetails>
        <Premium>
          <AnnualPremium>89.98</AnnualPremium>
          <InstalmentDetails>
            <Deposit>0</Deposit>
            <NumberOfPayments>12</NumberOfPayments>
            <MonthlyPremium>7.50</MonthlyPremium>
          </InstalmentDetails>
        </Premium>
        <OtherProducts>
          <Features>
            <Feature>
              <Code>VFX</Code>
              <Description>£{0:##.00}</Description>
              <Status>T</Status>
              <ProductCost>75.0</ProductCost>
              <Definition />
            </Feature>
            <Feature>
              <Code>DTI</Code>
              <Description>£{0:####.00}</Description>
              <Status>T</Status>
              <ProductCost>1000</ProductCost>
              <Definition />
            </Feature>
          </Features>
        </OtherProducts>
      </Quote>
    </Quotes>
    <Messages>
      <Logs>
        <Log>
          <Code>ReqRecvd</Code>
          <LogDateTime>2013-06-19T13:39:43.10938</LogDateTime>
        </Log>
        <Log>
          <Code>ReqQueued</Code>
          <LogDateTime>2013-06-19T13:39:43.12498</LogDateTime>
        </Log>
        <Log>
          <Code>OutProcStart</Code>
          <LogDateTime>2013-06-19T13:39:43.43698</LogDateTime>
        </Log>
        <Log>
          <Code>ProviderStart</Code>
          <LogDateTime>2013-06-19T13:39:43.56178</LogDateTime>
        </Log>
        <Log>
          <Code>ProviderEnd</Code>
          <LogDateTime>2013-06-19T13:40:23.91905</LogDateTime>
        </Log>
        <Log>
          <Code>InProcStart</Code>
          <LogDateTime>2013-06-19T13:40:23.91905</LogDateTime>
        </Log>
      </Logs>
    </Messages>
  </QuoteResult>
  <QuoteResult>
    <Header>
      <ResultStatus>COMPLETE</ResultStatus>
      <PartnerRef>9C6E59A229CB4697A20AD8A7B25A9EF2,0,6</PartnerRef>
    </Header>
    <Quotes>
      <Quote>
        <Broker>MPE5</Broker>
        <InsurerName>Classic 8,000</InsurerName>
        <LinkDetails>
          <Reference>AAAA0000254531</Reference>
          <RetrievalLink>https://pltestweb.rsagroup.co.uk/MAINT/TEST/morethan-pet/quoteAndBuy.do?qn=AAAA0000254531&amp;pc=NG34+0GA&amp;checksum=3705c7511528941a7218f3956ac024e1e68db911&amp;tier=Classic 8,000</RetrievalLink>
        </LinkDetails>
        <Premium>
          <AnnualPremium>95.73</AnnualPremium>
          <InstalmentDetails>
            <Deposit>0</Deposit>
            <NumberOfPayments>12</NumberOfPayments>
            <MonthlyPremium>7.98</MonthlyPremium>
          </InstalmentDetails>
        </Premium>
        <OtherProducts>
          <Features>
            <Feature>
              <Code>VFX</Code>
              <Description>£{0:##.00}</Description>
              <Status>T</Status>
              <ProductCost>75.0</ProductCost>
              <Definition />
            </Feature>
            <Feature>
              <Code>DTI</Code>
              <Description>£{0:####.00}</Description>
              <Status>T</Status>
              <ProductCost>1000</ProductCost>
              <Definition />
            </Feature>
          </Features>
        </OtherProducts>
      </Quote>
    </Quotes>
    <Messages>
      <Logs>
        <Log>
          <Code>ReqRecvd</Code>
          <LogDateTime>2013-06-19T13:39:43.10938</LogDateTime>
        </Log>
        <Log>
          <Code>ReqQueued</Code>
          <LogDateTime>2013-06-19T13:39:43.12498</LogDateTime>
        </Log>
        <Log>
          <Code>OutProcStart</Code>
          <LogDateTime>2013-06-19T13:39:43.43698</LogDateTime>
        </Log>
        <Log>
          <Code>ProviderStart</Code>
          <LogDateTime>2013-06-19T13:39:43.56178</LogDateTime>
        </Log>
        <Log>
          <Code>ProviderEnd</Code>
          <LogDateTime>2013-06-19T13:40:23.91905</LogDateTime>
        </Log>
        <Log>
          <Code>InProcStart</Code>
          <LogDateTime>2013-06-19T13:40:23.91905</LogDateTime>
        </Log>
      </Logs>
    </Messages>
  </QuoteResult>
  <QuoteResult>
    <Header>
      <ResultStatus>COMPLETE</ResultStatus>
      <PartnerRef>9C6E59A229CB4697A20AD8A7B25A9EF2,0,6</PartnerRef>
    </Header>
    <Quotes>
      <Quote>
        <Broker>MPE6</Broker>
        <InsurerName>Premier</InsurerName>
        <LinkDetails>
          <Reference>AAAA0000254531</Reference>
          <RetrievalLink>https://pltestweb.rsagroup.co.uk/MAINT/TEST/morethan-pet/quoteAndBuy.do?qn=AAAA0000254531&amp;pc=NG34+0GA&amp;checksum=3705c7511528941a7218f3956ac024e1e68db911&amp;tier=Premier</RetrievalLink>
        </LinkDetails>
        <Premium>
          <AnnualPremium>116.23</AnnualPremium>
          <InstalmentDetails>
            <Deposit>0</Deposit>
            <NumberOfPayments>12</NumberOfPayments>
            <MonthlyPremium>9.69</MonthlyPremium>
          </InstalmentDetails>
        </Premium>
        <OtherProducts>
          <Features>
            <Feature>
              <Code>VFX</Code>
              <Description>£{0:##.00}</Description>
              <Status>T</Status>
              <ProductCost>75.0</ProductCost>
              <Definition />
            </Feature>
            <Feature>
              <Code>DTI</Code>
              <Description>£{0:####.00}</Description>
              <Status>T</Status>
              <ProductCost>2000</ProductCost>
              <Definition />
            </Feature>
          </Features>
        </OtherProducts>
      </Quote>
    </Quotes>
    <Messages>
      <Logs>
        <Log>
          <Code>ReqRecvd</Code>
          <LogDateTime>2013-06-19T13:39:43.10938</LogDateTime>
        </Log>
        <Log>
          <Code>ReqQueued</Code>
          <LogDateTime>2013-06-19T13:39:43.12498</LogDateTime>
        </Log>
        <Log>
          <Code>OutProcStart</Code>
          <LogDateTime>2013-06-19T13:39:43.43698</LogDateTime>
        </Log>
        <Log>
          <Code>ProviderStart</Code>
          <LogDateTime>2013-06-19T13:39:43.56178</LogDateTime>
        </Log>
        <Log>
          <Code>ProviderEnd</Code>
          <LogDateTime>2013-06-19T13:40:23.91905</LogDateTime>
        </Log>
        <Log>
          <Code>InProcStart</Code>
          <LogDateTime>2013-06-19T13:40:23.91905</LogDateTime>
        </Log>
      </Logs>
    </Messages>
  </QuoteResult>
</QuoteResults>