﻿<?xml version="1.0" encoding="utf-8"?>
<soap:Envelope xmlns:soap="http://schemas.xmlsoap.org/soap/envelope/" xmlns:flux="http://www.transactorgsl.com/schemas">
  <soap:Body>
    <Quote xmlns="http://TGSL/TES_Aggregator">
      <lxmlTGSLXML>
        <tgsl xmlns="http://www.transactorgsl.com/schemas">
          <aggregator>CTM</aggregator>
          <domain>http://localhost:8080</domain>
          <partner>
            <partnerName>afg</partnerName>
            <broker>commercial</broker>
          </partner>
          <product>cv</product>
        </tgsl>
      </lxmlTGSLXML>
      <lstrRiskXML>
        <cvRisk xsi:schemaLocation="http://www.transactorgsl.com/schemas TGSLCVSchema.xsd" xmlns="http://www.transactorgsl.com/schemas" xmlns:xsi="http://www.w3.org/2001/XMLSchema-instance">
          <insuredParty instance="1">
            <accessToOtherVehicles>false</accessToOtherVehicles>
            <numberOfVehiclesAccessTo>0</numberOfVehiclesAccessTo>
            <client>true</client>
            <clubMember>false</clubMember>
            <dateLicenceObtained>1998-11-03T00:00:00</dateLicenceObtained>
            <dob>1961-03-17T00:00:00</dob>
            <criminalOffence>false</criminalOffence>
            <email>Murugan@emailreaction.org</email>
            <forename>Test</forename>
            <surname>Murugan</surname>
            <homeOwner>true</homeOwner>
            <insurancePreviouslyRefused>false</insurancePreviouslyRefused>
            <licenceTypeID>F</licenceTypeID>
            <licenceRestrictionsID>8</licenceRestrictionsID>
            <mainDriver>true</mainDriver>
            <maritalStatusID>M</maritalStatusID>
            <mothersMaidenName />
            <password />
            <relationshipID>P</relationshipID>
            <sex>Male</sex>
            <titleID>003</titleID>
            <ukResidenceYears>52</ukResidenceYears>
            <vehicleUseID>04</vehicleUseID>
            <yearsBusinessEstablished>0</yearsBusinessEstablished>
          </insuredParty>
          <correspondanceAddress instance="1">
            <city>Malvern</city>
            <country>United Kingdom</country>
            <county />
            <house />
            <locality />
            <postcode>WR14 1AZ</postcode>
            <street>2 Duke of Edinburgh Way</street>
          </correspondanceAddress>
          <occupation insuredPartyInstance="1" instance="1">
            <employersBusinessID>809</employersBusinessID>
            <employmentStatusID>E</employmentStatusID>
            <occupationID>H01</occupationID>
            <parttime>false</parttime>
            <primaryOccupation>true</primaryOccupation>
          </occupation>
          <telephone instance="1">
            <telephoneNumber>0173311111111</telephoneNumber>
            <telephoneTypeID>3AJPQ7C6</telephoneTypeID>
          </telephone>
          <qualification instance="1" insuredPartyInstance="1">
            <qualificationID>2</qualificationID>
            <datePassed>2010-01-31T00:00:00</datePassed>
          </qualification>
          <cover instance="1">
            <coverRequiredID>01</coverRequiredID>
            <coverStartDate>2013-11-03T00:00:00</coverStartDate>
            <previousInsurance>true</previousInsurance>
            <previousInsurancePolicyNumber>99999</previousInsurancePolicyNumber>
            <previousInsurerID>999</previousInsurerID>
            <yearsWithCurrentInsurer>1</yearsWithCurrentInsurer>
            <yearsNcdPriorToClaim>0</yearsNcdPriorToClaim>
            <voluntaryExcess>0</voluntaryExcess>
          </cover>
          <taxi instance="1" />
          <vehicle instance="1">
            <personalisedPlate>false</personalisedPlate>
            <abiCode>90309712</abiCode>
            <annualMileage>4999</annualMileage>
            <bodyTypeID>07</bodyTypeID>
            <countryOfFirstRegistrationID>GB</countryOfFirstRegistrationID>
            <currentMileage>0</currentMileage>
            <value>999</value>
            <businessMileage>0</businessMileage>
            <dateOfPurchase>2007-01-03T00:00:00</dateOfPurchase>
            <fuelTypeID>002</fuelTypeID>
            <gearboxTypeID>002</gearboxTypeID>
            <imported>false</imported>
            <increasedBHP>0</increasedBHP>
            <kitCar>false</kitCar>
            <leftHandDrive>false</leftHandDrive>
            <modifiedWhilstOwned>false</modifiedWhilstOwned>
            <numberOfSeats>2</numberOfSeats>
            <ownerID>1</ownerID>
            <keeperID>1</keeperID>
            <overnightParkingID>1</overnightParkingID>
            <pricePaid>999</pricePaid>
            <qPlated>false</qPlated>
            <qPlatedReasonID>0</qPlatedReasonID>
            <hazardousGoodsCarried>false</hazardousGoodsCarried>
            <vehicleCC>1248</vehicleCC>
            <vehicleMake>Vauxhall</vehicleMake>
            <vehicleMark>Van</vehicleMark>
            <vehicleModel>Combo</vehicleModel>
            <yearOfManufacture>2006</yearOfManufacture>
            <registrationNumber>SA06JOV</registrationNumber>
            <trailer>false</trailer>
            <carriesGoods>true</carriesGoods>
            <goodsCarriedID>057</goodsCarriedID>
            <grossVehicleWeight>1805</grossVehicleWeight>
            <carryingCapacity>0</carryingCapacity>
            <cctv>false</cctv>
            <interiorCamera>false</interiorCamera>
            <exteriorCameraID>0</exteriorCameraID>
            <hackneyCarriage>false</hackneyCarriage>
            <contractWork>false</contractWork>
            <contractDetails />
            <licensePlate />
            <taxiAreaID>0</taxiAreaID>
            <usedForTrackDays>false</usedForTrackDays>
            <badDriverHotline>false</badDriverHotline>
          </vehicle>
          <ncd instance="1">
            <ncdYears>14</ncdYears>
            <protectedNCD>false</protectedNCD>
          </ncd>
          <garageAddress instance="1">
            <city>Malvern</city>
            <country>United Kingdom</country>
            <county />
            <house />
            <locality />
            <postcode>WR14 1AZ</postcode>
            <street>2 Duke of Edinburgh Way</street>
          </garageAddress>
          <security instance="1">
            <securityID>#N</securityID>
            <fittedByID>#N</fittedByID>
            <dateFitted>2013-10-28T00:00:00</dateFitted>
          </security>
        </cvRisk>
      </lstrRiskXML>
    </Quote>
  </soap:Body>
</soap:Envelope>