<soap:Envelope xmlns:soap="http://schemas.xmlsoap.org/soap/envelope/" xmlns:xsi="http://www.w3.org/2001/XMLSchema-instance" xmlns:xsd="http://www.w3.org/2001/XMLSchema">
  <soap:Body>
    <QuoteResponse xmlns="http://TGSL/TES_Aggregator">
      <QuoteResult>
        <TGSLCVQuotationResponse xsi:schemaLocation="http://www.transactorgsl.com/schemas http://localhost:8080/TES_Aggregator/schemas/TGSL/TGSLCVSchemaResponse.xsd" xmlns:tes="http://www.wisl.co.uk/schemas" xmlns="http://www.transactorgsl.com/schemas" xmlns:tgsl="http://www.transactorgsl.com/schemas" xmlns:xsi="http://www.w3.org/2001/XMLSchema-instance">
          <Quotations>
            <Partner>afg</Partner>
            <partnerID>124</partnerID>
            <Status>
              <Status>QUOTE</Status>
              <StatusMessage></StatusMessage>
            </Status>
            <Quote>
              <Insurer>KGM</Insurer>
              <SchemeName>KGM - SDP Van GF02 EDI</SchemeName>
              <Brand>commercial</Brand>
              <brandID>9ECB0A023A8E4197AAB6FF95C3439370</brandID>
              <Status>
                <Status>QUOTE</Status>
                <StatusMessage></StatusMessage>
              </Status>
              <AnnualPremium>267.71</AnnualPremium>
              <MonthlyPremium>31.52</MonthlyPremium>
              <DepositAmount>43.91</DepositAmount>
              <firstInstallmentAmount>31.52</firstInstallmentAmount>
              <NumberOfInstallments>9</NumberOfInstallments>
              <InstallmentsAPR>34.83</InstallmentsAPR>
              <APRPercentage>37.70</APRPercentage>
              <TotalPremiumByInstallment>327.54</TotalPremiumByInstallment>
              <QuoteValidUntil>2013-10-28</QuoteValidUntil>
              <FurtherInformation>
                <RequestedVolExcess>0</RequestedVolExcess>
                <VoluntaryExcess>0</VoluntaryExcess>
                <CoverID>01</CoverID>
                <CoverDescription>Comprehensive</CoverDescription>
                <VehicleABI>90309712</VehicleABI>
                <protectedNCB>N</protectedNCB>
                <LegalCover>Y</LegalCover>
                <DrivingOtherVehicle>N</DrivingOtherVehicle>
                <BreakdownCover>No</BreakdownCover>
                <InceptionLimit>30</InceptionLimit>
                <GreenCardIncluded>N</GreenCardIncluded>
                <CompulsoryExcess>100</CompulsoryExcess>
              </FurtherInformation>
              <CompExcess>
                <Excess Instance="1"></Excess>
                <ExcessDescription>Accidental Damage Fire And Theft - Compulsory</ExcessDescription>
                <ExcessAmount>100.00</ExcessAmount>
                <Excess Instance="2"></Excess>
                <ExcessDescription>Windscreen Replacement Excess - Windscreen</ExcessDescription>
                <ExcessAmount>90.00</ExcessAmount>
              </CompExcess>
              <QuoteLink>
                <URL>https://quote.adrianflux.co.uk/indexbrandedquote.aspx?ur=WWWCV&amp;brand=afg&amp;mediasrc=CTM</URL>
                <Username>Murugan@emailreaction.org</Username>
                <Password></Password>
                <QuoteRef>124/1012972/P301/WEB</QuoteRef>
                <AdditionalData>
                  <data />
                  <description />
                </AdditionalData>
              </QuoteLink>
            </Quote>
          </Quotations>
        </TGSLCVQuotationResponse>
      </QuoteResult>
    </QuoteResponse>
  </soap:Body>
</soap:Envelope>