﻿<?xml version="1.0" encoding="utf-8"?><QuoteResult xmlns="http://BGL.CompareTheMarket.Services.DistributorService.DataContracts" xmlns:soap="http://schemas.xmlsoap.org/soap/envelope/" xmlns:xsi="http://www.w3.org/2001/XMLSchema-instance" xmlns:xsd="http://www.w3.org/2001/XMLSchema" xmlns:dist="urn:transform-ext" xmlns:ms="urn:schemas-microsoft-com:xslt" xmlns:rq="http://comparethemarket.co.uk/RiskServices/2009/V1/" xmlns:qr="http://TGSL/TES_Aggregator" xmlns:tgsl="http://www.transactorgsl.com/schemas"><Header><ResultStatus>COMPLETE</ResultStatus><PartnerRef>F3C5355F92A046CF9F911D325E281FEA,0,1</PartnerRef></Header><Quotes><Quote><Broker>FDI3</Broker><InsurerName>FluxDirect Van</InsurerName><LinkDetails><Reference>124/1012972/P301/WEB</Reference><Password></Password><RetrievalLink>https://quote.adrianflux.co.uk/indexbrandedquote.aspx?ur=WWWCV&amp;brand=afg&amp;mediasrc=CTM</RetrievalLink><FormPostParameters><FormParameters><FieldName>usr</FieldName><FieldValue>Murugan@emailreaction.org</FieldValue></FormParameters><FormParameters><FieldName>pwd</FieldName><FieldValue></FieldValue></FormParameters><FormParameters><FieldName>quoteref</FieldName><FieldValue>124/1012972/P301/WEB</FieldValue></FormParameters></FormPostParameters></LinkDetails><Premium><AnnualPremium>267.71</AnnualPremium><InstalmentDetails><Deposit>43.91</Deposit><FirstInstalment>31.52</FirstInstalment><NumberOfPayments>9</NumberOfPayments><MonthlyPremium>31.52</MonthlyPremium><APR>37.70</APR></InstalmentDetails></Premium><Excesses /><OtherProducts><Features><Feature><Code>VEX</Code><Description /><Status>Y</Status><ProductCost>0</ProductCost><Definition /></Feature><Feature><Code>SEX</Code><Description /><Status>Y</Status><ProductCost>100</ProductCost><Definition /></Feature><Feature><Code>EXS</Code><Description /><Status>Y</Status><ProductCost>100</ProductCost><Definition /></Feature></Features></OtherProducts></Quote></Quotes><Messages><Logs><Log><Code>ReqRecvd</Code><LogDateTime>2013-10-28T10:11:14.86007</LogDateTime></Log><Log><Code>ReqQueued</Code><LogDateTime>2013-10-28T10:11:17.54328</LogDateTime></Log><Log><Code>OutProcStart</Code><LogDateTime>2013-10-28T10:11:21.44328</LogDateTime></Log><Log><Code>ProviderStart</Code><LogDateTime>2013-10-28T10:11:22.30128</LogDateTime></Log><Log><Code>ProviderEnd</Code><LogDateTime>2013-10-28T10:11:29.36810</LogDateTime></Log><Log><Code>InProcStart</Code><LogDateTime>2013-10-28T10:11:29.36810</LogDateTime></Log></Logs></Messages></QuoteResult>