﻿<?xml version="1.0" encoding="utf-8"?><QuoteResult Version="" xmlns="http://BGL.CompareTheMarket.Services.DistributorService.DataContracts" xmlns:rq="http://insure-systems.co.uk/Schema/QuoteRequest/1-0" xmlns:wcfreq="http://comparethemarket.co.uk/RiskServices/2009/V1/" xmlns:req="urn:comparethemarket:quoteservice:data:2009:v1" xmlns:risk="http://comparethemarket.co.uk/RiskServices/2009/V1/" xmlns:params="http://BGL.CompareTheMarket.Services.DistributorService.DataContracts" xmlns:rew="http://schemas.datacontract.org/2004/07/BGL.CompareTheMarket.Services.LibClientDistributorCore"><Header><ResultStatus>TIMEOUT</ResultStatus><PartnerRef>96BAD34227484116B3F54EA321BA5575,0,1</PartnerRef><ServerName>PBO-CTMWEBUAT01</ServerName></Header><Quotes><Quote id="1"><Broker>MPE4</Broker><InsurerName /><Premium><AnnualPremium>0</AnnualPremium></Premium><Excesses /></Quote></Quotes><Messages><GeneralMessages><Message><MessageNo /><MessageField /><MessageText>No response was received from the provider's web service within the configured time-out period.</MessageText></Message></GeneralMessages><Logs><Log><Code>ReqRecvd</Code><LogDateTime>2013-06-13T11:19:05.91035</LogDateTime></Log><Log><Code>ReqQueued</Code><LogDateTime>2013-06-13T11:19:05.95715</LogDateTime></Log><Log><Code>OutProcStart</Code><LogDateTime>2013-06-13T11:19:06.11315</LogDateTime></Log><Log><Code>ProviderStart</Code><LogDateTime>2013-06-13T11:19:06.12875</LogDateTime></Log><Log><Code>ProviderEnd</Code><LogDateTime>2013-06-13T11:20:06.04846</LogDateTime></Log></Logs></Messages></QuoteResult>