﻿<?xml version="1.0" encoding="utf-8"?><QuoteResult Version="" xmlns="http://BGL.CompareTheMarket.Services.DistributorService.DataContracts" xmlns:rq="http://insure-systems.co.uk/Schema/QuoteRequest/1-0" xmlns:wcfreq="http://comparethemarket.co.uk/RiskServices/2009/V1/" xmlns:req="urn:comparethemarket:quoteservice:data:2009:v1" xmlns:risk="http://comparethemarket.co.uk/RiskServices/2009/V1/" xmlns:params="http://BGL.CompareTheMarket.Services.DistributorService.DataContracts" xmlns:rew="http://schemas.datacontract.org/2004/07/BGL.CompareTheMarket.Services.LibClientDistributorCore"><Header><ResultStatus>ERROR</ResultStatus><PartnerRef>78F81754B68447E782DF6A8EDBDCA887,0,2</PartnerRef><ServerName>PBO-CTMWEBQA01</ServerName></Header><Quotes><Quote id="1"><Broker>ONE3</Broker><InsurerName /><Premium><AnnualPremium>0</AnnualPremium></Premium><Excesses /></Quote></Quotes><Messages><GeneralMessages><Message><MessageNo /><MessageField /><MessageText>A response received from the provider's web service was invalid or unexpected: The service returned a SOAP fault message (fault code: soap:Client; fault string: Server was unable to read request. ---&amp;gt; There is an error in XML document (1, 6357). ---&amp;gt; Instance validation error: '' is not a valid value for BodyTypeAbi.).</MessageText></Message></GeneralMessages><Logs><Log><Code>ReqRecvd</Code><LogDateTime>2013-03-25T11:22:54.03655</LogDateTime></Log><Log><Code>ReqQueued</Code><LogDateTime>2013-03-25T11:22:54.11455</LogDateTime></Log><Log><Code>OutProcStart</Code><LogDateTime>2013-03-25T11:22:54.37975</LogDateTime></Log><Log><Code>ProviderStart</Code><LogDateTime>2013-03-25T11:22:54.42655</LogDateTime></Log><Log><Code>ProviderEnd</Code><LogDateTime>2013-03-25T11:22:54.64495</LogDateTime></Log></Logs></Messages></QuoteResult>