<QuoteRequest xmlns="http://comparethemarket.co.uk/RiskServices/2009/V1/" xmlns:i="http://www.w3.org/2001/XMLSchema-instance">
  <Header>
    <Sender>
      <ProductClass>LC</ProductClass>
      <SourceCode>CM02</SourceCode>
      <PartnerRef>78F81754B68447E782DF6A8EDBDCA887,0,2</PartnerRef>
      <RepeatQuote>C2N120772</RepeatQuote>
      <AffinityCode>CTM</AffinityCode>
    </Sender>
    <ServiceContext>
      <Server>PBO-CTMAPPQA01</Server>
      <Path>/PrivateCar/Quote/Services/WCFQuoteService.svc/UpdateCoverOptions</Path>
      <PathUrl>http://pbo-ctmwebqa01.uat.local/PrivateCar/Quote/Services/WCFQuoteService.svc/UpdateCoverOptions</PathUrl>
      <PathPhysical>D:\CTM\CTMWeb\CurrentVersion\</PathPhysical>
      <QueryString>(no set)</QueryString>
      <ClientOS>WinNT</ClientOS>
      <ClientBrowser>IE</ClientBrowser>
      <ClientVersion>7.0</ClientVersion>
      <ClientJScriptVersion>5.7</ClientJScriptVersion>
      <ClientEcmaScriptVersion>3.0</ClientEcmaScriptVersion>
      <SessionSessionGuid>(no set)</SessionSessionGuid>
      <SessionTransactionID>78F81754B68447E782DF6A8EDBDCA887</SessionTransactionID>
      <CurrentExecutingRequestGuid>2b0e6f0b-9767-4e52-ab34-7f5b5d375b4d</CurrentExecutingRequestGuid>
      <HttpConnectionConnection>Keep-Alive</HttpConnectionConnection>
      <HttpConnectionAccept>application/json, text/javascript, */*; q=0.01</HttpConnectionAccept>
      <HttpConnectionAcceptLanguage>en-gb</HttpConnectionAcceptLanguage>
      <HttpConnectionHost>pbo-ctmwebqa01.uat.local</HttpConnectionHost>
      <HttpConnectionReferrer>http://pbo-ctmwebqa01.uat.local/PrivateCar/Motor/PricePage.aspx</HttpConnectionReferrer>
      <HttpConnectionContentType>application/json; charset=utf-8</HttpConnectionContentType>
      <HttpConnectionHttpMethod>POST</HttpConnectionHttpMethod>
      <HttpConnectionUserHostAddress>172.29.69.203</HttpConnectionUserHostAddress>
      <ApplicationName>BGL.CompareTheMarket.Services.QuoteService</ApplicationName>
      <JourneyJourneyType>(no set)</JourneyJourneyType>
      <JourneySourceCode>CM02</JourneySourceCode>
      <JourneyAffinityCode>CTM</JourneyAffinityCode>
      <JourneyProductCode>LC</JourneyProductCode>
      <VisitorID>(no set)</VisitorID>
      <VisitLogID>(no set)</VisitLogID>
    </ServiceContext>
  </Header>
  <Lead>
    <RiskMaster>
      <QuotePlatformID>5</QuotePlatformID>
      <RetrievedRiskHeaderID>8021436</RetrievedRiskHeaderID>
      <ClientReference>C2N120772 </ClientReference>
      <ProposerID>1</ProposerID>
      <PostalAddressID>1</PostalAddressID>
      <MarketingOptOut>
        <EmailOptOut>
          <Value>true</Value>
        </EmailOptOut>
        <PostOptOut>
          <Value>true</Value>
        </PostOptOut>
        <PhoneOptOut>
          <Value>true</Value>
        </PhoneOptOut>
        <SMSOptOut>
          <Value>true</Value>
        </SMSOptOut>
      </MarketingOptOut>
      <Persons>
        <Person>
          <ID>1</ID>
          <Title>
            <Value>MS</Value>
            <Description>Ms</Description>
            <ErrID></ErrID>
            <RecID>3</RecID>
          </Title>
          <FirstName>
            <Value>Test</Value>
          </FirstName>
          <Surname>
            <Value>David</Value>
          </Surname>
          <DOB>
            <Value>1952-01-10T00:00:00</Value>
          </DOB>
          <Gender>
            <Value>F</Value>
            <Description></Description>
            <RecID>0</RecID>
          </Gender>
          <ContactDetails>
            <PhoneNumbers>
              <Phone>
                <Type>1</Type>
                <Code>
                  <Value>01733</Value>
                </Code>
                <Number>
                  <Value>895895</Value>
                </Number>
              </Phone>
            </PhoneNumbers>
            <EmailAdr>
              <Value>DavidOnecall@emailreaction.org</Value>
            </EmailAdr>
            <NoEmail>
              <Value>false</Value>
            </NoEmail>
          </ContactDetails>
          <MaritalStatus>
            <Value>B</Value>
            <Description>Civil Partnered</Description>
            <ErrID></ErrID>
            <RecID>15</RecID>
          </MaritalStatus>
          <EmploymentStatus>
            <Value>U</Value>
            <Description>Unemployed</Description>
            <ErrID></ErrID>
            <RecID>9</RecID>
          </EmploymentStatus>
          <PrimaryOccupation>
            <OccupationCode>
              <Value>U03</Value>
              <Description>Unemployed</Description>
              <RecID>1752</RecID>
            </OccupationCode>
            <BusinessCode>
              <Value>186</Value>
              <Description>Not In Employment</Description>
              <RecID>1121</RecID>
            </BusinessCode>
          </PrimaryOccupation>
          <Licence>
            <TypeOfLicence>
              <Value>H</Value>
              <Description>Full European non-EU Licence</Description>
              <ErrID></ErrID>
              <RecID>19</RecID>
            </TypeOfLicence>
            <LicenceHeldYears>
              <Value>11</Value>
              <Description>11 Years</Description>
              <RecID>37</RecID>
            </LicenceHeldYears>
            <DateLicenceObtained>
              <Value i:nil="true"></Value>
            </DateLicenceObtained>
            <DrivingQualifications>
              <Value>DQI</Value>
              <Description>Institute of Advance Motorists</Description>
              <RecID>5</RecID>
            </DrivingQualifications>
            <DrivingQualificationsDate>
              <Value>2011-07-31T00:00:00</Value>
            </DrivingQualificationsDate>
          </Licence>
          <Resident>
            <ResidentSince>
              <Value i:nil="true"></Value>
            </ResidentSince>
            <UkResidentSinceDOB>
              <Value>true</Value>
            </UkResidentSinceDOB>
          </Resident>
          <UseOtherVehicles>
            <Value>UVE</Value>
            <Description>Have use of another car</Description>
            <RecID>3</RecID>
          </UseOtherVehicles>
          <AddressAsProposer>
            <Value>true</Value>
          </AddressAsProposer>
          <HomeOwner>
            <Value>true</Value>
          </HomeOwner>
          <PassPlus>
            <Value>false</Value>
          </PassPlus>
          <HaveMotorClaim>
            <Value>true</Value>
          </HaveMotorClaim>
          <MotorClaims>
            <MotorClaim>
              <ID>1</ID>
              <IncidentDate>
                <Value>2011-02-01T00:00:00</Value>
              </IncidentDate>
              <IncidentType>
                <Value>A</Value>
                <Description>Accident</Description>
                <ErrID></ErrID>
                <RecID>8</RecID>
              </IncidentType>
              <Damage>
                <Value>1</Value>
                <Description>No Damage</Description>
                <ErrID></ErrID>
                <RecID>6</RecID>
              </Damage>
              <IncidentValue>
                <Value>0.00</Value>
              </IncidentValue>
              <ClaimMade>
                <Value>false</Value>
              </ClaimMade>
              <IncidentDriver>
                <Value>-90</Value>
              </IncidentDriver>
              <Fault>
                <Value>N</Value>
                <Description>No other vehicle involved</Description>
                <ErrID></ErrID>
                <RecID>2</RecID>
              </Fault>
              <Injuries>
                <Value>false</Value>
              </Injuries>
              <InsuredVehicleClaimAmount>
                <Value>0.00</Value>
              </InsuredVehicleClaimAmount>
              <ThirdPartyClaimAmount>
                <Value>0.00</Value>
              </ThirdPartyClaimAmount>
              <NCDAffected>
                <Value>false</Value>
              </NCDAffected>
            </MotorClaim>
          </MotorClaims>
          <HaveMotorConviction>
            <Value>true</Value>
          </HaveMotorConviction>
          <MotorConvictions>
            <MotorConviction>
              <ID>1</ID>
              <ConvictionDate>
                <Value>2009-06-01T00:00:00</Value>
              </ConvictionDate>
              <ConvictionCode>
                <Value>TS10</Value>
                <Description>TS10 Traffic Lights Offence</Description>
                <ErrID></ErrID>
                <RecID>614</RecID>
              </ConvictionCode>
              <Points>
                <Value>11</Value>
              </Points>
              <Ban>
                <Value>0</Value>
              </Ban>
              <Fine>
                <Value>0</Value>
              </Fine>
              <RelatedAccident>
                <Value>false</Value>
              </RelatedAccident>
            </MotorConviction>
            <MotorConviction>
              <ID>2</ID>
              <ConvictionDate>
                <Value>2009-07-01T00:00:00</Value>
              </ConvictionDate>
              <ConvictionCode>
                <Value>SP30</Value>
                <Description>SP30 Exceeding Statutory Speeding Limit</Description>
                <ErrID></ErrID>
                <RecID>598</RecID>
              </ConvictionCode>
              <Points>
                <Value>0</Value>
              </Points>
              <Ban>
                <Value>9</Value>
              </Ban>
              <Fine>
                <Value>60</Value>
              </Fine>
              <RelatedAccident>
                <Value>false</Value>
              </RelatedAccident>
            </MotorConviction>
          </MotorConvictions>
          <MotorInsuranceCancelled>
            <Value>false</Value>
          </MotorInsuranceCancelled>
          <HaveNonMotorConviction>
            <Value>false</Value>
          </HaveNonMotorConviction>
          <ChildrenUnder16>
            <Value>false</Value>
          </ChildrenUnder16>
          <Ghost>false</Ghost>
          <DVLAMedicalCondition>
            <Value>DV1</Value>
            <Description>DVLA aware - 1 year restricted Licence</Description>
            <RecID>3</RecID>
          </DVLAMedicalCondition>
          <PassedCBT>
            <Value i:nil="true"></Value>
          </PassedCBT>
          <LargestCCBike>
            <Value>0</Value>
          </LargestCCBike>
        </Person>
        <Person>
          <ID>2</ID>
          <Title>
            <Value>MISS</Value>
            <Description>Miss</Description>
            <ErrID></ErrID>
            <RecID>4</RecID>
          </Title>
          <FirstName>
            <Value>Test</Value>
          </FirstName>
          <Surname>
            <Value>AddOne</Value>
          </Surname>
          <DOB>
            <Value>1965-01-01T00:00:00</Value>
          </DOB>
          <Gender>
            <Value>F</Value>
            <Description></Description>
            <RecID>0</RecID>
          </Gender>
          <ContactDetails>
            <PhoneNumbers></PhoneNumbers>
            <EmailAdr>
              <Value i:nil="true"></Value>
            </EmailAdr>
            <NoEmail>
              <Value>false</Value>
            </NoEmail>
          </ContactDetails>
          <MaritalStatus>
            <Value>B</Value>
            <Description>Civil Partnered</Description>
            <ErrID></ErrID>
            <RecID>15</RecID>
          </MaritalStatus>
          <EmploymentStatus>
            <Value>U</Value>
            <Description>Unemployed</Description>
            <ErrID></ErrID>
            <RecID>9</RecID>
          </EmploymentStatus>
          <PrimaryOccupation>
            <OccupationCode>
              <Value>U03</Value>
              <Description>Unemployed</Description>
              <RecID>1752</RecID>
            </OccupationCode>
            <BusinessCode>
              <Value>186</Value>
              <Description>Not In Employment</Description>
              <RecID>1121</RecID>
            </BusinessCode>
          </PrimaryOccupation>
          <Licence>
            <TypeOfLicence>
              <Value>P</Value>
              <Description>Provisional UK Car Licence</Description>
              <ErrID></ErrID>
              <RecID>7</RecID>
            </TypeOfLicence>
            <LicenceHeldYears>
              <Value>1</Value>
              <Description>Between 1 and 2 Years</Description>
              <RecID>28</RecID>
            </LicenceHeldYears>
            <DateLicenceObtained>
              <Value>2012-03-01T00:00:00</Value>
            </DateLicenceObtained>
            <DrivingQualifications>
              <Value>DQN</Value>
              <Description>No</Description>
              <RecID>1</RecID>
            </DrivingQualifications>
            <DrivingQualificationsDate>
              <Value i:nil="true"></Value>
            </DrivingQualificationsDate>
          </Licence>
          <Resident>
            <ResidentSince>
              <Value i:nil="true"></Value>
            </ResidentSince>
            <UkResidentSinceDOB>
              <Value>true</Value>
            </UkResidentSinceDOB>
          </Resident>
          <UseOtherVehicles>
            <Value>1VE</Value>
            <Description>Own another car or van</Description>
            <RecID>2</RecID>
          </UseOtherVehicles>
          <RelationshipToProposer>
            <Value>J</Value>
            <Description>Civil Partner</Description>
            <ErrID></ErrID>
            <RecID>12</RecID>
          </RelationshipToProposer>
          <AddressAsProposer>
            <Value>false</Value>
          </AddressAsProposer>
          <HomeOwner>
            <Value>false</Value>
          </HomeOwner>
          <PassPlus>
            <Value>false</Value>
          </PassPlus>
          <HaveMotorClaim>
            <Value>true</Value>
          </HaveMotorClaim>
          <MotorClaims>
            <MotorClaim>
              <ID>1</ID>
              <IncidentDate>
                <Value>2011-11-01T00:00:00</Value>
              </IncidentDate>
              <IncidentType>
                <Value>A</Value>
                <Description>Accident</Description>
                <ErrID></ErrID>
                <RecID>8</RecID>
              </IncidentType>
              <Damage>
                <Value>3</Value>
                <Description>Unknown</Description>
                <ErrID></ErrID>
                <RecID>7</RecID>
              </Damage>
              <IncidentValue>
                <Value>0.00</Value>
              </IncidentValue>
              <ClaimMade>
                <Value>true</Value>
              </ClaimMade>
              <IncidentDriver>
                <Value>-90</Value>
              </IncidentDriver>
              <Fault>
                <Value>C</Value>
                <Description>Our Driver</Description>
                <ErrID></ErrID>
                <RecID>3</RecID>
              </Fault>
              <Injuries>
                <Value>false</Value>
              </Injuries>
              <InsuredVehicleClaimAmount>
                <Value>0.00</Value>
              </InsuredVehicleClaimAmount>
              <ThirdPartyClaimAmount>
                <Value>0.00</Value>
              </ThirdPartyClaimAmount>
              <NCDAffected>
                <Value>false</Value>
              </NCDAffected>
            </MotorClaim>
          </MotorClaims>
          <HaveMotorConviction>
            <Value>true</Value>
          </HaveMotorConviction>
          <MotorConvictions>
            <MotorConviction>
              <ID>1</ID>
              <ConvictionDate>
                <Value>2009-06-01T00:00:00</Value>
              </ConvictionDate>
              <ConvictionCode>
                <Value>TS10</Value>
                <Description>TS10 Traffic Lights Offence</Description>
                <ErrID></ErrID>
                <RecID>614</RecID>
              </ConvictionCode>
              <Points>
                <Value>11</Value>
              </Points>
              <Ban>
                <Value>0</Value>
              </Ban>
              <Fine>
                <Value>0</Value>
              </Fine>
              <RelatedAccident>
                <Value>false</Value>
              </RelatedAccident>
            </MotorConviction>
          </MotorConvictions>
          <MotorInsuranceCancelled>
            <Value>false</Value>
          </MotorInsuranceCancelled>
          <HaveNonMotorConviction>
            <Value>false</Value>
          </HaveNonMotorConviction>
          <Ghost>false</Ghost>
          <DVLAMedicalCondition>
            <Value>DVR</Value>
            <Description>DVLA aware - No restrictions</Description>
            <RecID>2</RecID>
          </DVLAMedicalCondition>
          <PassedCBT>
            <Value i:nil="true"></Value>
          </PassedCBT>
          <LargestCCBike>
            <Value>0</Value>
          </LargestCCBike>
        </Person>
      </Persons>
      <Addresses>
        <Address>
          <ID>1</ID>
          <AddressLine1>
            <Value>2 Nevile Drive</Value>
          </AddressLine1>
          <AddressLine2>
            <Value>Kinoulton</Value>
          </AddressLine2>
          <AddressLine3>
            <Value>Nottingham</Value>
          </AddressLine3>
          <AddressLine4>
            <Value i:nil="true"></Value>
          </AddressLine4>
          <AddressLine5>
            <Value i:nil="true"></Value>
          </AddressLine5>
          <PostCode>
            <Value>NG12 3EE</Value>
          </PostCode>
          <DPSCode>
            <Value i:nil="true"></Value>
          </DPSCode>
          <LocationIDFK>
            <Value i:nil="true"></Value>
          </LocationIDFK>
          <LocationDetails i:nil="true"></LocationDetails>
        </Address>
      </Addresses>
      <Products>
        <CommercialVehicleRisk>
          <Version>4.000</Version>
          <ID>0</ID>
          <Cover>
            <CommencementDate>
              <Value>2013-03-25T00:00:00</Value>
            </CommencementDate>
            <CoverType>
              <Value>01</Value>
              <Description>Comprehensive</Description>
              <ErrID></ErrID>
              <RecID>1</RecID>
            </CoverType>
            <ClassOfUse>
              <Value>21NY</Value>
              <Description>Carriage Of Own Goods, Not For Hire Or Reward</Description>
              <ErrID></ErrID>
              <RecID>6</RecID>
            </ClassOfUse>
            <TotalExcess>
              <Value>300</Value>
            </TotalExcess>
            <Ncd>
              <NcdYears>
                <Value>11</Value>
                <Description>11 Years</Description>
                <ErrID></ErrID>
                <RecID>43</RecID>
              </NcdYears>
              <NcdSource>
                <Value>4</Value>
                <Description>In another country </Description>
                <ErrID></ErrID>
                <RecID>8</RecID>
              </NcdSource>
              <NcdProtected>
                <Value>false</Value>
              </NcdProtected>
              <ProtectedNcdOtherVehicle>
                <Value i:nil="true"></Value>
              </ProtectedNcdOtherVehicle>
            </Ncd>
            <LegalProtection>
              <Value>false</Value>
            </LegalProtection>
            <VehicleBreakdown>
              <Value>false</Value>
            </VehicleBreakdown>
            <PaymentProtection>
              <Value>false</Value>
            </PaymentProtection>
            <Drivers>
              <Driver>
                <id>1</id>
                <DriverType>1</DriverType>
              </Driver>
              <Driver>
                <id>2</id>
                <DriverType>2</DriverType>
              </Driver>
            </Drivers>
            <InsurancePaymentMethod>
              <Value>M</Value>
              <Description>Monthly</Description>
              <RecID>1</RecID>
            </InsurancePaymentMethod>
            <PillionPassenger>
              <Value i:nil="true"></Value>
            </PillionPassenger>
            <PreviousQuote>
              <Value i:nil="true"></Value>
            </PreviousQuote>
            <DangerousGoods>
              <Value>false</Value>
            </DangerousGoods>
            <EstablishedYears>
              <Value>1</Value>
            </EstablishedYears>
            <PublicLiabilityPolicy>
              <Value>true</Value>
            </PublicLiabilityPolicy>
            <CompanyType>
              <Value>CTS</Value>
              <Description>Sole Trader</Description>
              <RecID>1</RecID>
            </CompanyType>
            <TradeOrganisation>
              <Value>TOGS</Value>
              <Description>Gas Safe</Description>
              <RecID>2</RecID>
            </TradeOrganisation>
          </Cover>
          <Vehicle>
            <ID>0</ID>
            <AdditionalDetails>
              <ABICode>90309712</ABICode>
              <Make>Vauxhall</Make>
              <Model>Combo</Model>
              <Doors i:nil="true"></Doors>
              <Seats>5</Seats>
              <EngineSize>1248</EngineSize>
              <Body>
                <Desc>SALOON</Desc>
                <Code>NA</Code>
              </Body>
              <LCBody>
                <Desc>VAN</Desc>
                <Code>NA</Code>
              </LCBody>
              <Fuel>
                <Desc>Diesel</Desc>
                <Code>NA</Code>
              </Fuel>
              <Transmission>
                <Desc>Manual</Desc>
                <Code>NA</Code>
              </Transmission>
              <Weight>1805</Weight>
            </AdditionalDetails>
            <VehicleCode>
              <Value>90309712</Value>
            </VehicleCode>
            <Description>
              <Value>2005 Vauxhall Combo Cdti, 1248CC Diesel, Manual, Van</Value>
            </Description>
            <RegYear>
              <Value>2005</Value>
              <Description>2005 (54, 05, 55)</Description>
              <ErrID></ErrID>
              <RecID>85</RecID>
            </RegYear>
            <RegLetter>
              <Value>05</Value>
              <Description>2005 (54, 05, 55)</Description>
              <ErrID></ErrID>
              <RecID>85</RecID>
            </RegLetter>
            <RegNumber>
              <Value>EK05PBX</Value>
            </RegNumber>
            <Seats>
              <Value>5</Value>
              <Description></Description>
              <ErrID></ErrID>
              <RecID>5</RecID>
            </Seats>
            <LHD>
              <Value>false</Value>
            </LHD>
            <SecurityCode>
              <Value>99992</Value>
              <Description>Factory Fitted Thatcham Approved Alarm</Description>
              <ErrID></ErrID>
              <RecID>1351</RecID>
            </SecurityCode>
            <Tracker>
              <Value>false</Value>
            </Tracker>
            <VehiclePurchased>
              <Value>true</Value>
            </VehiclePurchased>
            <PurchaseDate>
              <Value>2005-03-01T00:00:00</Value>
            </PurchaseDate>
            <OvernightParking>
              <Value>13</Value>
              <Description>Street away from home</Description>
              <ErrID></ErrID>
              <RecID>30</RecID>
            </OvernightParking>
            <WhereKeptAddress>
              <Value>1</Value>
            </WhereKeptAddress>
            <AnnualMileage>
              <Value>6999</Value>
            </AnnualMileage>
            <BusinessMileage>
              <Value>200</Value>
            </BusinessMileage>
            <RegisteredKeeper>
              <OwnerKeeperType>
                <Value>P</Value>
                <Description>Person</Description>
                <ErrID></ErrID>
                <RecID>5</RecID>
              </OwnerKeeperType>
              <OwnerKeeperID>
                <Value>1</Value>
              </OwnerKeeperID>
              <OwnerKeeperName>
                <Value>Ms Test David</Value>
              </OwnerKeeperName>
            </RegisteredKeeper>
            <LegalOwner>
              <OwnerKeeperType>
                <Value>P</Value>
                <Description>Person</Description>
                <ErrID></ErrID>
                <RecID>5</RecID>
              </OwnerKeeperType>
              <OwnerKeeperID>
                <Value>1</Value>
              </OwnerKeeperID>
              <OwnerKeeperName>
                <Value>Ms Test David</Value>
              </OwnerKeeperName>
            </LegalOwner>
            <VehicleInsValue>
              <Value>1999</Value>
            </VehicleInsValue>
            <CustomerEstimatedValue>
              <Value>true</Value>
            </CustomerEstimatedValue>
            <VehicleInsGroup>
              <Value>1</Value>
            </VehicleInsGroup>
            <ValuationType>
              <Value i:nil="true"></Value>
            </ValuationType>
            <VehicleImported>
              <Value>false</Value>
            </VehicleImported>
            <BodyType>
              <Value>1</Value>
              <Description>Box Van</Description>
              <ErrID></ErrID>
              <RecID>2</RecID>
            </BodyType>
            <CarrySineage>
              <Value>CSF</Value>
              <Description>Front</Description>
              <RecID>2</RecID>
            </CarrySineage>
            <BadDriverHotline>
              <Value>true</Value>
            </BadDriverHotline>
            <GrossWeight>
              <Value>0.0</Value>
            </GrossWeight>
          </Vehicle>
        </CommercialVehicleRisk>
      </Products>
      <ModifiedFlags>
        <RiskHeader>false</RiskHeader>
        <Persons>false</Persons>
        <Addresses>false</Addresses>
        <ContactDetails>false</ContactDetails>
        <PrivateCar>false</PrivateCar>
        <PrivateCarCover>false</PrivateCarCover>
        <CommercialVehicle>false</CommercialVehicle>
        <CommercialVehicleCover>false</CommercialVehicleCover>
        <Claims>false</Claims>
        <Convictions>false</Convictions>
        <HomeCover>false</HomeCover>
        <PropertyDetails>false</PropertyDetails>
        <PropertyBuildingsCover>false</PropertyBuildingsCover>
        <PropertyContentsCover>false</PropertyContentsCover>
        <PropertyClaims>false</PropertyClaims>
        <PropertyLocks>false</PropertyLocks>
        <PropertyAdditionalDetails>false</PropertyAdditionalDetails>
        <LifeCover>false</LifeCover>
        <Bike>false</Bike>
        <BikeCover>false</BikeCover>
        <PetDetails>false</PetDetails>
        <PetMoreDetails>false</PetMoreDetails>
        <PetCover>false</PetCover>
        <PetDogSpecific>false</PetDogSpecific>
        <Vehicle>false</Vehicle>
        <VehicleDetails>false</VehicleDetails>
        <VehicleUsage>false</VehicleUsage>
        <VehicleOwnership>false</VehicleOwnership>
        <PolicyDetails>false</PolicyDetails>
        <DrivingHistory>false</DrivingHistory>
      </ModifiedFlags>
    </RiskMaster>
  </Lead>
</QuoteRequest>