﻿<?xml version="1.0" encoding="utf-8"?><soapenv:Envelope xmlns:soapenv="http://schemas.xmlsoap.org/soap/envelope/" xmlns:sec="http://schemas.xmlsoap.org/ws/2002/04/secext" xmlns:req="http://comparethemarket.co.uk/RiskServices/2009/V1/" xmlns:dist="urn:transform-ext"><soapenv:Header><Security xmlns="http://schemas.xmlsoap.org/ws/2002/04/secext"><UsernameToken><Username>CompareTheMarketUser</Username><Password>ctmuser789</Password></UsernameToken></Security></soapenv:Header><soapenv:Body><GetQuote xmlns="http://WebServices.ssp-uk.com/MotorAggregator/"><PMQuoteData xmlns="http://ssp.web.services/MotorAggregator/schemas/PMQuoteData.xsd"><Control><ProcessQuoteDetail>true</ProcessQuoteDetail><ProcessDocuments>true</ProcessDocuments><ProcessEndorsements>true</ProcessEndorsements><ProcessUseDetail>true</ProcessUseDetail><ProcessUWNotes>true</ProcessUWNotes><ProcessWarnings>true</ProcessWarnings><ProcessPremiumBreakdown>true</ProcessPremiumBreakdown><ProcessExcesses>true</ProcessExcesses><LOB><Description>Commercial Vehicle</Description><Abi>3</Abi></LOB><MaxQuoteNumber>1</MaxQuoteNumber><QuotePanel><Description>Broker Panel</Description><Abi>2</Abi></QuotePanel><Polaris>true</Polaris><SSP>true</SSP><EngineVersion>4</EngineVersion></Control><Policy><CoverDate>2013-03-25</CoverDate><CoverMonths>12</CoverMonths><CoverType><Abi>01</Abi><Description>Comprehensive</Description></CoverType><DrivingRestriction><Description>Insured and Named Drivers</Description><Abi>7</Abi></DrivingRestriction><VehicleUsage><Description>SDP, Inc. Commuting</Description><Abi>2</Abi></VehicleUsage><VoluntaryExcess>300</VoluntaryExcess></Policy><Agent><SOB>CompareTheMarket</SOB><ExternalAgentID>CompareTheMarket</ExternalAgentID></Agent><Proposer><Address><Address1>2 Nevile Drive</Address1><Address2>Kinoulton</Address2><Town /><PostCode>NG12 3EE</PostCode></Address><DayTelephone /><Email>DavidOnecall@emailreaction.org</Email><HomeTelephone /><PaymentFrequency><Description>Monthly</Description><Abi>M</Abi></PaymentFrequency><PreviousInsurance><PreviousInsuranceEndDate>2012-07-31</PreviousInsuranceEndDate><PreviousInsurer><Description>UNKNOWN</Description><Abi>997</Abi></PreviousInsurer></PreviousInsurance><ProposerType><Description>Private</Description><Abi>P</Abi></ProposerType></Proposer><NCD><Protected>false</Protected><NCDType><Description>Commercial Vehicle</Description><Abi>2</Abi></NCDType><Years>11</Years></NCD><Pin /><Drivers><Driver><AccessOtherCars>1</AccessOtherCars><Claims><Claim><DateMade>2011-02-01</DateMade><NCDLost>false</NCDLost><Description>Fault</Description><Abi>A1|Fault</Abi></Claim></Claims><Commuting>false</Commuting><Convictions><Conviction><ConvictionDate>2009-06-01</ConvictionDate><DisqualificationMonths>0</DisqualificationMonths><Fine>0</Fine><Points>11</Points><ConvictionType><Description>TS10 Traffic Lights Offence</Description><Abi>TS10</Abi></ConvictionType></Conviction><Conviction><ConvictionDate>2009-07-01</ConvictionDate><DisqualificationMonths>9</DisqualificationMonths><Fine>60</Fine><Points>0</Points><ConvictionType><Description>SP30 Exceeding Statutory Speeding Limit</Description><Abi>SP30</Abi></ConvictionType></Conviction></Convictions><DOB>1952-01-10</DOB><HomeOwner>true</HomeOwner><HomeType /><Increased>false</Increased><Licence><LicenceDate>2002-01-01</LicenceDate><LicenceType><Description>Foreign</Description><Abi>I</Abi></LicenceType></Licence><Residency><DateToUK>1952-01-10</DateToUK><Permanent>true</Permanent><Years>61</Years></Residency><MaritalStatus><Description>Partnered - Civil</Description><Abi>B</Abi></MaritalStatus><Title><Description>Ms</Description></Title><FirstName>Test</FirstName><Surname>David</Surname><MedicalConditions /><Occupations><Occupation><Business><Description>Not In Employment</Description><Abi>186</Abi></Business><Fulltime>true</Fulltime><EmploymentStatus><Description>Unemployed</Description><Abi>U</Abi></EmploymentStatus><OccupationType><Description>Unemployed</Description><Abi>U03</Abi></OccupationType></Occupation></Occupations><Refused>false</Refused><RelationshipToProposer><Description>Proposer</Description><Abi>P</Abi></RelationshipToProposer><Residency><DateToUK>1952-01-10</DateToUK><Permanent>true</Permanent><Years>61</Years></Residency><Sex><Description>Female</Description><Abi>F</Abi></Sex><Smoke>false</Smoke><SpecialTerms>false</SpecialTerms><UsageFrequency><Description>Main User</Description><Abi>M</Abi></UsageFrequency><YearsDrivingExperience>11</YearsDrivingExperience></Driver><Driver><AccessOtherCars>1</AccessOtherCars><Claims><Claim><DateMade>2011-11-01</DateMade><NCDLost>false</NCDLost><Description>Fault</Description><Abi>A1|Fault</Abi></Claim></Claims><Commuting>false</Commuting><Convictions><Conviction><ConvictionDate>2009-06-01</ConvictionDate><DisqualificationMonths>0</DisqualificationMonths><Fine>0</Fine><Points>11</Points><ConvictionType><Description>TS10 Traffic Lights Offence</Description><Abi>TS10</Abi></ConvictionType></Conviction></Convictions><DOB>1965-01-01</DOB><HomeOwner>false</HomeOwner><HomeType /><Increased>false</Increased><Licence><LicenceDate>2012-03-01</LicenceDate><LicenceType><Description>Provisional (U.K.)</Description><Abi>P</Abi></LicenceType></Licence><Residency><DateToUK>1965-01-01</DateToUK><Permanent>true</Permanent><Years>48</Years></Residency><MaritalStatus><Description>Partnered - Civil</Description><Abi>B</Abi></MaritalStatus><Title><Description>Miss</Description></Title><FirstName>Test</FirstName><Surname>AddOne</Surname><MedicalConditions /><Occupations><Occupation><Business><Description>Not In Employment</Description><Abi>186</Abi></Business><Fulltime>true</Fulltime><EmploymentStatus><Description>Unemployed</Description><Abi>U</Abi></EmploymentStatus><OccupationType><Description>Unemployed</Description><Abi>U03</Abi></OccupationType></Occupation></Occupations><Refused>false</Refused><RelationshipToProposer><Description>Partner - Civil</Description><Abi>W</Abi></RelationshipToProposer><Residency><DateToUK>1965-01-01</DateToUK><Permanent>true</Permanent><Years>48</Years></Residency><Sex><Description>Female</Description><Abi>F</Abi></Sex><Smoke>false</Smoke><SpecialTerms>false</SpecialTerms><UsageFrequency><Description>Infrequent (Casual)</Description><Abi>C</Abi></UsageFrequency><YearsDrivingExperience>1</YearsDrivingExperience></Driver></Drivers><Vehicles><Vehicle><BodyType><Abi></Abi></BodyType><BusinessMiles>100</BusinessMiles><VehicleColour /><DateManufactured>2005-01-01</DateManufactured><DatePurchased>2005-03-01</DatePurchased><DateRegistered>2005-01-01</DateRegistered><DriveSide><Description>Right Hand Drive</Description><Abi>R</Abi></DriveSide><Fuel><Description>Diesel</Description><Abi>001</Abi></Fuel><KeptAtProposerAddress>true</KeptAtProposerAddress><KeptLocation><Description>Kept on Public Road</Description><Abi>3</Abi></KeptLocation><KeptAddress><Address1>2 Nevile Drive</Address1><Address2>Kinoulton</Address2><Town /><PostCode>NG12 3EE</PostCode></KeptAddress><Make>Vauxhall</Make><MilometerReading>1</MilometerReading><Model>Combo</Model><PleasureMiles>100</PleasureMiles><NumberSeats>5</NumberSeats><VehicleOwner><Description>Proposer</Description><Abi>1</Abi></VehicleOwner><VehicleKeeper><Description>Proposer</Description><Abi>1</Abi></VehicleKeeper><Registration>EK05PBX</Registration><SecurityDevices /><TransmissionType><Description>Manual</Description><Abi>002</Abi></TransmissionType><Value>1999</Value><VehicleDetails><Description>2005 Vauxhall Combo Cdti, 1248CC Diesel, Manual, Van</Description><Abi>90309712</Abi></VehicleDetails><CommercialVehicle><GrossVehicleWeight>0</GrossVehicleWeight><CarryingCapacity>0</CarryingCapacity><HazardousGoods>false</HazardousGoods><Usage>2</Usage><CubicCapacity>0</CubicCapacity><AirsideUse>false</AirsideUse><MaximumLiftWeight>0</MaximumLiftWeight><HiredDriverExtension>false</HiredDriverExtension><TPWorkingRisks>false</TPWorkingRisks><FuelType>001</FuelType><TrailerType>T</TrailerType><NumberOfTrailersContainers>0</NumberOfTrailersContainers><DetachedCover>false</DetachedCover><Value>0</Value></CommercialVehicle></Vehicle></Vehicles></PMQuoteData><sourceOfBusiness>CompareTheMarket</sourceOfBusiness><brokerSCID>A04402</brokerSCID></GetQuote></soapenv:Body></soapenv:Envelope>