﻿<?xml version="1.0" encoding="utf-8"?>
<QuoteResults xmlns="http://BGL.CompareTheMarket.Services.DistributorService.DataContracts">
  <QuoteResult>
    <Header>
      <ResultStatus>COMPLETE</ResultStatus>
      <PartnerRef>94DA5A31B582430FA313AD15A7698FC0,0,3</PartnerRef>
    </Header>
    <Quotes>
      <Quote>
        <Broker>MPE1</Broker>
        <InsurerName>Accident Only</InsurerName>
        <LinkDetails>
          <Reference>AAAA0000252931</Reference>
          <RetrievalLink>https://pltestweb.rsagroup.co.uk/MAINT/TEST/morethan-pet/quoteAndBuy.do?qn=AAAA0000252931&amp;pc=L8+7JY&amp;checksum=88b9c74ed18fce1838f681df79e2e07d0eb88112&amp;tier=Accident Only</RetrievalLink>
        </LinkDetails>
        <Premium>
          <AnnualPremium>84.61</AnnualPremium>
          <InstalmentDetails>
            <Deposit>0</Deposit>
            <NumberOfPayments>12</NumberOfPayments>
            <MonthlyPremium>7.05</MonthlyPremium>
          </InstalmentDetails>
        </Premium>
        <OtherProducts>
          <Features>
            <Feature>
              <Code>VFX</Code>
              <Description>£{0:##.00}</Description>
              <Status>T</Status>
              <ProductCost>75.0</ProductCost>
              <Definition />
            </Feature>
            <Feature>
              <Code>DTI</Code>
              <Description>£{0:####.00}</Description>
              <Status>T</Status>
              <ProductCost />
              <Definition />
            </Feature>
          </Features>
        </OtherProducts>
      </Quote>
    </Quotes>
    <Messages>
      <Logs>
        <Log>
          <Code>ReqRecvd</Code>
          <LogDateTime>2013-06-12T16:31:22.84026</LogDateTime>
        </Log>
        <Log>
          <Code>ReqQueued</Code>
          <LogDateTime>2013-06-12T16:31:22.84026</LogDateTime>
        </Log>
        <Log>
          <Code>OutProcStart</Code>
          <LogDateTime>2013-06-12T16:31:22.94946</LogDateTime>
        </Log>
        <Log>
          <Code>ProviderStart</Code>
          <LogDateTime>2013-06-12T16:31:22.98066</LogDateTime>
        </Log>
        <Log>
          <Code>ProviderEnd</Code>
          <LogDateTime>2013-06-12T16:32:14.53875</LogDateTime>
        </Log>
        <Log>
          <Code>InProcStart</Code>
          <LogDateTime>2013-06-12T16:32:14.53875</LogDateTime>
        </Log>
      </Logs>
    </Messages>
  </QuoteResult>
  <QuoteResult>
    <Header>
      <ResultStatus>COMPLETE</ResultStatus>
      <PartnerRef>94DA5A31B582430FA313AD15A7698FC0,0,3</PartnerRef>
    </Header>
    <Quotes>
      <Quote>
        <Broker>MPE2</Broker>
        <InsurerName>Basic 1,500</InsurerName>
        <LinkDetails>
          <Reference>AAAA0000252931</Reference>
          <RetrievalLink>https://pltestweb.rsagroup.co.uk/MAINT/TEST/morethan-pet/quoteAndBuy.do?qn=AAAA0000252931&amp;pc=L8+7JY&amp;checksum=88b9c74ed18fce1838f681df79e2e07d0eb88112&amp;tier=Basic 1,500</RetrievalLink>
        </LinkDetails>
        <Premium>
          <AnnualPremium>74.10</AnnualPremium>
          <InstalmentDetails>
            <Deposit>0</Deposit>
            <NumberOfPayments>12</NumberOfPayments>
            <MonthlyPremium>6.18</MonthlyPremium>
          </InstalmentDetails>
        </Premium>
        <OtherProducts>
          <Features>
            <Feature>
              <Code>VFX</Code>
              <Description>£{0:##.00}</Description>
              <Status>T</Status>
              <ProductCost>75.0</ProductCost>
              <Definition />
            </Feature>
            <Feature>
              <Code>DTI</Code>
              <Description>£{0:####.00}</Description>
              <Status>T</Status>
              <ProductCost>500</ProductCost>
              <Definition />
            </Feature>
          </Features>
        </OtherProducts>
      </Quote>
    </Quotes>
    <Messages>
      <Logs>
        <Log>
          <Code>ReqRecvd</Code>
          <LogDateTime>2013-06-12T16:31:22.84026</LogDateTime>
        </Log>
        <Log>
          <Code>ReqQueued</Code>
          <LogDateTime>2013-06-12T16:31:22.84026</LogDateTime>
        </Log>
        <Log>
          <Code>OutProcStart</Code>
          <LogDateTime>2013-06-12T16:31:22.94946</LogDateTime>
        </Log>
        <Log>
          <Code>ProviderStart</Code>
          <LogDateTime>2013-06-12T16:31:22.98066</LogDateTime>
        </Log>
        <Log>
          <Code>ProviderEnd</Code>
          <LogDateTime>2013-06-12T16:32:14.53875</LogDateTime>
        </Log>
        <Log>
          <Code>InProcStart</Code>
          <LogDateTime>2013-06-12T16:32:14.53875</LogDateTime>
        </Log>
      </Logs>
    </Messages>
  </QuoteResult>
  <QuoteResult>
    <Header>
      <ResultStatus>COMPLETE</ResultStatus>
      <PartnerRef>94DA5A31B582430FA313AD15A7698FC0,0,3</PartnerRef>
    </Header>
    <Quotes>
      <Quote>
        <Broker>MPE3</Broker>
        <InsurerName>Basic 3,000</InsurerName>
        <LinkDetails>
          <Reference>AAAA0000252931</Reference>
          <RetrievalLink>https://pltestweb.rsagroup.co.uk/MAINT/TEST/morethan-pet/quoteAndBuy.do?qn=AAAA0000252931&amp;pc=L8+7JY&amp;checksum=88b9c74ed18fce1838f681df79e2e07d0eb88112&amp;tier=Basic 3,000</RetrievalLink>
        </LinkDetails>
        <Premium>
          <AnnualPremium>78.35</AnnualPremium>
          <InstalmentDetails>
            <Deposit>0</Deposit>
            <NumberOfPayments>12</NumberOfPayments>
            <MonthlyPremium>6.53</MonthlyPremium>
          </InstalmentDetails>
        </Premium>
        <OtherProducts>
          <Features>
            <Feature>
              <Code>VFX</Code>
              <Description>£{0:##.00}</Description>
              <Status>T</Status>
              <ProductCost>75.0</ProductCost>
              <Definition />
            </Feature>
            <Feature>
              <Code>DTI</Code>
              <Description>£{0:####.00}</Description>
              <Status>T</Status>
              <ProductCost>500</ProductCost>
              <Definition />
            </Feature>
          </Features>
        </OtherProducts>
      </Quote>
    </Quotes>
    <Messages>
      <Logs>
        <Log>
          <Code>ReqRecvd</Code>
          <LogDateTime>2013-06-12T16:31:22.84026</LogDateTime>
        </Log>
        <Log>
          <Code>ReqQueued</Code>
          <LogDateTime>2013-06-12T16:31:22.84026</LogDateTime>
        </Log>
        <Log>
          <Code>OutProcStart</Code>
          <LogDateTime>2013-06-12T16:31:22.94946</LogDateTime>
        </Log>
        <Log>
          <Code>ProviderStart</Code>
          <LogDateTime>2013-06-12T16:31:22.98066</LogDateTime>
        </Log>
        <Log>
          <Code>ProviderEnd</Code>
          <LogDateTime>2013-06-12T16:32:14.53875</LogDateTime>
        </Log>
        <Log>
          <Code>InProcStart</Code>
          <LogDateTime>2013-06-12T16:32:14.53875</LogDateTime>
        </Log>
      </Logs>
    </Messages>
  </QuoteResult>
  <QuoteResult>
    <Header>
      <ResultStatus>COMPLETE</ResultStatus>
      <PartnerRef>94DA5A31B582430FA313AD15A7698FC0,0,3</PartnerRef>
    </Header>
    <Quotes>
      <Quote>
        <Broker>MPE4</Broker>
        <InsurerName>Classic 4,000</InsurerName>
        <LinkDetails>
          <Reference>AAAA0000252931</Reference>
          <RetrievalLink>https://pltestweb.rsagroup.co.uk/MAINT/TEST/morethan-pet/quoteAndBuy.do?qn=AAAA0000252931&amp;pc=L8+7JY&amp;checksum=88b9c74ed18fce1838f681df79e2e07d0eb88112&amp;tier=Classic 4,000</RetrievalLink>
        </LinkDetails>
        <Premium>
          <AnnualPremium>95.67</AnnualPremium>
          <InstalmentDetails>
            <Deposit>0</Deposit>
            <NumberOfPayments>12</NumberOfPayments>
            <MonthlyPremium>7.98</MonthlyPremium>
          </InstalmentDetails>
        </Premium>
        <OtherProducts>
          <Features>
            <Feature>
              <Code>VFX</Code>
              <Description>£{0:##.00}</Description>
              <Status>T</Status>
              <ProductCost>75.0</ProductCost>
              <Definition />
            </Feature>
            <Feature>
              <Code>DTI</Code>
              <Description>£{0:####.00}</Description>
              <Status>T</Status>
              <ProductCost>1000</ProductCost>
              <Definition />
            </Feature>
          </Features>
        </OtherProducts>
      </Quote>
    </Quotes>
    <Messages>
      <Logs>
        <Log>
          <Code>ReqRecvd</Code>
          <LogDateTime>2013-06-12T16:31:22.84026</LogDateTime>
        </Log>
        <Log>
          <Code>ReqQueued</Code>
          <LogDateTime>2013-06-12T16:31:22.84026</LogDateTime>
        </Log>
        <Log>
          <Code>OutProcStart</Code>
          <LogDateTime>2013-06-12T16:31:22.94946</LogDateTime>
        </Log>
        <Log>
          <Code>ProviderStart</Code>
          <LogDateTime>2013-06-12T16:31:22.98066</LogDateTime>
        </Log>
        <Log>
          <Code>ProviderEnd</Code>
          <LogDateTime>2013-06-12T16:32:14.53875</LogDateTime>
        </Log>
        <Log>
          <Code>InProcStart</Code>
          <LogDateTime>2013-06-12T16:32:14.53875</LogDateTime>
        </Log>
      </Logs>
    </Messages>
  </QuoteResult>
  <QuoteResult>
    <Header>
      <ResultStatus>COMPLETE</ResultStatus>
      <PartnerRef>94DA5A31B582430FA313AD15A7698FC0,0,3</PartnerRef>
    </Header>
    <Quotes>
      <Quote>
        <Broker>MPE5</Broker>
        <InsurerName>Classic 8,000</InsurerName>
        <LinkDetails>
          <Reference>AAAA0000252931</Reference>
          <RetrievalLink>https://pltestweb.rsagroup.co.uk/MAINT/TEST/morethan-pet/quoteAndBuy.do?qn=AAAA0000252931&amp;pc=L8+7JY&amp;checksum=88b9c74ed18fce1838f681df79e2e07d0eb88112&amp;tier=Classic 8,000</RetrievalLink>
        </LinkDetails>
        <Premium>
          <AnnualPremium>101.34</AnnualPremium>
          <InstalmentDetails>
            <Deposit>0</Deposit>
            <NumberOfPayments>12</NumberOfPayments>
            <MonthlyPremium>8.45</MonthlyPremium>
          </InstalmentDetails>
        </Premium>
        <OtherProducts>
          <Features>
            <Feature>
              <Code>VFX</Code>
              <Description>£{0:##.00}</Description>
              <Status>T</Status>
              <ProductCost>75.0</ProductCost>
              <Definition />
            </Feature>
            <Feature>
              <Code>DTI</Code>
              <Description>£{0:####.00}</Description>
              <Status>T</Status>
              <ProductCost>1000</ProductCost>
              <Definition />
            </Feature>
          </Features>
        </OtherProducts>
      </Quote>
    </Quotes>
    <Messages>
      <Logs>
        <Log>
          <Code>ReqRecvd</Code>
          <LogDateTime>2013-06-12T16:31:22.84026</LogDateTime>
        </Log>
        <Log>
          <Code>ReqQueued</Code>
          <LogDateTime>2013-06-12T16:31:22.84026</LogDateTime>
        </Log>
        <Log>
          <Code>OutProcStart</Code>
          <LogDateTime>2013-06-12T16:31:22.94946</LogDateTime>
        </Log>
        <Log>
          <Code>ProviderStart</Code>
          <LogDateTime>2013-06-12T16:31:22.98066</LogDateTime>
        </Log>
        <Log>
          <Code>ProviderEnd</Code>
          <LogDateTime>2013-06-12T16:32:14.53875</LogDateTime>
        </Log>
        <Log>
          <Code>InProcStart</Code>
          <LogDateTime>2013-06-12T16:32:14.53875</LogDateTime>
        </Log>
      </Logs>
    </Messages>
  </QuoteResult>
  <QuoteResult>
    <Header>
      <ResultStatus>COMPLETE</ResultStatus>
      <PartnerRef>94DA5A31B582430FA313AD15A7698FC0,0,3</PartnerRef>
    </Header>
    <Quotes>
      <Quote>
        <Broker>MPE6</Broker>
        <InsurerName>Premier</InsurerName>
        <LinkDetails>
          <Reference>AAAA0000252931</Reference>
          <RetrievalLink>https://pltestweb.rsagroup.co.uk/MAINT/TEST/morethan-pet/quoteAndBuy.do?qn=AAAA0000252931&amp;pc=L8+7JY&amp;checksum=88b9c74ed18fce1838f681df79e2e07d0eb88112&amp;tier=Premier</RetrievalLink>
        </LinkDetails>
        <Premium>
          <AnnualPremium>123.28</AnnualPremium>
          <InstalmentDetails>
            <Deposit>0</Deposit>
            <NumberOfPayments>12</NumberOfPayments>
            <MonthlyPremium>10.28</MonthlyPremium>
          </InstalmentDetails>
        </Premium>
        <OtherProducts>
          <Features>
            <Feature>
              <Code>VFX</Code>
              <Description>£{0:##.00}</Description>
              <Status>T</Status>
              <ProductCost>75.0</ProductCost>
              <Definition />
            </Feature>
            <Feature>
              <Code>DTI</Code>
              <Description>£{0:####.00}</Description>
              <Status>T</Status>
              <ProductCost>2000</ProductCost>
              <Definition />
            </Feature>
          </Features>
        </OtherProducts>
      </Quote>
    </Quotes>
    <Messages>
      <Logs>
        <Log>
          <Code>ReqRecvd</Code>
          <LogDateTime>2013-06-12T16:31:22.84026</LogDateTime>
        </Log>
        <Log>
          <Code>ReqQueued</Code>
          <LogDateTime>2013-06-12T16:31:22.84026</LogDateTime>
        </Log>
        <Log>
          <Code>OutProcStart</Code>
          <LogDateTime>2013-06-12T16:31:22.94946</LogDateTime>
        </Log>
        <Log>
          <Code>ProviderStart</Code>
          <LogDateTime>2013-06-12T16:31:22.98066</LogDateTime>
        </Log>
        <Log>
          <Code>ProviderEnd</Code>
          <LogDateTime>2013-06-12T16:32:14.53875</LogDateTime>
        </Log>
        <Log>
          <Code>InProcStart</Code>
          <LogDateTime>2013-06-12T16:32:14.53875</LogDateTime>
        </Log>
      </Logs>
    </Messages>
  </QuoteResult>
</QuoteResults>