<SOAP-ENV:Envelope xmlns:SOAP-ENV="http://schemas.xmlsoap.org/soap/envelope/">
  <SOAP-ENV:Header>
    <ns2:Security xmlns:ns2="http://schemas.xmlsoap.org/ws/2002/04/secext" xmlns:ns3="http://www.w3.org/2000/09/xmldsig#">
      <ns2:UsernameToken>
        <ns2:Username>CompareTheMarketUser</ns2:Username>
        <ns2:Password>b0da52ee26684bdbb131e4595526f3b08b2d2fc7f9ae362c18443cc1a86c773c</ns2:Password>
      </ns2:UsernameToken>
    </ns2:Security>
  </SOAP-ENV:Header>
  <SOAP-ENV:Body>
    <ns9:ApplyForPetQuoteResponse xmlns:ns10="http://www.rsagroup.com/services/cal/business/aggregatorapplyforhomequote/message/2.0/" xmlns:ns11="http://www.rsagroup.com/services/cal/business/agghomequotecalculate/message/" xmlns:ns12="http://LWWITI59.opd.ads.uk.rsa-ins.com/rsa.cmr.b2b.agg.home.quote.calculate.V01.web:homeQuoteCalculate" xmlns:ns13="http://www.rsagroup.com/services/cal/business/homequotepayment/message/" xmlns:ns14="http://LWWITI59.opd.ads.uk.rsa-ins.com/rsa.cmr.nwa.home.quote.payment.V01.web:homeQuotePayment" xmlns:ns2="http://www.rsagroup.com/services/cal/core/CALFault/1.2" xmlns:ns3="http://schemas.xmlsoap.org/soap/envelope/" xmlns:ns4="http://www.rsagroup.com/services/cal/core/RSAHeader/0.5" xmlns:ns5="http://www.rsagroup.com/services/rsa/business/applyformotorquoteaggregators/message/2.1/" xmlns:ns6="http://www.rsagroup.com/services/cal/business/paymentreceivepaymentconfirmation/message/2.0/" xmlns:ns7="http://www.rsagroup.com/services/rsa/business/quotechaser/message/2.0/" xmlns:ns8="http://www.rsagroup.com/services/cal/business/aggregatorapplyforpetquote/message/2.0/" xmlns:ns9="http://www.rsagroup.com/services/cal/business/aggregatorapplyforpetquote/message/2.1/">
      <ns9:PET_QUOTE_RESPONSE>
        <ns9:VERSION>1</ns9:VERSION>
        <ns9:PRODUCT_BRAND_NAME>MTHPET</ns9:PRODUCT_BRAND_NAME>
        <ns9:QUOTE_HEADER>
          <ns9:CURRENCY_CODE>GBP</ns9:CURRENCY_CODE>
          <ns9:EXPIRY_DT>2013-07-12</ns9:EXPIRY_DT>
          <ns9:QUOTE_REF>AAAA0000252931</ns9:QUOTE_REF>
          <ns9:CONFIRMED_PRICE>true</ns9:CONFIRMED_PRICE>
          <ns9:QUOTE_BUY_LINK_TYPE>URL</ns9:QUOTE_BUY_LINK_TYPE>
          <ns9:QUOTE_BUY_URL>https://pltestweb.rsagroup.co.uk/MAINT/TEST/morethan-pet/quoteAndBuy.do?qn=AAAA0000252931&amp;pc=L8+7JY&amp;checksum=88b9c74ed18fce1838f681df79e2e07d0eb88112</ns9:QUOTE_BUY_URL>
        </ns9:QUOTE_HEADER>
        <ns9:TIER>
          <ns9:TIER_NAME>Accident Only</ns9:TIER_NAME>
          <ns9:COVER_TYPE>Lifetime</ns9:COVER_TYPE>
          <ns9:COVER_LEVEL>Accident Only</ns9:COVER_LEVEL>
          <ns9:ANNUAL_PREM_AMT>84.61</ns9:ANNUAL_PREM_AMT>
          <ns9:MONTHLY_PREM_AMT>7.05</ns9:MONTHLY_PREM_AMT>
          <ns9:DEPOSIT_PREMIUM_AMT>0.0</ns9:DEPOSIT_PREMIUM_AMT>
          <ns9:NUMBER_OF_INSTALMENTS>12</ns9:NUMBER_OF_INSTALMENTS>
          <ns9:APR_FOR_MONTHLY>0.0</ns9:APR_FOR_MONTHLY>
          <ns9:IPT_APPLIED>0.0</ns9:IPT_APPLIED>
          <ns9:COVERAGES>
            <ns9:COVERAGE>
              <ns9:COVER_SECTION>Vet Fees</ns9:COVER_SECTION>
              <ns9:COMPULSORY_EXCESS>75.0</ns9:COMPULSORY_EXCESS>
              <ns9:ANNUAL_PREMIUM>1.444</ns9:ANNUAL_PREMIUM>
              <ns9:MONTHLY_PREMIUM>0.119</ns9:MONTHLY_PREMIUM>
              <ns9:DEPOSIT_PREMIUM_AMOUNT>0.0</ns9:DEPOSIT_PREMIUM_AMOUNT>
              <ns9:ELEGIBLE>true</ns9:ELEGIBLE>
              <ns9:SELECTED>true</ns9:SELECTED>
            </ns9:COVERAGE>
          </ns9:COVERAGES>
          <ns9:ADD_ONS>
            <ns9:ADD_ON>
              <ns9:COVERAGE>
                <ns9:COVER_SECTION>Vet Fees Ext 1</ns9:COVER_SECTION>
                <ns9:COMPULSORY_EXCESS>75.0</ns9:COMPULSORY_EXCESS>
                <ns9:ANNUAL_PREMIUM>83.16</ns9:ANNUAL_PREMIUM>
                <ns9:MONTHLY_PREMIUM>6.93</ns9:MONTHLY_PREMIUM>
                <ns9:DEPOSIT_PREMIUM_AMOUNT>0.0</ns9:DEPOSIT_PREMIUM_AMOUNT>
                <ns9:ELEGIBLE>true</ns9:ELEGIBLE>
                <ns9:SELECTED>false</ns9:SELECTED>
              </ns9:COVERAGE>
            </ns9:ADD_ON>
          </ns9:ADD_ONS>
          <ns9:COVERLIMITS />
        </ns9:TIER>
        <ns9:TIER>
          <ns9:TIER_NAME>Basic 1,500</ns9:TIER_NAME>
          <ns9:COVER_TYPE>12 Months</ns9:COVER_TYPE>
          <ns9:COVER_LEVEL>Basic £1,500</ns9:COVER_LEVEL>
          <ns9:ANNUAL_PREM_AMT>74.10</ns9:ANNUAL_PREM_AMT>
          <ns9:MONTHLY_PREM_AMT>6.18</ns9:MONTHLY_PREM_AMT>
          <ns9:DEPOSIT_PREMIUM_AMT>0.0</ns9:DEPOSIT_PREMIUM_AMT>
          <ns9:NUMBER_OF_INSTALMENTS>12</ns9:NUMBER_OF_INSTALMENTS>
          <ns9:APR_FOR_MONTHLY>0.0</ns9:APR_FOR_MONTHLY>
          <ns9:IPT_APPLIED>0.0</ns9:IPT_APPLIED>
          <ns9:COVERAGES>
            <ns9:COVERAGE>
              <ns9:COVER_SECTION>Vet Fees</ns9:COVER_SECTION>
              <ns9:COMPULSORY_EXCESS>75.0</ns9:COMPULSORY_EXCESS>
              <ns9:ANNUAL_PREMIUM>1.444</ns9:ANNUAL_PREMIUM>
              <ns9:MONTHLY_PREMIUM>0.119</ns9:MONTHLY_PREMIUM>
              <ns9:DEPOSIT_PREMIUM_AMOUNT>0.0</ns9:DEPOSIT_PREMIUM_AMOUNT>
              <ns9:ELEGIBLE>true</ns9:ELEGIBLE>
              <ns9:SELECTED>true</ns9:SELECTED>
            </ns9:COVERAGE>
          </ns9:COVERAGES>
          <ns9:ADD_ONS>
            <ns9:ADD_ON>
              <ns9:COVERAGE>
                <ns9:COVER_SECTION>Vet Fees Ext 2</ns9:COVER_SECTION>
                <ns9:COMPULSORY_EXCESS>75.0</ns9:COMPULSORY_EXCESS>
                <ns9:ANNUAL_PREMIUM>42.79</ns9:ANNUAL_PREMIUM>
                <ns9:MONTHLY_PREMIUM>3.566</ns9:MONTHLY_PREMIUM>
                <ns9:DEPOSIT_PREMIUM_AMOUNT>0.0</ns9:DEPOSIT_PREMIUM_AMOUNT>
                <ns9:ELEGIBLE>true</ns9:ELEGIBLE>
                <ns9:SELECTED>false</ns9:SELECTED>
              </ns9:COVERAGE>
            </ns9:ADD_ON>
            <ns9:ADD_ON>
              <ns9:COVERAGE>
                <ns9:COVER_SECTION>Vet Fees Illness 1</ns9:COVER_SECTION>
                <ns9:COMPULSORY_EXCESS>75.0</ns9:COMPULSORY_EXCESS>
                <ns9:ANNUAL_PREMIUM>29.86</ns9:ANNUAL_PREMIUM>
                <ns9:MONTHLY_PREMIUM>2.488</ns9:MONTHLY_PREMIUM>
                <ns9:DEPOSIT_PREMIUM_AMOUNT>0.0</ns9:DEPOSIT_PREMIUM_AMOUNT>
                <ns9:ELEGIBLE>true</ns9:ELEGIBLE>
                <ns9:SELECTED>false</ns9:SELECTED>
              </ns9:COVERAGE>
            </ns9:ADD_ON>
          </ns9:ADD_ONS>
          <ns9:COVERLIMITS />
        </ns9:TIER>
        <ns9:TIER>
          <ns9:TIER_NAME>Basic 3,000</ns9:TIER_NAME>
          <ns9:COVER_TYPE>12 Months</ns9:COVER_TYPE>
          <ns9:COVER_LEVEL>Basic £3,000</ns9:COVER_LEVEL>
          <ns9:ANNUAL_PREM_AMT>78.35</ns9:ANNUAL_PREM_AMT>
          <ns9:MONTHLY_PREM_AMT>6.53</ns9:MONTHLY_PREM_AMT>
          <ns9:DEPOSIT_PREMIUM_AMT>0.0</ns9:DEPOSIT_PREMIUM_AMT>
          <ns9:NUMBER_OF_INSTALMENTS>12</ns9:NUMBER_OF_INSTALMENTS>
          <ns9:APR_FOR_MONTHLY>0.0</ns9:APR_FOR_MONTHLY>
          <ns9:IPT_APPLIED>0.0</ns9:IPT_APPLIED>
          <ns9:COVERAGES>
            <ns9:COVERAGE>
              <ns9:COVER_SECTION>Vet Fees</ns9:COVER_SECTION>
              <ns9:COMPULSORY_EXCESS>75.0</ns9:COMPULSORY_EXCESS>
              <ns9:ANNUAL_PREMIUM>1.444</ns9:ANNUAL_PREMIUM>
              <ns9:MONTHLY_PREMIUM>0.119</ns9:MONTHLY_PREMIUM>
              <ns9:DEPOSIT_PREMIUM_AMOUNT>0.0</ns9:DEPOSIT_PREMIUM_AMOUNT>
              <ns9:ELEGIBLE>true</ns9:ELEGIBLE>
              <ns9:SELECTED>true</ns9:SELECTED>
            </ns9:COVERAGE>
          </ns9:COVERAGES>
          <ns9:ADD_ONS>
            <ns9:ADD_ON>
              <ns9:COVERAGE>
                <ns9:COVER_SECTION>Vet Fees Ext 3</ns9:COVER_SECTION>
                <ns9:COMPULSORY_EXCESS>75.0</ns9:COMPULSORY_EXCESS>
                <ns9:ANNUAL_PREMIUM>42.79</ns9:ANNUAL_PREMIUM>
                <ns9:MONTHLY_PREMIUM>3.566</ns9:MONTHLY_PREMIUM>
                <ns9:DEPOSIT_PREMIUM_AMOUNT>0.0</ns9:DEPOSIT_PREMIUM_AMOUNT>
                <ns9:ELEGIBLE>true</ns9:ELEGIBLE>
                <ns9:SELECTED>false</ns9:SELECTED>
              </ns9:COVERAGE>
            </ns9:ADD_ON>
            <ns9:ADD_ON>
              <ns9:COVERAGE>
                <ns9:COVER_SECTION>Vet Fees Illness 2</ns9:COVER_SECTION>
                <ns9:COMPULSORY_EXCESS>75.0</ns9:COMPULSORY_EXCESS>
                <ns9:ANNUAL_PREMIUM>34.11</ns9:ANNUAL_PREMIUM>
                <ns9:MONTHLY_PREMIUM>2.843</ns9:MONTHLY_PREMIUM>
                <ns9:DEPOSIT_PREMIUM_AMOUNT>0.0</ns9:DEPOSIT_PREMIUM_AMOUNT>
                <ns9:ELEGIBLE>true</ns9:ELEGIBLE>
                <ns9:SELECTED>false</ns9:SELECTED>
              </ns9:COVERAGE>
            </ns9:ADD_ON>
          </ns9:ADD_ONS>
          <ns9:COVERLIMITS />
        </ns9:TIER>
        <ns9:TIER>
          <ns9:TIER_NAME>Classic 4,000</ns9:TIER_NAME>
          <ns9:COVER_TYPE>Condition Capped</ns9:COVER_TYPE>
          <ns9:COVER_LEVEL>Classic £4,000</ns9:COVER_LEVEL>
          <ns9:ANNUAL_PREM_AMT>95.67</ns9:ANNUAL_PREM_AMT>
          <ns9:MONTHLY_PREM_AMT>7.98</ns9:MONTHLY_PREM_AMT>
          <ns9:DEPOSIT_PREMIUM_AMT>0.0</ns9:DEPOSIT_PREMIUM_AMT>
          <ns9:NUMBER_OF_INSTALMENTS>12</ns9:NUMBER_OF_INSTALMENTS>
          <ns9:APR_FOR_MONTHLY>0.0</ns9:APR_FOR_MONTHLY>
          <ns9:IPT_APPLIED>0.0</ns9:IPT_APPLIED>
          <ns9:COVERAGES>
            <ns9:COVERAGE>
              <ns9:COVER_SECTION>Vet Fees</ns9:COVER_SECTION>
              <ns9:COMPULSORY_EXCESS>75.0</ns9:COMPULSORY_EXCESS>
              <ns9:ANNUAL_PREMIUM>1.444</ns9:ANNUAL_PREMIUM>
              <ns9:MONTHLY_PREMIUM>0.119</ns9:MONTHLY_PREMIUM>
              <ns9:DEPOSIT_PREMIUM_AMOUNT>0.0</ns9:DEPOSIT_PREMIUM_AMOUNT>
              <ns9:ELEGIBLE>true</ns9:ELEGIBLE>
              <ns9:SELECTED>true</ns9:SELECTED>
            </ns9:COVERAGE>
          </ns9:COVERAGES>
          <ns9:ADD_ONS>
            <ns9:ADD_ON>
              <ns9:COVERAGE>
                <ns9:COVER_SECTION>Vet Fees Accident 4</ns9:COVER_SECTION>
                <ns9:COMPULSORY_EXCESS>75.0</ns9:COMPULSORY_EXCESS>
                <ns9:ANNUAL_PREMIUM>42.79</ns9:ANNUAL_PREMIUM>
                <ns9:MONTHLY_PREMIUM>3.566</ns9:MONTHLY_PREMIUM>
                <ns9:DEPOSIT_PREMIUM_AMOUNT>0.0</ns9:DEPOSIT_PREMIUM_AMOUNT>
                <ns9:ELEGIBLE>true</ns9:ELEGIBLE>
                <ns9:SELECTED>false</ns9:SELECTED>
              </ns9:COVERAGE>
            </ns9:ADD_ON>
            <ns9:ADD_ON>
              <ns9:COVERAGE>
                <ns9:COVER_SECTION>Vet Fees Illness 3</ns9:COVER_SECTION>
                <ns9:COMPULSORY_EXCESS>75.0</ns9:COMPULSORY_EXCESS>
                <ns9:ANNUAL_PREMIUM>42.39</ns9:ANNUAL_PREMIUM>
                <ns9:MONTHLY_PREMIUM>3.533</ns9:MONTHLY_PREMIUM>
                <ns9:DEPOSIT_PREMIUM_AMOUNT>0.0</ns9:DEPOSIT_PREMIUM_AMOUNT>
                <ns9:ELEGIBLE>true</ns9:ELEGIBLE>
                <ns9:SELECTED>false</ns9:SELECTED>
              </ns9:COVERAGE>
            </ns9:ADD_ON>
            <ns9:ADD_ON>
              <ns9:COVERAGE>
                <ns9:COVER_SECTION>Overseas Travel 3</ns9:COVER_SECTION>
                <ns9:COMPULSORY_EXCESS>0.0</ns9:COMPULSORY_EXCESS>
                <ns9:ANNUAL_PREMIUM>3.04</ns9:ANNUAL_PREMIUM>
                <ns9:MONTHLY_PREMIUM>0.253</ns9:MONTHLY_PREMIUM>
                <ns9:DEPOSIT_PREMIUM_AMOUNT>0.0</ns9:DEPOSIT_PREMIUM_AMOUNT>
                <ns9:ELEGIBLE>true</ns9:ELEGIBLE>
                <ns9:SELECTED>false</ns9:SELECTED>
              </ns9:COVERAGE>
            </ns9:ADD_ON>
            <ns9:ADD_ON>
              <ns9:COVERAGE>
                <ns9:COVER_SECTION>Adver Rew &amp; Theft 2</ns9:COVER_SECTION>
                <ns9:COMPULSORY_EXCESS>0.0</ns9:COMPULSORY_EXCESS>
                <ns9:ANNUAL_PREMIUM>6.0</ns9:ANNUAL_PREMIUM>
                <ns9:MONTHLY_PREMIUM>0.5</ns9:MONTHLY_PREMIUM>
                <ns9:DEPOSIT_PREMIUM_AMOUNT>0.0</ns9:DEPOSIT_PREMIUM_AMOUNT>
                <ns9:ELEGIBLE>true</ns9:ELEGIBLE>
                <ns9:SELECTED>true</ns9:SELECTED>
              </ns9:COVERAGE>
            </ns9:ADD_ON>
          </ns9:ADD_ONS>
          <ns9:COVERLIMITS />
        </ns9:TIER>
        <ns9:TIER>
          <ns9:TIER_NAME>Classic 8,000</ns9:TIER_NAME>
          <ns9:COVER_TYPE>Condition Capped</ns9:COVER_TYPE>
          <ns9:COVER_LEVEL>Classic £8,000</ns9:COVER_LEVEL>
          <ns9:ANNUAL_PREM_AMT>101.34</ns9:ANNUAL_PREM_AMT>
          <ns9:MONTHLY_PREM_AMT>8.45</ns9:MONTHLY_PREM_AMT>
          <ns9:DEPOSIT_PREMIUM_AMT>0.0</ns9:DEPOSIT_PREMIUM_AMT>
          <ns9:NUMBER_OF_INSTALMENTS>12</ns9:NUMBER_OF_INSTALMENTS>
          <ns9:APR_FOR_MONTHLY>0.0</ns9:APR_FOR_MONTHLY>
          <ns9:IPT_APPLIED>0.0</ns9:IPT_APPLIED>
          <ns9:COVERAGES>
            <ns9:COVERAGE>
              <ns9:COVER_SECTION>Vet Fees</ns9:COVER_SECTION>
              <ns9:COMPULSORY_EXCESS>75.0</ns9:COMPULSORY_EXCESS>
              <ns9:ANNUAL_PREMIUM>1.444</ns9:ANNUAL_PREMIUM>
              <ns9:MONTHLY_PREMIUM>0.119</ns9:MONTHLY_PREMIUM>
              <ns9:DEPOSIT_PREMIUM_AMOUNT>0.0</ns9:DEPOSIT_PREMIUM_AMOUNT>
              <ns9:ELEGIBLE>true</ns9:ELEGIBLE>
              <ns9:SELECTED>true</ns9:SELECTED>
            </ns9:COVERAGE>
          </ns9:COVERAGES>
          <ns9:ADD_ONS>
            <ns9:ADD_ON>
              <ns9:COVERAGE>
                <ns9:COVER_SECTION>Vet Fees Accident 5</ns9:COVER_SECTION>
                <ns9:COMPULSORY_EXCESS>75.0</ns9:COMPULSORY_EXCESS>
                <ns9:ANNUAL_PREMIUM>42.79</ns9:ANNUAL_PREMIUM>
                <ns9:MONTHLY_PREMIUM>3.566</ns9:MONTHLY_PREMIUM>
                <ns9:DEPOSIT_PREMIUM_AMOUNT>0.0</ns9:DEPOSIT_PREMIUM_AMOUNT>
                <ns9:ELEGIBLE>true</ns9:ELEGIBLE>
                <ns9:SELECTED>true</ns9:SELECTED>
              </ns9:COVERAGE>
            </ns9:ADD_ON>
            <ns9:ADD_ON>
              <ns9:COVERAGE>
                <ns9:COVER_SECTION>Vet Fees Illness 4</ns9:COVER_SECTION>
                <ns9:COMPULSORY_EXCESS>75.0</ns9:COMPULSORY_EXCESS>
                <ns9:ANNUAL_PREMIUM>47.54</ns9:ANNUAL_PREMIUM>
                <ns9:MONTHLY_PREMIUM>3.962</ns9:MONTHLY_PREMIUM>
                <ns9:DEPOSIT_PREMIUM_AMOUNT>0.0</ns9:DEPOSIT_PREMIUM_AMOUNT>
                <ns9:ELEGIBLE>true</ns9:ELEGIBLE>
                <ns9:SELECTED>true</ns9:SELECTED>
              </ns9:COVERAGE>
            </ns9:ADD_ON>
            <ns9:ADD_ON>
              <ns9:COVERAGE>
                <ns9:COVER_SECTION>Overseas Travel 4</ns9:COVER_SECTION>
                <ns9:COMPULSORY_EXCESS>0.0</ns9:COMPULSORY_EXCESS>
                <ns9:ANNUAL_PREMIUM>3.56</ns9:ANNUAL_PREMIUM>
                <ns9:MONTHLY_PREMIUM>0.297</ns9:MONTHLY_PREMIUM>
                <ns9:DEPOSIT_PREMIUM_AMOUNT>0.0</ns9:DEPOSIT_PREMIUM_AMOUNT>
                <ns9:ELEGIBLE>true</ns9:ELEGIBLE>
                <ns9:SELECTED>true</ns9:SELECTED>
              </ns9:COVERAGE>
            </ns9:ADD_ON>
            <ns9:ADD_ON>
              <ns9:COVERAGE>
                <ns9:COVER_SECTION>Adver Rew &amp; Theft 2</ns9:COVER_SECTION>
                <ns9:COMPULSORY_EXCESS>0.0</ns9:COMPULSORY_EXCESS>
                <ns9:ANNUAL_PREMIUM>6.0</ns9:ANNUAL_PREMIUM>
                <ns9:MONTHLY_PREMIUM>0.5</ns9:MONTHLY_PREMIUM>
                <ns9:DEPOSIT_PREMIUM_AMOUNT>0.0</ns9:DEPOSIT_PREMIUM_AMOUNT>
                <ns9:ELEGIBLE>true</ns9:ELEGIBLE>
                <ns9:SELECTED>true</ns9:SELECTED>
              </ns9:COVERAGE>
            </ns9:ADD_ON>
          </ns9:ADD_ONS>
          <ns9:COVERLIMITS />
        </ns9:TIER>
        <ns9:TIER>
          <ns9:TIER_NAME>Premier</ns9:TIER_NAME>
          <ns9:COVER_TYPE>Lifetime</ns9:COVER_TYPE>
          <ns9:COVER_LEVEL>MT Premier</ns9:COVER_LEVEL>
          <ns9:ANNUAL_PREM_AMT>123.28</ns9:ANNUAL_PREM_AMT>
          <ns9:MONTHLY_PREM_AMT>10.28</ns9:MONTHLY_PREM_AMT>
          <ns9:DEPOSIT_PREMIUM_AMT>0.0</ns9:DEPOSIT_PREMIUM_AMT>
          <ns9:NUMBER_OF_INSTALMENTS>12</ns9:NUMBER_OF_INSTALMENTS>
          <ns9:APR_FOR_MONTHLY>0.0</ns9:APR_FOR_MONTHLY>
          <ns9:IPT_APPLIED>0.0</ns9:IPT_APPLIED>
          <ns9:COVERAGES>
            <ns9:COVERAGE>
              <ns9:COVER_SECTION>Vet Fees</ns9:COVER_SECTION>
              <ns9:COMPULSORY_EXCESS>75.0</ns9:COMPULSORY_EXCESS>
              <ns9:ANNUAL_PREMIUM>1.444</ns9:ANNUAL_PREMIUM>
              <ns9:MONTHLY_PREMIUM>0.119</ns9:MONTHLY_PREMIUM>
              <ns9:DEPOSIT_PREMIUM_AMOUNT>0.0</ns9:DEPOSIT_PREMIUM_AMOUNT>
              <ns9:ELEGIBLE>true</ns9:ELEGIBLE>
              <ns9:SELECTED>true</ns9:SELECTED>
            </ns9:COVERAGE>
          </ns9:COVERAGES>
          <ns9:ADD_ONS>
            <ns9:ADD_ON>
              <ns9:COVERAGE>
                <ns9:COVER_SECTION>Vet Fees Accident 6</ns9:COVER_SECTION>
                <ns9:COMPULSORY_EXCESS>75.0</ns9:COMPULSORY_EXCESS>
                <ns9:ANNUAL_PREMIUM>42.79</ns9:ANNUAL_PREMIUM>
                <ns9:MONTHLY_PREMIUM>3.566</ns9:MONTHLY_PREMIUM>
                <ns9:DEPOSIT_PREMIUM_AMOUNT>0.0</ns9:DEPOSIT_PREMIUM_AMOUNT>
                <ns9:ELEGIBLE>true</ns9:ELEGIBLE>
                <ns9:SELECTED>false</ns9:SELECTED>
              </ns9:COVERAGE>
            </ns9:ADD_ON>
            <ns9:ADD_ON>
              <ns9:COVERAGE>
                <ns9:COVER_SECTION>Vet Fees Illness 5</ns9:COVER_SECTION>
                <ns9:COMPULSORY_EXCESS>75.0</ns9:COMPULSORY_EXCESS>
                <ns9:ANNUAL_PREMIUM>53.28</ns9:ANNUAL_PREMIUM>
                <ns9:MONTHLY_PREMIUM>4.44</ns9:MONTHLY_PREMIUM>
                <ns9:DEPOSIT_PREMIUM_AMOUNT>0.0</ns9:DEPOSIT_PREMIUM_AMOUNT>
                <ns9:ELEGIBLE>true</ns9:ELEGIBLE>
                <ns9:SELECTED>false</ns9:SELECTED>
              </ns9:COVERAGE>
            </ns9:ADD_ON>
            <ns9:ADD_ON>
              <ns9:COVERAGE>
                <ns9:COVER_SECTION>Overseas Travel 5</ns9:COVER_SECTION>
                <ns9:COMPULSORY_EXCESS>0.0</ns9:COMPULSORY_EXCESS>
                <ns9:ANNUAL_PREMIUM>4.13</ns9:ANNUAL_PREMIUM>
                <ns9:MONTHLY_PREMIUM>0.344</ns9:MONTHLY_PREMIUM>
                <ns9:DEPOSIT_PREMIUM_AMOUNT>0.0</ns9:DEPOSIT_PREMIUM_AMOUNT>
                <ns9:ELEGIBLE>true</ns9:ELEGIBLE>
                <ns9:SELECTED>false</ns9:SELECTED>
              </ns9:COVERAGE>
            </ns9:ADD_ON>
            <ns9:ADD_ON>
              <ns9:COVERAGE>
                <ns9:COVER_SECTION>Adver Rew &amp; Theft 3</ns9:COVER_SECTION>
                <ns9:COMPULSORY_EXCESS>0.0</ns9:COMPULSORY_EXCESS>
                <ns9:ANNUAL_PREMIUM>6.22</ns9:ANNUAL_PREMIUM>
                <ns9:MONTHLY_PREMIUM>0.518</ns9:MONTHLY_PREMIUM>
                <ns9:DEPOSIT_PREMIUM_AMOUNT>0.0</ns9:DEPOSIT_PREMIUM_AMOUNT>
                <ns9:ELEGIBLE>true</ns9:ELEGIBLE>
                <ns9:SELECTED>false</ns9:SELECTED>
              </ns9:COVERAGE>
            </ns9:ADD_ON>
            <ns9:ADD_ON>
              <ns9:COVERAGE>
                <ns9:COVER_SECTION>Euthanasia / Cremation / Burial 1</ns9:COVER_SECTION>
                <ns9:COMPULSORY_EXCESS>0.0</ns9:COMPULSORY_EXCESS>
                <ns9:ANNUAL_PREMIUM>15.41</ns9:ANNUAL_PREMIUM>
                <ns9:MONTHLY_PREMIUM>1.284</ns9:MONTHLY_PREMIUM>
                <ns9:DEPOSIT_PREMIUM_AMOUNT>0.0</ns9:DEPOSIT_PREMIUM_AMOUNT>
                <ns9:ELEGIBLE>true</ns9:ELEGIBLE>
                <ns9:SELECTED>false</ns9:SELECTED>
              </ns9:COVERAGE>
            </ns9:ADD_ON>
          </ns9:ADD_ONS>
          <ns9:COVERLIMITS />
        </ns9:TIER>
        <ns9:CUSTOMER_SUMMARY>
          <ns9:LAST_NAME>blogs</ns9:LAST_NAME>
          <ns9:FIRST_NAME>mary</ns9:FIRST_NAME>
          <ns9:DATE_OF_BIRTH>1961-10-10</ns9:DATE_OF_BIRTH>
          <ns9:POST_CODE>L8 7JY</ns9:POST_CODE>
        </ns9:CUSTOMER_SUMMARY>
        <ns9:DOCUMENTATION>
          <ns9:DOCUMENT>
            <ns9:DOCUMENT_TYPE>Policy Summary</ns9:DOCUMENT_TYPE>
            <ns9:DOCUMENT_URL>horoap544%3A7070%2Fss%2FSatellite%3Fblobcol%3Durldata%26blobheader%3Dapplication%252Fpdf%26blobheadername1%3DContent-Disposition%26blobheadername2%3DMDT-Type%26blobheadervalue1%3Dinline%253B%2Bfilename%253DJohn%2BLewis%2BPet%2BPolicy%2BSummary%26blobheadervalue2%3Dabinary%253B%2Bcharset%253DUTF-8%26blobkey%3Did%26blobtable%3DMungoBlobs%26blobwhere%3D1299010795781%26ssbinary%3Dtrue</ns9:DOCUMENT_URL>
          </ns9:DOCUMENT>
          <ns9:DOCUMENT>
            <ns9:DOCUMENT_TYPE>Policy Wording</ns9:DOCUMENT_TYPE>
            <ns9:DOCUMENT_URL>horoap544%3A7070%2Fss%2FSatellite%3Fblobcol%3Durldata%26blobheader%3Dapplication%252Fpdf%26blobheadername1%3DContent-Disposition%26blobheadername2%3DMDT-Type%26blobheadervalue1%3Dinline%253B%2Bfilename%253DJohn%2BLewis%2BPet%2BBooklet%2BDocument%26blobheadervalue2%3Dabinary%253B%2Bcharset%253DUTF-8%26blobkey%3Did%26blobtable%3DMungoBlobs%26blobwhere%3D1299001832499%26ssbinary%3Dtrue</ns9:DOCUMENT_URL>
          </ns9:DOCUMENT>
        </ns9:DOCUMENTATION>
      </ns9:PET_QUOTE_RESPONSE>
    </ns9:ApplyForPetQuoteResponse>
  </SOAP-ENV:Body>
</SOAP-ENV:Envelope>