﻿<?xml version="1.0" encoding="utf-8"?>
<soap:Envelope xsi:schemaLocation="http://ssp.web.services/MotorAggregator/schemas/PMQuoteData.xsd" xmlns:soap="http://schemas.xmlsoap.org/soap/envelope/" xmlns:xsi="http://www.w3.org/2001/XMLSchema-instance">
  <soap:Body>
    <GetQuote xmlns="http://WebServices.ssp-uk.com/MotorAggregator/">
      <PMQuoteData xmlns="http://ssp.web.services/MotorAggregator/schemas/PMQuoteData.xsd">
        <PMQuoteDataID>1</PMQuoteDataID>
        <Control>
          <ProcessQuoteDetail>true</ProcessQuoteDetail>
          <ProcessDocuments>true</ProcessDocuments>
          <ProcessEndorsements>false</ProcessEndorsements>
          <ProcessUseDetail>true</ProcessUseDetail>
          <ProcessUWNotes>true</ProcessUWNotes>
          <ProcessWarnings>false</ProcessWarnings>
          <ProcessPremiumBreakdown>false</ProcessPremiumBreakdown>
          <ProcessExcesses>true</ProcessExcesses>
          <LOB>
            <Description>PMC</Description>
            <Abi>1</Abi>
          </LOB>
          <MaxQuoteNumber>1</MaxQuoteNumber>
          <QuotePanel>
            <Description>Broker Panel</Description>
            <Abi>2</Abi>
          </QuotePanel>
          <Polaris>true</Polaris>
          <SSP>true</SSP>
          <EngineVersion>4</EngineVersion>
          <CreditControlConsent>true</CreditControlConsent>
        </Control>
        <Policy>
          <CoverDate>2013-10-31</CoverDate>
          <CoverMonths>12</CoverMonths>
          <CoverType>
            <Description>Comprehensive</Description>
            <Abi>01</Abi>
          </CoverType>
          <DrivingRestriction>
            <Description>Insured and Named Drivers</Description>
            <Abi>7</Abi>
          </DrivingRestriction>
          <VehicleUsage>
            <Description>SDP, Inc. Commuting</Description>
            <Abi>2</Abi>
          </VehicleUsage>
          <VoluntaryExcess>250</VoluntaryExcess>
        </Policy>
        <Proposer>
          <Address>
            <Address1>4 Duke of Edinburgh Way</Address1>
            <Address3></Address3>
            <Town>Malvern</Town>
            <County></County>
            <PostCode>WR14 1AZ</PostCode>
          </Address>
          <Email>occupation30@emailreaction.org</Email>
          <HomeTelephone></HomeTelephone>
          <PaymentFrequency>
            <Description>Unknown</Description>
            <Abi>U</Abi>
          </PaymentFrequency>
          <PreviousInsurance>
            <PreviousInsuranceEndDate>2013-10-31</PreviousInsuranceEndDate>
            <PreviousInsurer>
              <Description>UNKNOWN</Description>
              <Abi>997</Abi>
            </PreviousInsurer>
          </PreviousInsurance>
          <ProposerType>
            <Description>Private</Description>
            <Abi>P</Abi>
          </ProposerType>
          <NumberOfCarsInFamily>1</NumberOfCarsInFamily>
        </Proposer>
        <NCD>
          <Protected>false</Protected>
          <NCDType>
            <Description>Private Motor</Description>
            <Abi>11</Abi>
          </NCDType>
          <Years>4</Years>
        </NCD>
        <Drivers>
          <Driver>
            <AccessOtherCars>0</AccessOtherCars>
            <Children>1</Children>
            <Commuting>true</Commuting>
            <CriminalConvictions>false</CriminalConvictions>
            <Disabled>false</Disabled>
            <DOB>1970-01-14</DOB>
            <HomeOwner>true</HomeOwner>
            <Increased>false</Increased>
            <Licence>
              <LicenceDate>2003-10-31</LicenceDate>
              <LicenceType>
                <Description>Full (U.K.)</Description>
                <Abi>F</Abi>
              </LicenceType>
            </Licence>
            <MaritalStatus>
              <Description>Married</Description>
              <Abi>M</Abi>
            </MaritalStatus>
            <Title>
              <Description>Mr</Description>
              <Abi>003</Abi>
            </Title>
            <FirstName>Test</FirstName>
            <Surname>Occupation</Surname>
            <Occupations>
              <Occupation>
                <Business>
                  <Description>Animal Rescue Home</Description>
                  <Abi>838</Abi>
                </Business>
                <Fulltime>true</Fulltime>
                <EmploymentStatus>
                  <Description>Employed</Description>
                  <Abi>E</Abi>
                </EmploymentStatus>
                <OccupationType>
                  <Description>Advertising Contractor</Description>
                  <Abi>680</Abi>
                </OccupationType>
              </Occupation>
            </Occupations>
            <Refused>false</Refused>
            <RelationshipToProposer>
              <Description>Proposer</Description>
              <Abi>P</Abi>
            </RelationshipToProposer>
            <Residency>
              <DateToUK>1970-01-14</DateToUK>
              <Permanent>true</Permanent>
              <Years>43</Years>
            </Residency>
            <Sex>
              <Description>Male</Description>
              <Abi>M</Abi>
            </Sex>
            <Smoke>false</Smoke>
            <SpecialTerms>false</SpecialTerms>
            <UsageFrequency>
              <Description>Main User</Description>
              <Abi>M</Abi>
            </UsageFrequency>
            <YearsDrivingExperience>10</YearsDrivingExperience>
          </Driver>
          <Driver>
            <AccessOtherCars>0</AccessOtherCars>
            <Children>0</Children>
            <Commuting>true</Commuting>
            <CriminalConvictions>false</CriminalConvictions>
            <Disabled>false</Disabled>
            <DOB>1976-01-01</DOB>
            <HomeOwner>false</HomeOwner>
            <Increased>false</Increased>
            <Licence>
              <LicenceDate>1998-10-31</LicenceDate>
              <LicenceType>
                <Description>Full (U.K.)</Description>
                <Abi>F</Abi>
              </LicenceType>
            </Licence>
            <MaritalStatus>
              <Description>Married</Description>
              <Abi>M</Abi>
            </MaritalStatus>
            <Title>
              <Description>Mr</Description>
              <Abi>003</Abi>
            </Title>
            <FirstName>Test</FirstName>
            <Surname>Addone</Surname>
            <Occupations>
              <Occupation>
                <Business>
                  <Description>Painting And Decorating</Description>
                  <Abi>098</Abi>
                </Business>
                <Fulltime>true</Fulltime>
                <EmploymentStatus>
                  <Description>Employed</Description>
                  <Abi>E</Abi>
                </EmploymentStatus>
                <OccupationType>
                  <Description>Draughtswoman</Description>
                  <Abi>650</Abi>
                </OccupationType>
              </Occupation>
            </Occupations>
            <Refused>false</Refused>
            <RelationshipToProposer>
              <Description>Parent</Description>
              <Abi>M</Abi>
            </RelationshipToProposer>
            <Residency>
              <DateToUK>1976-01-01</DateToUK>
              <Permanent>true</Permanent>
              <Years>37</Years>
            </Residency>
            <Sex>
              <Description>Male</Description>
              <Abi>M</Abi>
            </Sex>
            <Smoke>false</Smoke>
            <SpecialTerms>false</SpecialTerms>
            <UsageFrequency>
              <Description>Infrequent (Casual)</Description>
              <Abi>C</Abi>
            </UsageFrequency>
            <YearsDrivingExperience>15</YearsDrivingExperience>
          </Driver>
          <Driver>
            <AccessOtherCars>0</AccessOtherCars>
            <Children>0</Children>
            <Commuting>true</Commuting>
            <CriminalConvictions>false</CriminalConvictions>
            <Disabled>false</Disabled>
            <DOB>1965-08-31</DOB>
            <HomeOwner>false</HomeOwner>
            <Increased>false</Increased>
            <Licence>
              <LicenceDate>1998-10-31</LicenceDate>
              <LicenceType>
                <Description>Full (U.K.)</Description>
                <Abi>F</Abi>
              </LicenceType>
            </Licence>
            <MaritalStatus>
              <Description>Widowed</Description>
              <Abi>W</Abi>
            </MaritalStatus>
            <Title>
              <Description>Mr</Description>
              <Abi>003</Abi>
            </Title>
            <FirstName>Test</FirstName>
            <Surname>Addtwo</Surname>
            <Occupations>
              <Occupation>
                <Business>
                  <Description>Accountancy</Description>
                  <Abi>001</Abi>
                </Business>
                <Fulltime>true</Fulltime>
                <EmploymentStatus>
                  <Description>Employed</Description>
                  <Abi>E</Abi>
                </EmploymentStatus>
                <OccupationType>
                  <Description>Mechanical Engineer</Description>
                  <Abi>E16</Abi>
                </OccupationType>
              </Occupation>
            </Occupations>
            <Refused>false</Refused>
            <RelationshipToProposer>
              <Description>Parent</Description>
              <Abi>M</Abi>
            </RelationshipToProposer>
            <Residency>
              <DateToUK>1965-08-31</DateToUK>
              <Permanent>true</Permanent>
              <Years>48</Years>
            </Residency>
            <Sex>
              <Description>Male</Description>
              <Abi>M</Abi>
            </Sex>
            <Smoke>false</Smoke>
            <SpecialTerms>false</SpecialTerms>
            <UsageFrequency>
              <Description>Infrequent (Casual)</Description>
              <Abi>C</Abi>
            </UsageFrequency>
            <YearsDrivingExperience>15</YearsDrivingExperience>
          </Driver>
        </Drivers>
        <Vehicles>
          <Vehicle>
            <BodyType>
              <Description>Saloon/Coupe</Description>
              <Abi>01</Abi>
            </BodyType>
            <DateManufactured>2008-10-31</DateManufactured>
            <DatePurchased>2011-01-01</DatePurchased>
            <DateRegistered>2008-10-31</DateRegistered>
            <DriveSide>
              <Description>Right Hand Drive</Description>
              <Abi>R</Abi>
            </DriveSide>
            <Fuel>
              <Description>Diesel</Description>
              <Abi>001</Abi>
            </Fuel>
            <Imported>false</Imported>
            <KeptAtProposerAddress>true</KeptAtProposerAddress>
            <KeptLocation>
              <Description>Garaged</Description>
              <Abi>1</Abi>
            </KeptLocation>
            <KeptAddress>
              <Address1>4 Duke of Edinburgh Way</Address1>
              <Address3></Address3>
              <Town>Malvern</Town>
              <County></County>
              <PostCode>WR14 1AZ</PostCode>
            </KeptAddress>
            <Make>Peugeot</Make>
            <Model>307</Model>
            <PleasureMiles>5028</PleasureMiles>
            <NumberDoors>5</NumberDoors>
            <NumberSeats>5</NumberSeats>
            <VehicleOwner>
              <Description>Proposer</Description>
              <Abi>1</Abi>
            </VehicleOwner>
            <VehicleKeeper>
              <Description>Proposer</Description>
              <Abi>1</Abi>
            </VehicleKeeper>
            <Registration>KX07VXM</Registration>
            <SecurityDevices>
              <SecurityDevice>
                <DeviceFitter>
                  <Description>Unknown</Description>
                  <Abi>6</Abi>
                </DeviceFitter>
                <DeviceType>
                  <Description>Unknown Immobiliser</Description>
                  <Abi>93</Abi>
                </DeviceType>
              </SecurityDevice>
            </SecurityDevices>
            <TransmissionType>
              <Description>Manual</Description>
              <Abi>002</Abi>
            </TransmissionType>
            <Value>5000</Value>
            <VehicleDetails>
              <Description>2008 Peugeot 307 S Hdi (110), 1560CC Diesel, 5DR, Manual</Description>
              <Abi>39056402</Abi>
            </VehicleDetails>
          </Vehicle>
        </Vehicles>
      </PMQuoteData>
      <sourceOfBusiness>CompareTheMarket</sourceOfBusiness>
      <brokerSCID>A04402</brokerSCID>
    </GetQuote>
  </soap:Body>
</soap:Envelope>