<soap:Envelope xmlns:soap="http://schemas.xmlsoap.org/soap/envelope/" xmlns:xsi="http://www.w3.org/2001/XMLSchema-instance" xmlns:xsd="http://www.w3.org/2001/XMLSchema">
  <soap:Body>
    <PrivateCar>
      <a:QuoteRequest Version="1" xmlns:a="http://insure-systems.co.uk/Schema/QuoteRequest/1-0">
        <a:Header>
          <a:Sender>
            <a:SourceCode>CM02</a:SourceCode>
            <a:PartnerRef>924795250EDF4C64A9C0B15E74793AD8,0,1</a:PartnerRef>
            <a:AffinityCode>CTM</a:AffinityCode>
            <a:RepeatQuote />
          </a:Sender>
          <a:ServiceContext>
            <a:Server>PBO-CTMAPPREG01</a:Server>
            <a:Path>/PrivateCar/Motor/PricePage.aspx</a:Path>
            <a:PathUrl>http://pbo-ctmwebreg01.uat.local/PrivateCar/Motor/PricePage.aspx</a:PathUrl>
            <a:PathPhysical>D:\ctm\CTMWeb\CurrentVersion\</a:PathPhysical>
            <a:QueryString>(no set)</a:QueryString>
            <a:ClientOS>WinNT</a:ClientOS>
            <a:ClientBrowser>Firefox</a:ClientBrowser>
            <a:ClientVersion>23.0</a:ClientVersion>
            <a:ClientJScriptVersion>0.0</a:ClientJScriptVersion>
            <a:ClientEcmaScriptVersion>3.0</a:ClientEcmaScriptVersion>
            <a:SessionSessionGuid>aae0e70b-b253-4d55-98a4-612734fb5631</a:SessionSessionGuid>
            <a:SessionTransactionID>924795250EDF4C64A9C0B15E74793AD8</a:SessionTransactionID>
            <a:CurrentExecutingRequestGuid>197b1443-b7c3-4e2b-9095-6de7deb42253</a:CurrentExecutingRequestGuid>
            <a:HttpConnectionConnection>keep-alive</a:HttpConnectionConnection>
            <a:HttpConnectionAccept>text/html,application/xhtml+xml,application/xml;q=0.9,*/*;q=0.8</a:HttpConnectionAccept>
            <a:HttpConnectionAcceptLanguage>en-US,en;q=0.5</a:HttpConnectionAcceptLanguage>
            <a:HttpConnectionHost>pbo-ctmwebreg01.uat.local</a:HttpConnectionHost>
            <a:HttpConnectionReferrer>http://pbo-ctmwebreg01.uat.local/PrivateCar/Motor/AboutYourPolicy.aspx</a:HttpConnectionReferrer>
            <a:HttpConnectionContentType />
            <a:HttpConnectionHttpMethod>GET</a:HttpConnectionHttpMethod>
            <a:HttpConnectionUserHostAddress>172.29.69.203</a:HttpConnectionUserHostAddress>
            <a:ApplicationName>BGL.CompareTheMarket.Services.QuoteService</a:ApplicationName>
            <a:JourneyJourneyType>(no set)</a:JourneyJourneyType>
            <a:JourneySourceCode>CM02</a:JourneySourceCode>
            <a:JourneyAffinityCode>CTM</a:JourneyAffinityCode>
            <a:JourneyProductCode>PC</a:JourneyProductCode>
            <a:VisitorID>(no set)</a:VisitorID>
            <a:VisitLogID>(no set)</a:VisitLogID>
          </a:ServiceContext>
        </a:Header>
        <a:Lead>
          <a:Proposer>1</a:Proposer>
          <a:PostalAddress>1</a:PostalAddress>
          <a:MarketingOptOut>
            <a:EmailOptOut>N</a:EmailOptOut>
            <a:PostOptOut>N</a:PostOptOut>
            <a:PhoneOptOut>Y</a:PhoneOptOut>
            <a:SMSOptOut>Y</a:SMSOptOut>
          </a:MarketingOptOut>
          <a:Persons>
            <a:Person id="1">
              <a:Title>MR</a:Title>
              <a:TitleDesc>Mr</a:TitleDesc>
              <a:FirstName>Test</a:FirstName>
              <a:Surname>Occupation</a:Surname>
              <a:DOB>1970-01-14</a:DOB>
              <a:Gender>M</a:Gender>
              <a:GenderDesc>Male</a:GenderDesc>
              <a:MaritalStatus>M</a:MaritalStatus>
              <a:MaritalStatusDesc>Married</a:MaritalStatusDesc>
              <a:EmploymentStatus>E</a:EmploymentStatus>
              <a:EmploymentStatusDesc>Employed</a:EmploymentStatusDesc>
              <a:PrimaryOccupation>
                <a:OccupationCode>680</a:OccupationCode>
                <a:OccupationCodeDesc>Advertising Contractor</a:OccupationCodeDesc>
                <a:BusinessCode>838</a:BusinessCode>
                <a:BusinessCodeDesc>Animal Rescue Home</a:BusinessCodeDesc>
              </a:PrimaryOccupation>
              <a:Licence>
                <a:LicenceType>F</a:LicenceType>
                <a:LicenceTypeDesc>Full UK Car Licence</a:LicenceTypeDesc>
                <a:LicenceHeldYears>10</a:LicenceHeldYears>
                <a:DateLicenceObtained></a:DateLicenceObtained>
                <a:DrivingQualifications>DQN</a:DrivingQualifications>
                <a:DrivingQualificationsDate></a:DrivingQualificationsDate>
              </a:Licence>
              <a:Resident>
                <a:ResidentSince>0001-01-01</a:ResidentSince>
                <a:UkResidentSinceDOB>Y</a:UkResidentSinceDOB>
              </a:Resident>
              <a:UseOtherVehicles>XVE</a:UseOtherVehicles>
              <a:VehiclesInHousehold>1</a:VehiclesInHousehold>
              <a:AddressAsProposer>Y</a:AddressAsProposer>
              <a:HomeOwner>Y</a:HomeOwner>
              <a:PassPlus>N</a:PassPlus>
              <a:HaveMotorClaim>false</a:HaveMotorClaim>
              <a:HaveMotorConviction>false</a:HaveMotorConviction>
              <a:MotorInsuranceCancelled>N</a:MotorInsuranceCancelled>
              <a:HaveNonMotorConviction>false</a:HaveNonMotorConviction>
              <a:ChildrenUnder16>Y</a:ChildrenUnder16>
              <a:Ghost>false</a:Ghost>
              <a:DVLAMedicalCondition>DVN</a:DVLAMedicalCondition>
              <a:PassedCBT></a:PassedCBT>
              <a:LargestCCBike>0</a:LargestCCBike>
            </a:Person>
            <a:Person id="2">
              <a:Title>MR</a:Title>
              <a:TitleDesc>Mr</a:TitleDesc>
              <a:FirstName>Test</a:FirstName>
              <a:Surname>Addone</a:Surname>
              <a:DOB>1976-01-01</a:DOB>
              <a:Gender>M</a:Gender>
              <a:GenderDesc>Male</a:GenderDesc>
              <a:MaritalStatus>M</a:MaritalStatus>
              <a:MaritalStatusDesc>Married</a:MaritalStatusDesc>
              <a:EmploymentStatus>E</a:EmploymentStatus>
              <a:EmploymentStatusDesc>Employed</a:EmploymentStatusDesc>
              <a:PrimaryOccupation>
                <a:OccupationCode>650</a:OccupationCode>
                <a:OccupationCodeDesc>Draughtswoman</a:OccupationCodeDesc>
                <a:BusinessCode>098</a:BusinessCode>
                <a:BusinessCodeDesc>Painting And Decorating</a:BusinessCodeDesc>
              </a:PrimaryOccupation>
              <a:Licence>
                <a:LicenceType>F</a:LicenceType>
                <a:LicenceTypeDesc>Full UK Car Licence</a:LicenceTypeDesc>
                <a:LicenceHeldYears>15</a:LicenceHeldYears>
                <a:DateLicenceObtained></a:DateLicenceObtained>
                <a:DrivingQualifications>DQN</a:DrivingQualifications>
                <a:DrivingQualificationsDate></a:DrivingQualificationsDate>
              </a:Licence>
              <a:Resident>
                <a:ResidentSince>0001-01-01</a:ResidentSince>
                <a:UkResidentSinceDOB>Y</a:UkResidentSinceDOB>
              </a:Resident>
              <a:UseOtherVehicles>XVE</a:UseOtherVehicles>
              <a:RelationshipToProposer>M</a:RelationshipToProposer>
              <a:RelToProposerDesc>Parent</a:RelToProposerDesc>
              <a:AddressAsProposer>N</a:AddressAsProposer>
              <a:HomeOwner>N</a:HomeOwner>
              <a:PassPlus>N</a:PassPlus>
              <a:HaveMotorClaim>false</a:HaveMotorClaim>
              <a:HaveMotorConviction>false</a:HaveMotorConviction>
              <a:MotorInsuranceCancelled>N</a:MotorInsuranceCancelled>
              <a:HaveNonMotorConviction>false</a:HaveNonMotorConviction>
              <a:Ghost>false</a:Ghost>
              <a:DVLAMedicalCondition>DVN</a:DVLAMedicalCondition>
              <a:PassedCBT></a:PassedCBT>
              <a:LargestCCBike>0</a:LargestCCBike>
            </a:Person>
            <a:Person id="3">
              <a:Title>MR</a:Title>
              <a:TitleDesc>Mr</a:TitleDesc>
              <a:FirstName>Test</a:FirstName>
              <a:Surname>Addtwo</a:Surname>
              <a:DOB>1965-08-31</a:DOB>
              <a:Gender>M</a:Gender>
              <a:GenderDesc>Male</a:GenderDesc>
              <a:MaritalStatus>W</a:MaritalStatus>
              <a:MaritalStatusDesc>Widowed/Surviving Civil Partner</a:MaritalStatusDesc>
              <a:EmploymentStatus>E</a:EmploymentStatus>
              <a:EmploymentStatusDesc>Employed</a:EmploymentStatusDesc>
              <a:PrimaryOccupation>
                <a:OccupationCode>E16</a:OccupationCode>
                <a:OccupationCodeDesc>Mechanical Engineer</a:OccupationCodeDesc>
                <a:BusinessCode>001</a:BusinessCode>
                <a:BusinessCodeDesc>Accountancy</a:BusinessCodeDesc>
              </a:PrimaryOccupation>
              <a:Licence>
                <a:LicenceType>F</a:LicenceType>
                <a:LicenceTypeDesc>Full UK Car Licence</a:LicenceTypeDesc>
                <a:LicenceHeldYears>15</a:LicenceHeldYears>
                <a:DateLicenceObtained></a:DateLicenceObtained>
                <a:DrivingQualifications>DQN</a:DrivingQualifications>
                <a:DrivingQualificationsDate></a:DrivingQualificationsDate>
              </a:Licence>
              <a:Resident>
                <a:ResidentSince>0001-01-01</a:ResidentSince>
                <a:UkResidentSinceDOB>Y</a:UkResidentSinceDOB>
              </a:Resident>
              <a:UseOtherVehicles>XVE</a:UseOtherVehicles>
              <a:RelationshipToProposer>M</a:RelationshipToProposer>
              <a:RelToProposerDesc>Parent</a:RelToProposerDesc>
              <a:AddressAsProposer>N</a:AddressAsProposer>
              <a:HomeOwner>N</a:HomeOwner>
              <a:PassPlus>N</a:PassPlus>
              <a:HaveMotorClaim>false</a:HaveMotorClaim>
              <a:HaveMotorConviction>false</a:HaveMotorConviction>
              <a:MotorInsuranceCancelled>N</a:MotorInsuranceCancelled>
              <a:HaveNonMotorConviction>false</a:HaveNonMotorConviction>
              <a:Ghost>false</a:Ghost>
              <a:DVLAMedicalCondition>DVN</a:DVLAMedicalCondition>
              <a:PassedCBT></a:PassedCBT>
              <a:LargestCCBike>0</a:LargestCCBike>
            </a:Person>
          </a:Persons>
          <a:Addresses>
            <a:Address id="1">
              <a:AddressLine1>4 Duke of Edinburgh Way</a:AddressLine1>
              <a:AddressLine2>Malvern</a:AddressLine2>
              <a:AddressLine3></a:AddressLine3>
              <a:AddressLine4></a:AddressLine4>
              <a:AddressLine5></a:AddressLine5>
              <a:PostCode>WR14 1AZ</a:PostCode>
              <a:LocationIDFK>306</a:LocationIDFK>
              <a:LocationDetails>
                <a:LocationID>306</a:LocationID>
                <a:Name></a:Name>
                <a:OrganisationName></a:OrganisationName>
                <a:Department></a:Department>
                <a:SubBuilding></a:SubBuilding>
                <a:Building></a:Building>
                <a:Number>4</a:Number>
                <a:DependentThoroughfare></a:DependentThoroughfare>
                <a:Thoroughfare>Duke of Edinburgh Way</a:Thoroughfare>
                <a:DoubleDependentLocality></a:DoubleDependentLocality>
                <a:DependentLocality></a:DependentLocality>
                <a:Town>Malvern</a:Town>
                <a:PostalCounty>Worcestershire</a:PostalCounty>
                <a:AbbreviatedPostalCounty>Worcs</a:AbbreviatedPostalCounty>
                <a:OptionalCounty>Worcestershire</a:OptionalCounty>
                <a:AbbreviatedOptionalCounty>Worcs</a:AbbreviatedOptionalCounty>
                <a:TraditionalCounty>Worcestershire</a:TraditionalCounty>
                <a:AdministrativeCounty>Worcestershire</a:AdministrativeCounty>
                <a:Postcode>WR14 1AZ</a:Postcode>
                <a:DPS>1E</a:DPS>
                <a:PostcodeFrom></a:PostcodeFrom>
                <a:PostcodeType>S</a:PostcodeType>
                <a:MailsortCode>16205</a:MailsortCode>
                <a:AddressType>1</a:AddressType>
                <a:AddressTypeDescription>Numbered</a:AddressTypeDescription>
                <a:Country>United Kingdom</a:Country>
                <a:CountryISO>GBR</a:CountryISO>
                <a:GridE>378974</a:GridE>
                <a:GridN>248333</a:GridN>
                <a:Latitude>52.1329</a:Latitude>
                <a:Longitude>-2.3086</a:Longitude>
              </a:LocationDetails>
            </a:Address>
          </a:Addresses>
          <a:ContactDetails>
            <a:EmailAdr>occupation30@emailreaction.org</a:EmailAdr>
          </a:ContactDetails>
          <a:Products>
            <a:PrivateCars>
              <a:PrivateCar id="1">
                <a:PrivateCarCover>
                  <a:CommencementDate>2013-10-31</a:CommencementDate>
                  <a:CoverType>01</a:CoverType>
                  <a:CoverTypeDesc>Comprehensive</a:CoverTypeDesc>
                  <a:ClassOfUse>001</a:ClassOfUse>
                  <a:ClassOfUseDesc>Social, domestic, pleasure and commuting (SDPC)</a:ClassOfUseDesc>
                  <a:TotalExcess>250</a:TotalExcess>
                  <a:Ncd>
                    <a:NcdYears>4</a:NcdYears>
                    <a:NcdSource>1</a:NcdSource>
                    <a:NcdSourceDesc>With this vehicle or a previous vehicle</a:NcdSourceDesc>
                    <a:NcdProtected>N</a:NcdProtected>
                    <a:ProtectedNcdOtherVehicle></a:ProtectedNcdOtherVehicle>
                  </a:Ncd>
                  <a:InsurancePaymentMethod>F</a:InsurancePaymentMethod>
                  <a:PillionPassenger></a:PillionPassenger>
                  <a:PreviousQuote></a:PreviousQuote>
                  <a:Drivers>
                    <a:Driver id="1" type="main" />
                    <a:Driver id="2" type="other" />
                    <a:Driver id="3" type="other" />
                  </a:Drivers>
                </a:PrivateCarCover>
                <a:PrivateCarRisks>
                  <a:Vehicle>
                    <a:AdditionalDetails>
                      <a:ABICode>39056402</a:ABICode>
                      <a:Make>Peugeot</a:Make>
                      <a:Model>307</a:Model>
                      <a:Doors>5</a:Doors>
                      <a:Seats>5</a:Seats>
                      <a:EngineSize>1560</a:EngineSize>
                      <a:Body>
                        <a:Desc>SALOON</a:Desc>
                        <a:Code>01</a:Code>
                      </a:Body>
                      <a:LCBody>
                        <a:Desc></a:Desc>
                        <a:Code></a:Code>
                      </a:LCBody>
                      <a:Fuel>
                        <a:Desc>DIESEL</a:Desc>
                        <a:Code>001</a:Code>
                      </a:Fuel>
                      <a:Transmission>
                        <a:Desc>MANUAL</a:Desc>
                        <a:Code>002</a:Code>
                      </a:Transmission>
                      <a:Weight>0</a:Weight>
                    </a:AdditionalDetails>
                    <a:VehicleCode>39056402</a:VehicleCode>
                    <a:VehicleDesc>2008 Peugeot 307 S Hdi (110), 1560CC Diesel, 5DR, Manual</a:VehicleDesc>
                    <a:RegYear>2008</a:RegYear>
                    <a:RegLetter>57</a:RegLetter>
                    <a:RegNumber>KX07VXM</a:RegNumber>
                    <a:Seats>5</a:Seats>
                    <a:LHD>N</a:LHD>
                    <a:SecurityCode>99992</a:SecurityCode>
                    <a:SecurityCodeDesc>Factory Fitted Thatcham Approved Alarm</a:SecurityCodeDesc>
                    <a:Tracker>N</a:Tracker>
                    <a:VehiclePurchased>Y</a:VehiclePurchased>
                    <a:PurchaseDate>2011-01-01</a:PurchaseDate>
                    <a:OvernightParking>10</a:OvernightParking>
                    <a:WhereKeptAddress>1</a:WhereKeptAddress>
                    <a:AnnualMileage>5028</a:AnnualMileage>
                    <a:BusinessMileage>0</a:BusinessMileage>
                    <a:RegisteredKeeper>
                      <a:OwnerKeeperType>P</a:OwnerKeeperType>
                      <a:OwnerKeeperID>1</a:OwnerKeeperID>
                      <a:OwnerKeeperName>Mr Test Occupation</a:OwnerKeeperName>
                    </a:RegisteredKeeper>
                    <a:LegalOwner>
                      <a:OwnerKeeperType>P</a:OwnerKeeperType>
                      <a:OwnerKeeperID>1</a:OwnerKeeperID>
                      <a:OwnerKeeperName>Mr Test Occupation</a:OwnerKeeperName>
                    </a:LegalOwner>
                    <a:VehicleInsValue>5000</a:VehicleInsValue>
                    <a:VehicleValue>5000</a:VehicleValue>
                    <a:InsuranceGroup>06</a:InsuranceGroup>
                    <a:ValuationType>4</a:ValuationType>
                    <a:VehicleImported>N</a:VehicleImported>
                    <a:VehicleKeptDuringDay>VKD1</a:VehicleKeptDuringDay>
                  </a:Vehicle>
                  <a:LegalProtection>N</a:LegalProtection>
                  <a:VehicleBreakdown>N</a:VehicleBreakdown>
                </a:PrivateCarRisks>
              </a:PrivateCar>
            </a:PrivateCars>
            <a:CommercialVehicles />
          </a:Products>
        </a:Lead>
      </a:QuoteRequest>
    </PrivateCar>
  </soap:Body>
</soap:Envelope>