﻿<?xml version="1.0" encoding="utf-8"?><soap:Envelope xmlns:soap="http://schemas.xmlsoap.org/soap/envelope/" xmlns:ssp="http://WebServices.ssp-uk.com/MotorAggregator/" xmlns:dist="urn:transform-ext"><soap:Body><FollowUp xmlns="http://WebServices.ssp-uk.com/MotorAggregator/"><quoteRef>4109722</quoteRef><lineOfBusiness>CompareTheMarket</lineOfBusiness><brokerSCID>A04402</brokerSCID><cusEmail>qa@gary.com</cusEmail><dayPhone>01733896896</dayPhone><homePhone>01733896896</homePhone><offline>false</offline><resultPosition>1</resultPosition></FollowUp></soap:Body></soap:Envelope>