﻿<?xml version="1.0" encoding="utf-8"?>
<OutboundResult xmlns="http://BGL.CompareTheMarket.Services.DistributorService.DataContracts" xmlns:req="urn:comparethemarket:quoteservice:data:2009:v1" xmlns:price="http://BGL.CompareTheMarket.Services.DistributorService.DataContracts" xmlns:risk="http://comparethemarket.co.uk/RiskServices/2009/V1/" xmlns:dist="urn:transform-ext" xmlns:tem="http://tempuri.org" xmlns:response="http://WebServices.ssp-uk.com/MotorAggregator/" xmlns:res="http://ssp.web.services/MotorAggregator/schemas/PMResults.xsd">
  <Header>
    <ResultStatus>ERROR</ResultStatus>
    <PartnerRef>60DC4122EFD841158024AABE3AF9EDB2,7</PartnerRef>
    <MachineName>PBO-CTMWEBQA01</MachineName>
  </Header>
  <OutboundingPartnerCode>ONE1</OutboundingPartnerCode>
  <ErrorInfo />
  <ErrorMessage />
  <Logs>
    <Log>
      <Code>ReqRecvd</Code>
      <LogDateTime>2013-04-22T13:25:01.20843</LogDateTime>
    </Log>
    <Log>
      <Code>ReqQueued</Code>
      <LogDateTime>2013-04-22T13:25:01.23963</LogDateTime>
    </Log>
    <Log>
      <Code>OutProcStart</Code>
      <LogDateTime>2013-04-22T13:25:01.80123</LogDateTime>
    </Log>
    <Log>
      <Code>ProviderStart</Code>
      <LogDateTime>2013-04-22T13:25:01.87923</LogDateTime>
    </Log>
    <Log>
      <Code>ProviderEnd</Code>
      <LogDateTime>2013-04-22T13:25:03.01804</LogDateTime>
    </Log>
    <Log>
      <Code>InProcStart</Code>
      <LogDateTime>2013-04-22T13:25:03.01804</LogDateTime>
    </Log>
  </Logs>
  <ResponseBody>
		        <![CDATA[
						<soap:Envelope xmlns:soap="http://schemas.xmlsoap.org/soap/envelope/" xmlns:xsi="http://www.w3.org/2001/XMLSchema-instance" xmlns:xsd="http://www.w3.org/2001/XMLSchema"><soap:Body><FollowUpResponse xmlns="http://WebServices.ssp-uk.com/MotorAggregator/"><FollowUpResult>true</FollowUpResult></FollowUpResponse></soap:Body></soap:Envelope>
				    ]]>
						</ResponseBody>
</OutboundResult>