﻿<?xml version="1.0" encoding="utf-8"?><QuoteResult Version="" xmlns="http://BGL.CompareTheMarket.Services.DistributorService.DataContracts" xmlns:rq="http://insure-systems.co.uk/Schema/QuoteRequest/1-0" xmlns:wcfreq="http://comparethemarket.co.uk/RiskServices/2009/V1/" xmlns:req="urn:comparethemarket:quoteservice:data:2009:v1" xmlns:risk="http://comparethemarket.co.uk/RiskServices/2009/V1/" xmlns:params="http://BGL.CompareTheMarket.Services.DistributorService.DataContracts" xmlns:rew="http://schemas.datacontract.org/2004/07/BGL.CompareTheMarket.Services.LibClientDistributorCore"><Header><ResultStatus>ERROR</ResultStatus><PartnerRef>78F1DBC9C9864B1EA001E584700417CE,0,8</PartnerRef><ServerName>PBO-CTMDISREG01</ServerName></Header><Quotes><Quote id="1"><Broker>ONE3</Broker><InsurerName /><Premium><AnnualPremium>0</AnnualPremium></Premium><Excesses /></Quote></Quotes><Messages><GeneralMessages><Message><MessageNo /><MessageField /><MessageText>Could not send a request to the provider's web service: System.IO.IOException: Unable to read data from the transport connection: The connection was closed.
   at System.Net.ConnectStream.InternalWrite(Boolean async, Byte[] buffer, Int32 offset, Int32 size, AsyncCallback callback, Object state)
   at System.Net.ConnectStream.BeginWrite(Byte[] buffer, Int32 offset, Int32 size, AsyncCallback callback, Object state)
   at InsureSystems.PriceDistributor.HttpRequest.AfterGetRequestStream(IAsyncResult v_result) in D:\Apps\GoAgent\pipelines\Motor-Master-Live\Distributor\Distributor\Protocols\Soap\HttpRequest.vb:line 332</MessageText></Message></GeneralMessages><Logs><Log><Code>ReqRecvd</Code><LogDateTime>2013-10-28T13:19:09.91542</LogDateTime></Log><Log><Code>ReqQueued</Code><LogDateTime>2013-10-28T13:19:09.93102</LogDateTime></Log><Log><Code>OutProcStart</Code><LogDateTime>2013-10-28T13:19:10.13382</LogDateTime></Log><Log><Code>ProviderStart</Code><LogDateTime>2013-10-28T13:19:10.16502</LogDateTime></Log><Log><Code>ProviderEnd</Code><LogDateTime>2013-10-28T13:19:10.52382</LogDateTime></Log></Logs></Messages></QuoteResult>