﻿<?xml version="1.0" encoding="utf-8"?><soapenv:Envelope xmlns:soapenv="http://schemas.xmlsoap.org/soap/envelope/" xmlns:sec="http://schemas.xmlsoap.org/ws/2002/04/secext" xmlns:req="http://comparethemarket.co.uk/RiskServices/2009/V1/" xmlns:dist="urn:transform-ext"><soapenv:Header><Security xmlns="http://schemas.xmlsoap.org/ws/2002/04/secext"><UsernameToken><Username>CompareTheMarketUser</Username><Password>ctmuser789</Password></UsernameToken></Security></soapenv:Header><soapenv:Body><GetQuote xmlns="http://WebServices.ssp-uk.com/MotorAggregator/"><PMQuoteData xmlns="http://ssp.web.services/MotorAggregator/schemas/PMQuoteData.xsd"><Control><ProcessQuoteDetail>true</ProcessQuoteDetail><ProcessDocuments>true</ProcessDocuments><ProcessEndorsements>true</ProcessEndorsements><ProcessUseDetail>true</ProcessUseDetail><ProcessUWNotes>true</ProcessUWNotes><ProcessWarnings>true</ProcessWarnings><ProcessPremiumBreakdown>true</ProcessPremiumBreakdown><ProcessExcesses>true</ProcessExcesses><LOB><Description>Commercial Vehicle</Description><Abi>3</Abi></LOB><MaxQuoteNumber>1</MaxQuoteNumber><QuotePanel><Description>Broker Panel</Description><Abi>2</Abi></QuotePanel><Polaris>true</Polaris><SSP>true</SSP><EngineVersion>4</EngineVersion></Control><Policy><CoverDate>2013-11-10</CoverDate><CoverMonths>12</CoverMonths><CoverType><Abi>01</Abi><Description>Comprehensive</Description></CoverType><DrivingRestriction><Description>Insured Only</Description><Abi>1</Abi></DrivingRestriction><VehicleUsage><Description>Social, Domestic and Pleasure</Description><Abi>2</Abi></VehicleUsage><VoluntaryExcess>1000</VoluntaryExcess></Policy><Agent><SOB>CompareTheMarket</SOB><ExternalAgentID>CompareTheMarket</ExternalAgentID></Agent><Proposer><Address><Address1>2 Duke of Edinburgh Way</Address1><Address2>Malvern</Address2><Town /><PostCode>WR14 1AZ</PostCode></Address><DayTelephone>0700107001</DayTelephone><Email>reg@gary.com</Email><HomeTelephone>0700107001</HomeTelephone><PaymentFrequency><Description>Annually</Description><Abi>A</Abi></PaymentFrequency><PreviousInsurance><PreviousInsuranceEndDate>2012-07-31</PreviousInsuranceEndDate><PreviousInsurer><Description>UNKNOWN</Description><Abi>997</Abi></PreviousInsurer></PreviousInsurance><ProposerType><Description>Private</Description><Abi>P</Abi></ProposerType><NumberOfCarsInFamily>1</NumberOfCarsInFamily></Proposer><NCD><Protected>false</Protected><NCDType><Description>Commercial Vehicle</Description><Abi>2</Abi></NCDType><Years>0</Years></NCD><Pin /><Drivers><Driver><AccessOtherCars>1</AccessOtherCars><Commuting>false</Commuting><CriminalConvictions>false</CriminalConvictions><DOB>1970-01-01</DOB><HomeOwner>false</HomeOwner><Increased>false</Increased><Licence><LicenceDate>2009-01-01</LicenceDate><LicenceType><Description>Full (U.K.)</Description><Abi>F</Abi></LicenceType></Licence><Residency><DateToUK>1970-01-01</DateToUK><Permanent>true</Permanent><Years>43</Years></Residency><MaritalStatus><Description>Married</Description><Abi>M</Abi></MaritalStatus><Title><Abi>003</Abi><Description>Mr</Description></Title><FirstName>gary</FirstName><Surname>reg</Surname><Occupations><Occupation><Business><Description>Insurance</Description><Abi>077</Abi></Business><Fulltime>true</Fulltime><EmploymentStatus><Description>Employed</Description><Abi>E</Abi></EmploymentStatus><OccupationType><Description>Company Secretary</Description><Abi>C32</Abi></OccupationType></Occupation></Occupations><Refused>false</Refused><RelationshipToProposer><Description>Proposer</Description><Abi>P</Abi></RelationshipToProposer><Residency><DateToUK>1970-01-01</DateToUK><Permanent>true</Permanent><Years>43</Years></Residency><Sex><Description>Male</Description><Abi>M</Abi></Sex><Smoke>false</Smoke><SpecialTerms>false</SpecialTerms><UsageFrequency><Description>Main User</Description><Abi>M</Abi></UsageFrequency><YearsDrivingExperience>4</YearsDrivingExperience></Driver></Drivers><Vehicles><Vehicle><BodyType><Abi>07</Abi></BodyType><BusinessMiles>10000</BusinessMiles><PleasureMiles>12000</PleasureMiles><VehicleColour /><DateManufactured>2006-01-01</DateManufactured><DatePurchased>2008-02-01</DatePurchased><DateRegistered>2006-01-01</DateRegistered><DriveSide><Description>Right Hand Drive</Description><Abi>R</Abi></DriveSide><Fuel><Description>Diesel</Description><Abi>001</Abi></Fuel><KeptAtProposerAddress>true</KeptAtProposerAddress><KeptLocation><Description>Kept on Public Road</Description><Abi>3</Abi></KeptLocation><KeptAddress><Address1>2 Duke of Edinburgh Way</Address1><Address2>Malvern</Address2><Town /><PostCode>WR14 1AZ</PostCode></KeptAddress><Make>Vauxhall</Make><MilometerReading>1</MilometerReading><Model>Combo</Model><PleasureMiles>12000</PleasureMiles><NumberSeats>2</NumberSeats><VehicleOwner><Abi>1</Abi><Description>Proposer</Description></VehicleOwner><VehicleKeeper><Abi>1</Abi><Description>Proposer</Description></VehicleKeeper><Registration>SA06JOV</Registration><SecurityDevices /><TransmissionType><Description>Manual</Description><Abi>002</Abi></TransmissionType><Value>5000</Value><VehicleDetails><Description>2006 Vauxhall Combo Cdti, 1248CC Diesel, Manual, Van, Gross weight: 1805kg, Payload: 595kg</Description><Abi>90309712</Abi></VehicleDetails><CommercialVehicle><GrossVehicleWeight>0</GrossVehicleWeight><CarryingCapacity>0</CarryingCapacity><HazardousGoods>false</HazardousGoods><Usage>1</Usage><CubicCapacity>0</CubicCapacity><AirsideUse>false</AirsideUse><MaximumLiftWeight>0</MaximumLiftWeight><HiredDriverExtension>false</HiredDriverExtension><TPWorkingRisks>false</TPWorkingRisks><FuelType>001</FuelType><NumberOfTrailersContainers>0</NumberOfTrailersContainers><DetachedCover>false</DetachedCover><Value>0</Value></CommercialVehicle></Vehicle></Vehicles></PMQuoteData><sourceOfBusiness>CompareTheMarket</sourceOfBusiness><brokerSCID>A04402</brokerSCID></GetQuote></soapenv:Body></soapenv:Envelope>