<QuoteRequest xmlns="http://comparethemarket.co.uk/RiskServices/2009/V1/" xmlns:i="http://www.w3.org/2001/XMLSchema-instance">
  <Header>
    <Sender>
      <ProductClass>LC</ProductClass>
      <SourceCode>CM02</SourceCode>
      <PartnerRef>24746E6501C74BDA93BFBBD43DC0E2E9,0,1</PartnerRef>
      <RepeatQuote>C2F000052</RepeatQuote>
      <AffinityCode>CTM</AffinityCode>
    </Sender>
    <ServiceContext>
      <Server>PBO-CTMAPPQA01</Server>
      <Path>/PrivateCar/Motor/PricePage.aspx</Path>
      <PathUrl>http://pbo-ctmwebqa01.uat.local/PrivateCar/Motor/PricePage.aspx</PathUrl>
      <PathPhysical>D:\CTM\CTMWeb\CurrentVersion\</PathPhysical>
      <QueryString>(no set)</QueryString>
      <ClientOS>WinNT</ClientOS>
      <ClientBrowser>IE</ClientBrowser>
      <ClientVersion>7.0</ClientVersion>
      <ClientJScriptVersion>5.7</ClientJScriptVersion>
      <ClientEcmaScriptVersion>3.0</ClientEcmaScriptVersion>
      <SessionSessionGuid>(no set)</SessionSessionGuid>
      <SessionTransactionID>24746E6501C74BDA93BFBBD43DC0E2E9</SessionTransactionID>
      <CurrentExecutingRequestGuid>b20425e4-5498-4302-9cbd-15e1b8288244</CurrentExecutingRequestGuid>
      <HttpConnectionConnection>Keep-Alive</HttpConnectionConnection>
      <HttpConnectionAccept>application/x-ms-application, image/jpeg, application/xaml+xml, image/gif, image/pjpeg, application/x-ms-xbap, application/vnd.ms-excel, application/vnd.ms-powerpoint, application/msword, */*</HttpConnectionAccept>
      <HttpConnectionAcceptLanguage>en-GB</HttpConnectionAcceptLanguage>
      <HttpConnectionHost>pbo-ctmwebqa01.uat.local</HttpConnectionHost>
      <HttpConnectionReferrer>http://pbo-ctmwebqa01.uat.local/PrivateCar/Motor/AboutYourPolicy.aspx</HttpConnectionReferrer>
      <HttpConnectionContentType></HttpConnectionContentType>
      <HttpConnectionHttpMethod>GET</HttpConnectionHttpMethod>
      <HttpConnectionUserHostAddress>172.29.69.203</HttpConnectionUserHostAddress>
      <ApplicationName>BGL.CompareTheMarket.Services.QuoteService</ApplicationName>
      <JourneyJourneyType>(no set)</JourneyJourneyType>
      <JourneySourceCode>CM02</JourneySourceCode>
      <JourneyAffinityCode>CTM</JourneyAffinityCode>
      <JourneyProductCode>LC</JourneyProductCode>
      <VisitorID>(no set)</VisitorID>
      <VisitLogID>(no set)</VisitLogID>
    </ServiceContext>
  </Header>
  <Lead>
    <RiskMaster>
      <QuotePlatformID>5</QuotePlatformID>
      <RetrievedRiskHeaderID>8232669</RetrievedRiskHeaderID>
      <ClientReference>C2F000052 </ClientReference>
      <ProposerID>1</ProposerID>
      <PostalAddressID>1</PostalAddressID>
      <MarketingOptOut>
        <EmailOptOut>
          <Value>false</Value>
        </EmailOptOut>
        <PostOptOut>
          <Value>false</Value>
        </PostOptOut>
        <PhoneOptOut>
          <Value>false</Value>
        </PhoneOptOut>
        <SMSOptOut>
          <Value>false</Value>
        </SMSOptOut>
        <ProviderOptOut>
          <Value>false</Value>
        </ProviderOptOut>
      </MarketingOptOut>
      <Persons>
        <Person>
          <ID>1</ID>
          <Title>
            <Value>DRF</Value>
            <Description>Dr - Female</Description>
            <ErrID></ErrID>
            <RecID>17</RecID>
          </Title>
          <FirstName>
            <Value>gary</Value>
          </FirstName>
          <Surname>
            <Value>qa</Value>
          </Surname>
          <DOB>
            <Value>1970-01-01T00:00:00</Value>
          </DOB>
          <Gender>
            <Value>F</Value>
            <Description></Description>
            <RecID>0</RecID>
          </Gender>
          <ContactDetails>
            <PhoneNumbers>
              <Phone>
                <Type>1</Type>
                <Code>
                  <Value>01733</Value>
                </Code>
                <Number>
                  <Value>893893</Value>
                </Number>
              </Phone>
            </PhoneNumbers>
            <EmailAdr>
              <Value>qa@gary.com</Value>
            </EmailAdr>
            <NoEmail>
              <Value>false</Value>
            </NoEmail>
          </ContactDetails>
          <MaritalStatus>
            <Value>M</Value>
            <Description>Married</Description>
            <ErrID></ErrID>
            <RecID>8</RecID>
          </MaritalStatus>
          <EmploymentStatus>
            <Value>S</Value>
            <Description>Self-Employed</Description>
            <ErrID></ErrID>
            <RecID>10</RecID>
          </EmploymentStatus>
          <PrimaryOccupation>
            <OccupationCode>
              <Value>B15</Value>
              <Description>Builder</Description>
              <RecID>112</RecID>
            </OccupationCode>
            <BusinessCode>
              <Value>246</Value>
              <Description>Builder</Description>
              <RecID>1181</RecID>
            </BusinessCode>
          </PrimaryOccupation>
          <Licence>
            <TypeOfLicence>
              <Value>F</Value>
              <Description>Full UK Car Licence</Description>
              <ErrID></ErrID>
              <RecID>6</RecID>
            </TypeOfLicence>
            <LicenceHeldYears>
              <Value>25</Value>
              <Description>25 Years +</Description>
              <RecID>52</RecID>
            </LicenceHeldYears>
            <DateLicenceObtained>
              <Value i:nil="true"></Value>
            </DateLicenceObtained>
            <DrivingQualifications>
              <Value>DQA</Value>
              <Description>AA Proficiency</Description>
              <RecID>4</RecID>
            </DrivingQualifications>
            <DrivingQualificationsDate>
              <Value>2013-06-30T00:00:00</Value>
            </DrivingQualificationsDate>
          </Licence>
          <Resident>
            <ResidentSince>
              <Value i:nil="true"></Value>
            </ResidentSince>
            <UkResidentSinceDOB>
              <Value>true</Value>
            </UkResidentSinceDOB>
          </Resident>
          <UseOtherVehicles>
            <Value>1VE</Value>
            <Description>Own another car or van</Description>
            <RecID>2</RecID>
          </UseOtherVehicles>
          <VehiclesInHousehold>
            <Value>1</Value>
          </VehiclesInHousehold>
          <AddressAsProposer>
            <Value>true</Value>
          </AddressAsProposer>
          <HomeOwner>
            <Value>false</Value>
          </HomeOwner>
          <PassPlus>
            <Value>false</Value>
          </PassPlus>
          <HaveMotorClaim>
            <Value>true</Value>
          </HaveMotorClaim>
          <MotorClaims>
            <MotorClaim>
              <ID>1</ID>
              <IncidentDate>
                <Value>2012-01-01T00:00:00</Value>
              </IncidentDate>
              <IncidentType>
                <Value>3</Value>
                <Description>Theft - Accessories</Description>
                <ErrID></ErrID>
                <RecID>3</RecID>
              </IncidentType>
              <Damage>
                <Value>0</Value>
                <Description>Damaged - Amount Known</Description>
                <ErrID></ErrID>
                <RecID>5</RecID>
              </Damage>
              <IncidentValue>
                <Value>1000.00</Value>
              </IncidentValue>
              <ClaimMade>
                <Value>true</Value>
              </ClaimMade>
              <IncidentDriver>
                <Value>0</Value>
              </IncidentDriver>
              <Injuries>
                <Value>false</Value>
              </Injuries>
              <InsuredVehicleClaimAmount>
                <Value>0.00</Value>
              </InsuredVehicleClaimAmount>
              <ThirdPartyClaimAmount>
                <Value>0.00</Value>
              </ThirdPartyClaimAmount>
              <NCDAffected>
                <Value>true</Value>
              </NCDAffected>
            </MotorClaim>
          </MotorClaims>
          <HaveMotorConviction>
            <Value>false</Value>
          </HaveMotorConviction>
          <MotorInsuranceCancelled>
            <Value>false</Value>
          </MotorInsuranceCancelled>
          <HaveNonMotorConviction>
            <Value>false</Value>
          </HaveNonMotorConviction>
          <ChildrenUnder16>
            <Value>false</Value>
          </ChildrenUnder16>
          <Ghost>false</Ghost>
          <DVLAMedicalCondition>
            <Value>DVN</Value>
            <Description>No</Description>
            <RecID>1</RecID>
          </DVLAMedicalCondition>
          <PassedCBT>
            <Value i:nil="true"></Value>
          </PassedCBT>
          <LargestCCBike>
            <Value>0</Value>
          </LargestCCBike>
        </Person>
        <Person>
          <ID>2</ID>
          <Title>
            <Value>DRM</Value>
            <Description>Dr - Male</Description>
            <ErrID></ErrID>
            <RecID>16</RecID>
          </Title>
          <FirstName>
            <Value>gary</Value>
          </FirstName>
          <Surname>
            <Value>brother</Value>
          </Surname>
          <DOB>
            <Value>1970-01-01T00:00:00</Value>
          </DOB>
          <Gender>
            <Value>M</Value>
            <Description></Description>
            <RecID>0</RecID>
          </Gender>
          <ContactDetails>
            <PhoneNumbers></PhoneNumbers>
            <EmailAdr>
              <Value i:nil="true"></Value>
            </EmailAdr>
            <NoEmail>
              <Value>false</Value>
            </NoEmail>
          </ContactDetails>
          <PrimaryOccupation>
            <OccupationCode>
              <Value></Value>
              <Description></Description>
              <RecID>0</RecID>
            </OccupationCode>
          </PrimaryOccupation>
          <Resident>
            <ResidentSince>
              <Value>2008-01-01T00:00:00</Value>
            </ResidentSince>
            <UkResidentSinceDOB>
              <Value>false</Value>
            </UkResidentSinceDOB>
          </Resident>
          <RelationshipToProposer>
            <Value>R</Value>
            <Description>Brother/Sister</Description>
            <ErrID></ErrID>
            <RecID>21</RecID>
          </RelationshipToProposer>
          <AddressAsProposer>
            <Value>false</Value>
          </AddressAsProposer>
          <HomeOwner>
            <Value>false</Value>
          </HomeOwner>
          <PassPlus>
            <Value>false</Value>
          </PassPlus>
          <HaveMotorClaim>
            <Value>false</Value>
          </HaveMotorClaim>
          <HaveMotorConviction>
            <Value>false</Value>
          </HaveMotorConviction>
          <MotorInsuranceCancelled>
            <Value>false</Value>
          </MotorInsuranceCancelled>
          <HaveNonMotorConviction>
            <Value>false</Value>
          </HaveNonMotorConviction>
          <Ghost>false</Ghost>
          <PassedCBT>
            <Value i:nil="true"></Value>
          </PassedCBT>
          <LargestCCBike>
            <Value>0</Value>
          </LargestCCBike>
        </Person>
        <Person>
          <ID>3</ID>
          <Title>
            <Value>MR</Value>
            <Description>Mr</Description>
            <ErrID></ErrID>
            <RecID>1</RecID>
          </Title>
          <FirstName>
            <Value>gary</Value>
          </FirstName>
          <Surname>
            <Value>son</Value>
          </Surname>
          <DOB>
            <Value>1969-01-01T00:00:00</Value>
          </DOB>
          <Gender>
            <Value>M</Value>
            <Description></Description>
            <RecID>0</RecID>
          </Gender>
          <ContactDetails>
            <PhoneNumbers></PhoneNumbers>
            <EmailAdr>
              <Value i:nil="true"></Value>
            </EmailAdr>
            <NoEmail>
              <Value>false</Value>
            </NoEmail>
          </ContactDetails>
          <PrimaryOccupation>
            <OccupationCode>
              <Value></Value>
              <Description></Description>
              <RecID>0</RecID>
            </OccupationCode>
          </PrimaryOccupation>
          <Resident>
            <ResidentSince>
              <Value>1998-01-01T00:00:00</Value>
            </ResidentSince>
            <UkResidentSinceDOB>
              <Value>false</Value>
            </UkResidentSinceDOB>
          </Resident>
          <RelationshipToProposer>
            <Value>O</Value>
            <Description>Son/Daughter</Description>
            <ErrID></ErrID>
            <RecID>14</RecID>
          </RelationshipToProposer>
          <AddressAsProposer>
            <Value>false</Value>
          </AddressAsProposer>
          <HomeOwner>
            <Value>false</Value>
          </HomeOwner>
          <PassPlus>
            <Value>false</Value>
          </PassPlus>
          <HaveMotorClaim>
            <Value>false</Value>
          </HaveMotorClaim>
          <HaveMotorConviction>
            <Value>false</Value>
          </HaveMotorConviction>
          <MotorInsuranceCancelled>
            <Value>false</Value>
          </MotorInsuranceCancelled>
          <HaveNonMotorConviction>
            <Value>false</Value>
          </HaveNonMotorConviction>
          <Ghost>false</Ghost>
          <PassedCBT>
            <Value i:nil="true"></Value>
          </PassedCBT>
          <LargestCCBike>
            <Value>0</Value>
          </LargestCCBike>
        </Person>
        <Person>
          <ID>4</ID>
          <Title>
            <Value>MR</Value>
            <Description>Mr</Description>
            <ErrID></ErrID>
            <RecID>1</RecID>
          </Title>
          <FirstName>
            <Value>gary</Value>
          </FirstName>
          <Surname>
            <Value>employer</Value>
          </Surname>
          <DOB>
            <Value>1971-01-01T00:00:00</Value>
          </DOB>
          <Gender>
            <Value>M</Value>
            <Description></Description>
            <RecID>0</RecID>
          </Gender>
          <ContactDetails>
            <PhoneNumbers></PhoneNumbers>
            <EmailAdr>
              <Value i:nil="true"></Value>
            </EmailAdr>
            <NoEmail>
              <Value>false</Value>
            </NoEmail>
          </ContactDetails>
          <PrimaryOccupation>
            <OccupationCode>
              <Value></Value>
              <Description></Description>
              <RecID>0</RecID>
            </OccupationCode>
          </PrimaryOccupation>
          <Resident>
            <ResidentSince>
              <Value i:nil="true"></Value>
            </ResidentSince>
            <UkResidentSinceDOB>
              <Value>false</Value>
            </UkResidentSinceDOB>
          </Resident>
          <RelationshipToProposer>
            <Value>B</Value>
            <Description>Employer</Description>
            <ErrID></ErrID>
            <RecID>18</RecID>
          </RelationshipToProposer>
          <AddressAsProposer>
            <Value>false</Value>
          </AddressAsProposer>
          <HomeOwner>
            <Value>false</Value>
          </HomeOwner>
          <PassPlus>
            <Value>false</Value>
          </PassPlus>
          <HaveMotorClaim>
            <Value>false</Value>
          </HaveMotorClaim>
          <HaveMotorConviction>
            <Value>false</Value>
          </HaveMotorConviction>
          <MotorInsuranceCancelled>
            <Value>false</Value>
          </MotorInsuranceCancelled>
          <HaveNonMotorConviction>
            <Value>false</Value>
          </HaveNonMotorConviction>
          <Ghost>false</Ghost>
          <PassedCBT>
            <Value i:nil="true"></Value>
          </PassedCBT>
          <LargestCCBike>
            <Value>0</Value>
          </LargestCCBike>
        </Person>
        <Person>
          <ID>5</ID>
          <Title>
            <Value>MR</Value>
            <Description>Mr</Description>
            <ErrID></ErrID>
            <RecID>1</RecID>
          </Title>
          <FirstName>
            <Value>gary</Value>
          </FirstName>
          <Surname>
            <Value>other</Value>
          </Surname>
          <DOB>
            <Value>1975-02-01T00:00:00</Value>
          </DOB>
          <Gender>
            <Value>M</Value>
            <Description></Description>
            <RecID>0</RecID>
          </Gender>
          <ContactDetails>
            <PhoneNumbers></PhoneNumbers>
            <EmailAdr>
              <Value i:nil="true"></Value>
            </EmailAdr>
            <NoEmail>
              <Value>false</Value>
            </NoEmail>
          </ContactDetails>
          <PrimaryOccupation>
            <OccupationCode>
              <Value></Value>
              <Description></Description>
              <RecID>0</RecID>
            </OccupationCode>
          </PrimaryOccupation>
          <Resident>
            <ResidentSince>
              <Value i:nil="true"></Value>
            </ResidentSince>
            <UkResidentSinceDOB>
              <Value>false</Value>
            </UkResidentSinceDOB>
          </Resident>
          <RelationshipToProposer>
            <Value>U</Value>
            <Description>Other</Description>
            <ErrID></ErrID>
            <RecID>20</RecID>
          </RelationshipToProposer>
          <AddressAsProposer>
            <Value>false</Value>
          </AddressAsProposer>
          <HomeOwner>
            <Value>false</Value>
          </HomeOwner>
          <PassPlus>
            <Value>false</Value>
          </PassPlus>
          <HaveMotorClaim>
            <Value>false</Value>
          </HaveMotorClaim>
          <HaveMotorConviction>
            <Value>false</Value>
          </HaveMotorConviction>
          <MotorInsuranceCancelled>
            <Value>false</Value>
          </MotorInsuranceCancelled>
          <HaveNonMotorConviction>
            <Value>false</Value>
          </HaveNonMotorConviction>
          <Ghost>false</Ghost>
          <PassedCBT>
            <Value i:nil="true"></Value>
          </PassedCBT>
          <LargestCCBike>
            <Value>0</Value>
          </LargestCCBike>
        </Person>
        <Person>
          <ID>6</ID>
          <Title>
            <Value>MR</Value>
            <Description>Mr</Description>
            <ErrID></ErrID>
            <RecID>1</RecID>
          </Title>
          <FirstName>
            <Value>gary</Value>
          </FirstName>
          <Surname>
            <Value>bus part</Value>
          </Surname>
          <DOB>
            <Value>1970-01-01T00:00:00</Value>
          </DOB>
          <Gender>
            <Value>M</Value>
            <Description></Description>
            <RecID>0</RecID>
          </Gender>
          <ContactDetails>
            <PhoneNumbers></PhoneNumbers>
            <EmailAdr>
              <Value i:nil="true"></Value>
            </EmailAdr>
            <NoEmail>
              <Value>false</Value>
            </NoEmail>
          </ContactDetails>
          <PrimaryOccupation>
            <OccupationCode>
              <Value></Value>
              <Description></Description>
              <RecID>0</RecID>
            </OccupationCode>
          </PrimaryOccupation>
          <Resident>
            <ResidentSince>
              <Value i:nil="true"></Value>
            </ResidentSince>
            <UkResidentSinceDOB>
              <Value>false</Value>
            </UkResidentSinceDOB>
          </Resident>
          <RelationshipToProposer>
            <Value>C</Value>
            <Description>Business Partner</Description>
            <ErrID></ErrID>
            <RecID>19</RecID>
          </RelationshipToProposer>
          <AddressAsProposer>
            <Value>false</Value>
          </AddressAsProposer>
          <HomeOwner>
            <Value>false</Value>
          </HomeOwner>
          <PassPlus>
            <Value>false</Value>
          </PassPlus>
          <HaveMotorClaim>
            <Value>false</Value>
          </HaveMotorClaim>
          <HaveMotorConviction>
            <Value>false</Value>
          </HaveMotorConviction>
          <MotorInsuranceCancelled>
            <Value>false</Value>
          </MotorInsuranceCancelled>
          <HaveNonMotorConviction>
            <Value>false</Value>
          </HaveNonMotorConviction>
          <Ghost>false</Ghost>
          <PassedCBT>
            <Value i:nil="true"></Value>
          </PassedCBT>
          <LargestCCBike>
            <Value>0</Value>
          </LargestCCBike>
        </Person>
        <Person>
          <ID>7</ID>
          <Title>
            <Value>MR</Value>
            <Description>Mr</Description>
            <ErrID></ErrID>
            <RecID>1</RecID>
          </Title>
          <FirstName>
            <Value>gary</Value>
          </FirstName>
          <Surname>
            <Value>spouse</Value>
          </Surname>
          <DOB>
            <Value>1975-01-01T00:00:00</Value>
          </DOB>
          <Gender>
            <Value>M</Value>
            <Description></Description>
            <RecID>0</RecID>
          </Gender>
          <ContactDetails>
            <PhoneNumbers></PhoneNumbers>
            <EmailAdr>
              <Value i:nil="true"></Value>
            </EmailAdr>
            <NoEmail>
              <Value>false</Value>
            </NoEmail>
          </ContactDetails>
          <MaritalStatus>
            <Value>M</Value>
            <Description>Married</Description>
            <ErrID></ErrID>
            <RecID>8</RecID>
          </MaritalStatus>
          <EmploymentStatus>
            <Value>E</Value>
            <Description>Employed</Description>
            <ErrID></ErrID>
            <RecID>8</RecID>
          </EmploymentStatus>
          <PrimaryOccupation>
            <OccupationCode>
              <Value>N02</Value>
              <Description>Nurse</Description>
              <RecID>563</RecID>
            </OccupationCode>
            <BusinessCode>
              <Value>413</Value>
              <Description>Hospital</Description>
              <RecID>1348</RecID>
            </BusinessCode>
          </PrimaryOccupation>
          <Licence>
            <TypeOfLicence>
              <Value>F</Value>
              <Description>Full UK Car Licence</Description>
              <ErrID></ErrID>
              <RecID>6</RecID>
            </TypeOfLicence>
            <LicenceHeldYears>
              <Value>12</Value>
              <Description>12 Years</Description>
              <RecID>38</RecID>
            </LicenceHeldYears>
            <DateLicenceObtained>
              <Value i:nil="true"></Value>
            </DateLicenceObtained>
            <DrivingQualifications>
              <Value>DQN</Value>
              <Description>No</Description>
              <RecID>1</RecID>
            </DrivingQualifications>
            <DrivingQualificationsDate>
              <Value i:nil="true"></Value>
            </DrivingQualificationsDate>
          </Licence>
          <Resident>
            <ResidentSince>
              <Value i:nil="true"></Value>
            </ResidentSince>
            <UkResidentSinceDOB>
              <Value>true</Value>
            </UkResidentSinceDOB>
          </Resident>
          <UseOtherVehicles>
            <Value>XVE</Value>
            <Description>No access to any other vehicles</Description>
            <RecID>1</RecID>
          </UseOtherVehicles>
          <RelationshipToProposer>
            <Value>S</Value>
            <Description>Spouse</Description>
            <ErrID></ErrID>
            <RecID>11</RecID>
          </RelationshipToProposer>
          <AddressAsProposer>
            <Value>true</Value>
          </AddressAsProposer>
          <HomeOwner>
            <Value>false</Value>
          </HomeOwner>
          <PassPlus>
            <Value>false</Value>
          </PassPlus>
          <HaveMotorClaim>
            <Value>false</Value>
          </HaveMotorClaim>
          <HaveMotorConviction>
            <Value>false</Value>
          </HaveMotorConviction>
          <MotorInsuranceCancelled>
            <Value>false</Value>
          </MotorInsuranceCancelled>
          <HaveNonMotorConviction>
            <Value>false</Value>
          </HaveNonMotorConviction>
          <Ghost>false</Ghost>
          <DVLAMedicalCondition>
            <Value>DVN</Value>
            <Description>No</Description>
            <RecID>1</RecID>
          </DVLAMedicalCondition>
          <PassedCBT>
            <Value i:nil="true"></Value>
          </PassedCBT>
          <LargestCCBike>
            <Value>0</Value>
          </LargestCCBike>
        </Person>
        <Person>
          <ID>8</ID>
          <Title>
            <Value>MR</Value>
            <Description>Mr</Description>
            <ErrID></ErrID>
            <RecID>1</RecID>
          </Title>
          <FirstName>
            <Value>gary</Value>
          </FirstName>
          <Surname>
            <Value>son</Value>
          </Surname>
          <DOB>
            <Value>1979-02-01T00:00:00</Value>
          </DOB>
          <Gender>
            <Value>M</Value>
            <Description></Description>
            <RecID>0</RecID>
          </Gender>
          <ContactDetails>
            <PhoneNumbers></PhoneNumbers>
            <EmailAdr>
              <Value i:nil="true"></Value>
            </EmailAdr>
            <NoEmail>
              <Value>false</Value>
            </NoEmail>
          </ContactDetails>
          <PrimaryOccupation>
            <OccupationCode>
              <Value></Value>
              <Description></Description>
              <RecID>0</RecID>
            </OccupationCode>
          </PrimaryOccupation>
          <Resident>
            <ResidentSince>
              <Value i:nil="true"></Value>
            </ResidentSince>
            <UkResidentSinceDOB>
              <Value>true</Value>
            </UkResidentSinceDOB>
          </Resident>
          <RelationshipToProposer>
            <Value>O</Value>
            <Description>Son/Daughter</Description>
            <ErrID></ErrID>
            <RecID>14</RecID>
          </RelationshipToProposer>
          <AddressAsProposer>
            <Value>false</Value>
          </AddressAsProposer>
          <HomeOwner>
            <Value>false</Value>
          </HomeOwner>
          <PassPlus>
            <Value>false</Value>
          </PassPlus>
          <HaveMotorClaim>
            <Value>false</Value>
          </HaveMotorClaim>
          <HaveMotorConviction>
            <Value>false</Value>
          </HaveMotorConviction>
          <MotorInsuranceCancelled>
            <Value>false</Value>
          </MotorInsuranceCancelled>
          <HaveNonMotorConviction>
            <Value>false</Value>
          </HaveNonMotorConviction>
          <Ghost>false</Ghost>
          <PassedCBT>
            <Value i:nil="true"></Value>
          </PassedCBT>
          <LargestCCBike>
            <Value>0</Value>
          </LargestCCBike>
        </Person>
      </Persons>
      <Addresses>
        <Address>
          <ID>1</ID>
          <AddressLine1>
            <Value>2 Duke of Edinburgh Way</Value>
          </AddressLine1>
          <AddressLine2>
            <Value>Malvern</Value>
          </AddressLine2>
          <AddressLine3>
            <Value i:nil="true"></Value>
          </AddressLine3>
          <AddressLine4>
            <Value i:nil="true"></Value>
          </AddressLine4>
          <AddressLine5>
            <Value i:nil="true"></Value>
          </AddressLine5>
          <PostCode>
            <Value>WR14 1AZ</Value>
          </PostCode>
          <DPSCode>
            <Value i:nil="true"></Value>
          </DPSCode>
          <LocationIDFK>
            <Value i:nil="true"></Value>
          </LocationIDFK>
          <LocationDetails i:nil="true"></LocationDetails>
        </Address>
      </Addresses>
      <Products>
        <CommercialVehicleRisk>
          <Version>4.000</Version>
          <ID>0</ID>
          <Cover>
            <CommencementDate>
              <Value>2013-11-07T00:00:00</Value>
            </CommencementDate>
            <CoverType>
              <Value>01</Value>
              <Description>Comprehensive</Description>
              <ErrID></ErrID>
              <RecID>1</RecID>
            </CoverType>
            <ClassOfUse>
              <Value>21NY</Value>
              <Description>Carriage Of Own Goods, Not For Hire Or Reward</Description>
              <ErrID></ErrID>
              <RecID>6</RecID>
            </ClassOfUse>
            <TotalExcess>
              <Value>50</Value>
            </TotalExcess>
            <Ncd>
              <NcdYears>
                <Value>15</Value>
                <Description>15 Years</Description>
                <ErrID></ErrID>
                <RecID>47</RecID>
              </NcdYears>
              <NcdSource>
                <Value>1</Value>
                <Description>With this vehicle or a previous vehicle</Description>
                <ErrID></ErrID>
                <RecID>5</RecID>
              </NcdSource>
              <NcdProtected>
                <Value>true</Value>
              </NcdProtected>
              <ProtectedNcdOtherVehicle>
                <Value i:nil="true"></Value>
              </ProtectedNcdOtherVehicle>
              <MirroredNCD>
                <Value>MN1</Value>
                <Description>1 Year</Description>
                <RecID>2</RecID>
              </MirroredNCD>
            </Ncd>
            <LegalProtection>
              <Value>false</Value>
            </LegalProtection>
            <VehicleBreakdown>
              <Value>false</Value>
            </VehicleBreakdown>
            <PaymentProtection>
              <Value>false</Value>
            </PaymentProtection>
            <Drivers>
              <Driver>
                <id>1</id>
                <DriverType>1</DriverType>
              </Driver>
              <Driver>
                <id>7</id>
                <DriverType>2</DriverType>
              </Driver>
            </Drivers>
            <InsurancePaymentMethod>
              <Value>F</Value>
              <Description>In-full</Description>
              <RecID>2</RecID>
            </InsurancePaymentMethod>
            <PillionPassenger>
              <Value i:nil="true"></Value>
            </PillionPassenger>
            <PreviousQuote>
              <Value i:nil="true"></Value>
            </PreviousQuote>
            <DangerousGoods>
              <Value>false</Value>
            </DangerousGoods>
            <EstablishedYears>
              <Value>25</Value>
            </EstablishedYears>
            <PublicLiabilityPolicy>
              <Value>true</Value>
            </PublicLiabilityPolicy>
            <CompanyType>
              <Value>CTS</Value>
              <Description>Sole Trader</Description>
              <RecID>1</RecID>
            </CompanyType>
            <TradeOrganisation>
              <Value>TONO</Value>
              <Description>None</Description>
              <RecID>1</RecID>
            </TradeOrganisation>
          </Cover>
          <Vehicle>
            <ID>0</ID>
            <AdditionalDetails>
              <ABICode>90309911</ABICode>
              <Make>Volkswagen</Make>
              <Model>Caddy</Model>
              <Doors i:nil="true"></Doors>
              <Seats>3</Seats>
              <EngineSize>1896</EngineSize>
              <Body>
                <Desc>SALOON</Desc>
                <Code>NA</Code>
              </Body>
              <LCBody>
                <Desc>VAN</Desc>
                <Code>NA</Code>
              </LCBody>
              <Fuel>
                <Desc>Diesel</Desc>
                <Code>NA</Code>
              </Fuel>
              <Transmission>
                <Desc>Manual</Desc>
                <Code>NA</Code>
              </Transmission>
              <Weight>2235</Weight>
            </AdditionalDetails>
            <VehicleCode>
              <Value>90309911</Value>
            </VehicleCode>
            <Description>
              <Value>2007 Volkswagen Caddy Tdi 104PS Tiptronic, 1896CC Diesel, Manual, Van, Gross weight: 2235kg, Payload</Value>
            </Description>
            <RegYear>
              <Value>2007</Value>
              <Description>2007 (56, 07, 57)</Description>
              <ErrID></ErrID>
              <RecID>87</RecID>
            </RegYear>
            <RegLetter>
              <Value>07</Value>
              <Description>2007 (56, 07, 57)</Description>
              <ErrID></ErrID>
              <RecID>87</RecID>
            </RegLetter>
            <RegNumber>
              <Value>V4AAN</Value>
            </RegNumber>
            <Seats>
              <Value>3</Value>
              <Description></Description>
              <ErrID></ErrID>
              <RecID>3</RecID>
            </Seats>
            <LHD>
              <Value>false</Value>
            </LHD>
            <SecurityCode>
              <Value>99991</Value>
              <Description>Factory Fitted Thatcham Approved Alarm/Immobiliser</Description>
              <ErrID></ErrID>
              <RecID>1350</RecID>
            </SecurityCode>
            <Tracker>
              <Value>true</Value>
            </Tracker>
            <VehiclePurchased>
              <Value>true</Value>
            </VehiclePurchased>
            <PurchaseDate>
              <Value>2011-01-01T00:00:00</Value>
            </PurchaseDate>
            <OvernightParking>
              <Value>7</Value>
              <Description>Locked compound</Description>
              <ErrID></ErrID>
              <RecID>12</RecID>
            </OvernightParking>
            <WhereKeptAddress>
              <Value>1</Value>
            </WhereKeptAddress>
            <AnnualMileage>
              <Value>5000</Value>
            </AnnualMileage>
            <BusinessMileage>
              <Value>5000</Value>
            </BusinessMileage>
            <RegisteredKeeper>
              <OwnerKeeperType>
                <Value>P</Value>
                <Description>Person</Description>
                <ErrID></ErrID>
                <RecID>5</RecID>
              </OwnerKeeperType>
              <OwnerKeeperID>
                <Value>1</Value>
              </OwnerKeeperID>
              <OwnerKeeperName>
                <Value>Dr Gary Qa</Value>
              </OwnerKeeperName>
            </RegisteredKeeper>
            <LegalOwner>
              <OwnerKeeperType>
                <Value>P</Value>
                <Description>Person</Description>
                <ErrID></ErrID>
                <RecID>5</RecID>
              </OwnerKeeperType>
              <OwnerKeeperID>
                <Value>1</Value>
              </OwnerKeeperID>
              <OwnerKeeperName>
                <Value>Dr Gary Qa</Value>
              </OwnerKeeperName>
            </LegalOwner>
            <VehicleInsValue>
              <Value>5000</Value>
            </VehicleInsValue>
            <CustomerEstimatedValue>
              <Value>true</Value>
            </CustomerEstimatedValue>
            <VehicleInsGroup>
              <Value>3</Value>
            </VehicleInsGroup>
            <ValuationType>
              <Value i:nil="true"></Value>
            </ValuationType>
            <VehicleImported>
              <Value>false</Value>
            </VehicleImported>
            <BodyType>
              <Value>H</Value>
              <Description>Van</Description>
              <ErrID></ErrID>
              <RecID>11</RecID>
            </BodyType>
            <CarrySineage>
              <Value>CSN</Value>
              <Description>None</Description>
              <RecID>1</RecID>
            </CarrySineage>
            <BadDriverHotline>
              <Value>false</Value>
            </BadDriverHotline>
            <GrossWeight>
              <Value>0.0</Value>
            </GrossWeight>
          </Vehicle>
        </CommercialVehicleRisk>
      </Products>
      <ModifiedFlags>
        <RiskHeader>false</RiskHeader>
        <Persons>false</Persons>
        <Addresses>false</Addresses>
        <ContactDetails>false</ContactDetails>
        <PrivateCar>false</PrivateCar>
        <PrivateCarCover>false</PrivateCarCover>
        <CommercialVehicle>false</CommercialVehicle>
        <CommercialVehicleCover>false</CommercialVehicleCover>
        <Claims>false</Claims>
        <Convictions>false</Convictions>
        <HomeCover>false</HomeCover>
        <PropertyDetails>false</PropertyDetails>
        <PropertyBuildingsCover>false</PropertyBuildingsCover>
        <PropertyContentsCover>false</PropertyContentsCover>
        <PropertyClaims>false</PropertyClaims>
        <PropertyLocks>false</PropertyLocks>
        <PropertyAdditionalDetails>false</PropertyAdditionalDetails>
        <LifeCover>false</LifeCover>
        <Bike>false</Bike>
        <BikeCover>false</BikeCover>
        <PetDetails>false</PetDetails>
        <PetMoreDetails>false</PetMoreDetails>
        <PetCover>false</PetCover>
        <PetDogSpecific>false</PetDogSpecific>
        <Vehicle>false</Vehicle>
        <VehicleDetails>false</VehicleDetails>
        <VehicleUsage>false</VehicleUsage>
        <VehicleOwnership>false</VehicleOwnership>
        <PolicyDetails>false</PolicyDetails>
        <DrivingHistory>false</DrivingHistory>
      </ModifiedFlags>
    </RiskMaster>
  </Lead>
</QuoteRequest>