﻿<?xml version="1.0" encoding="utf-8"?><QuoteResult xmlns="http://BGL.CompareTheMarket.Services.DistributorService.DataContracts" xmlns:soap="http://schemas.xmlsoap.org/soap/envelope/" xmlns:xsi="http://www.w3.org/2001/XMLSchema-instance" xmlns:xsd="http://www.w3.org/2001/XMLSchema" xmlns:dist="urn:transform-ext" xmlns:ms="urn:schemas-microsoft-com:xslt" xmlns:rq="http://comparethemarket.co.uk/RiskServices/2009/V1/" xmlns:qr="http://TGSL/TES_Aggregator" xmlns:tgsl="http://www.transactorgsl.com/schemas"><Header><ResultStatus>ERROR</ResultStatus><PartnerRef>25005C804E2A44228C290B021AB4C030,0,4</PartnerRef></Header><Quotes><Quote><Broker>FDI3</Broker><InsurerName>FluxDirect Van</InsurerName><LinkDetails><Reference></Reference><Password></Password><RetrievalLink></RetrievalLink><FormPostParameters><FormParameters><FieldName>usr</FieldName><FieldValue></FieldValue></FormParameters><FormParameters><FieldName>pwd</FieldName><FieldValue></FieldValue></FormParameters><FormParameters><FieldName>quoteref</FieldName><FieldValue></FieldValue></FormParameters></FormPostParameters></LinkDetails><Premium><AnnualPremium></AnnualPremium><InstalmentDetails><Deposit></Deposit><FirstInstalment></FirstInstalment><NumberOfPayments></NumberOfPayments><MonthlyPremium></MonthlyPremium><APR></APR></InstalmentDetails></Premium><Excesses /><OtherProducts><Features><Feature><Code>VEX</Code><Description /><Status>Y</Status><ProductCost>0</ProductCost><Definition /></Feature><Feature><Code>SEX</Code><Description /><Status>Y</Status><ProductCost>0</ProductCost><Definition /></Feature><Feature><Code>EXS</Code><Description /><Status>Y</Status><ProductCost>0</ProductCost><Definition /></Feature></Features></OtherProducts></Quote></Quotes><Messages><GeneralMessages><Message><MessageNo>1</MessageNo><MessageField>ERROR</MessageField><MessageText>1)Source=Aggregator,Procedure=Quote,Desc=Error in Quote2)Source=Aggregator,Procedure=CreateClientDataset,Desc=Error in CreateClientDataset3)Source=System.Xml,Procedure=.ctor,Desc=The string '' is not a valid AllXsd value.</MessageText></Message></GeneralMessages><Logs><Log><Code>ReqRecvd</Code><LogDateTime>2013-10-23T11:26:42.75149</LogDateTime></Log><Log><Code>ReqQueued</Code><LogDateTime>2013-10-23T11:26:42.78269</LogDateTime></Log><Log><Code>OutProcStart</Code><LogDateTime>2013-10-23T11:26:43.01669</LogDateTime></Log><Log><Code>ProviderStart</Code><LogDateTime>2013-10-23T11:26:43.03229</LogDateTime></Log><Log><Code>ProviderEnd</Code><LogDateTime>2013-10-23T11:26:43.98389</LogDateTime></Log><Log><Code>InProcStart</Code><LogDateTime>2013-10-23T11:26:43.98389</LogDateTime></Log></Logs></Messages></QuoteResult>