<soap:Envelope xmlns:soap="http://schemas.xmlsoap.org/soap/envelope/" xmlns:xsi="http://www.w3.org/2001/XMLSchema-instance" xmlns:xsd="http://www.w3.org/2001/XMLSchema">
  <soap:Body>
    <QuoteResponse xmlns="http://TGSL/TES_Aggregator">
      <QuoteResult>
        <TGSLCVQuotationResponse xsi:schemaLocation="http://www.transactorgsl.com/schemas http://localhost:8080/TES_Aggregator/schemas/TGSL/TGSLCVSchemaResponse.xsd" xmlns:tes="http://www.wisl.co.uk/schemas" xmlns="http://www.transactorgsl.com/schemas" xmlns:tgsl="http://www.transactorgsl.com/schemas" xmlns:xsi="http://www.w3.org/2001/XMLSchema-instance">
          <Quotations>
            <Partner>afg</Partner>
            <partnerID>124</partnerID>
            <Status>
              <Status>ERROR</Status>
              <StatusMessage>1)Source=Aggregator,Procedure=Quote,Desc=Error in Quote2)Source=Aggregator,Procedure=CreateClientDataset,Desc=Error in CreateClientDataset3)Source=System.Xml,Procedure=.ctor,Desc=The string '' is not a valid AllXsd value.</StatusMessage>
            </Status>
          </Quotations>
        </TGSLCVQuotationResponse>
      </QuoteResult>
    </QuoteResponse>
  </soap:Body>
</soap:Envelope>