﻿<?xml version="1.0" encoding="utf-8"?>
<QuoteResults xmlns="http://BGL.CompareTheMarket.Services.DistributorService.DataContracts">
  <QuoteResult>
    <Header>
      <ResultStatus>COMPLETE</ResultStatus>
      <PartnerRef>D1DB4FE8F0D94EBB804E92167FE5A6DB,0,1</PartnerRef>
    </Header>
    <Quotes>
      <Quote>
        <Broker>MPE1</Broker>
        <InsurerName>Accident Only</InsurerName>
        <LinkDetails>
          <Reference>AAAA0000252891</Reference>
          <RetrievalLink>https://pltestweb.rsagroup.co.uk/MAINT/TEST/morethan-pet/quoteAndBuy.do?qn=AAAA0000252891&amp;pc=PE28+3NZ&amp;checksum=78589ee61cab50c1b293d9a80a1332b91630973c&amp;tier=Accident Only</RetrievalLink>
        </LinkDetails>
        <Premium>
          <AnnualPremium>58.54</AnnualPremium>
          <InstalmentDetails>
            <Deposit>0</Deposit>
            <NumberOfPayments>12</NumberOfPayments>
            <MonthlyPremium>4.88</MonthlyPremium>
          </InstalmentDetails>
        </Premium>
        <OtherProducts>
          <Features>
            <Feature>
              <Code>VFX</Code>
              <Description>£{0:##.00}</Description>
              <Status>T</Status>
              <ProductCost>150.0</ProductCost>
              <Definition />
            </Feature>
            <Feature>
              <Code>DTI</Code>
              <Description />
              <Status>N</Status>
              <ProductCost>0.00</ProductCost>
              <Definition />
            </Feature>
          </Features>
        </OtherProducts>
      </Quote>
    </Quotes>
    <Messages>
      <Logs>
        <Log>
          <Code>ReqRecvd</Code>
          <LogDateTime>2013-06-12T16:10:28.44205</LogDateTime>
        </Log>
        <Log>
          <Code>ReqQueued</Code>
          <LogDateTime>2013-06-12T16:10:28.45765</LogDateTime>
        </Log>
        <Log>
          <Code>OutProcStart</Code>
          <LogDateTime>2013-06-12T16:10:28.64485</LogDateTime>
        </Log>
        <Log>
          <Code>ProviderStart</Code>
          <LogDateTime>2013-06-12T16:10:28.73845</LogDateTime>
        </Log>
        <Log>
          <Code>ProviderEnd</Code>
          <LogDateTime>2013-06-12T16:11:18.70534</LogDateTime>
        </Log>
        <Log>
          <Code>InProcStart</Code>
          <LogDateTime>2013-06-12T16:11:18.70534</LogDateTime>
        </Log>
      </Logs>
    </Messages>
  </QuoteResult>
  <QuoteResult>
    <Header>
      <ResultStatus>COMPLETE</ResultStatus>
      <PartnerRef>D1DB4FE8F0D94EBB804E92167FE5A6DB,0,1</PartnerRef>
    </Header>
    <Quotes>
      <Quote>
        <Broker>MPE2</Broker>
        <InsurerName>Basic 1,500</InsurerName>
        <LinkDetails>
          <Reference>AAAA0000252891</Reference>
          <RetrievalLink>https://pltestweb.rsagroup.co.uk/MAINT/TEST/morethan-pet/quoteAndBuy.do?qn=AAAA0000252891&amp;pc=PE28+3NZ&amp;checksum=78589ee61cab50c1b293d9a80a1332b91630973c&amp;tier=Basic 1,500</RetrievalLink>
        </LinkDetails>
        <Premium>
          <AnnualPremium>506.88</AnnualPremium>
          <InstalmentDetails>
            <Deposit>0</Deposit>
            <NumberOfPayments>12</NumberOfPayments>
            <MonthlyPremium>42.24</MonthlyPremium>
          </InstalmentDetails>
        </Premium>
        <OtherProducts>
          <Features>
            <Feature>
              <Code>VFX</Code>
              <Description>£{0:##.00}</Description>
              <Status>T</Status>
              <ProductCost>150.0</ProductCost>
              <Definition />
            </Feature>
            <Feature>
              <Code>DTI</Code>
              <Description />
              <Status>N</Status>
              <ProductCost>0.00</ProductCost>
              <Definition />
            </Feature>
          </Features>
        </OtherProducts>
      </Quote>
    </Quotes>
    <Messages>
      <Logs>
        <Log>
          <Code>ReqRecvd</Code>
          <LogDateTime>2013-06-12T16:10:28.44205</LogDateTime>
        </Log>
        <Log>
          <Code>ReqQueued</Code>
          <LogDateTime>2013-06-12T16:10:28.45765</LogDateTime>
        </Log>
        <Log>
          <Code>OutProcStart</Code>
          <LogDateTime>2013-06-12T16:10:28.64485</LogDateTime>
        </Log>
        <Log>
          <Code>ProviderStart</Code>
          <LogDateTime>2013-06-12T16:10:28.73845</LogDateTime>
        </Log>
        <Log>
          <Code>ProviderEnd</Code>
          <LogDateTime>2013-06-12T16:11:18.70534</LogDateTime>
        </Log>
        <Log>
          <Code>InProcStart</Code>
          <LogDateTime>2013-06-12T16:11:18.70534</LogDateTime>
        </Log>
      </Logs>
    </Messages>
  </QuoteResult>
  <QuoteResult>
    <Header>
      <ResultStatus>COMPLETE</ResultStatus>
      <PartnerRef>D1DB4FE8F0D94EBB804E92167FE5A6DB,0,1</PartnerRef>
    </Header>
    <Quotes>
      <Quote>
        <Broker>MPE3</Broker>
        <InsurerName>Basic 3,000</InsurerName>
        <LinkDetails>
          <Reference>AAAA0000252891</Reference>
          <RetrievalLink>https://pltestweb.rsagroup.co.uk/MAINT/TEST/morethan-pet/quoteAndBuy.do?qn=AAAA0000252891&amp;pc=PE28+3NZ&amp;checksum=78589ee61cab50c1b293d9a80a1332b91630973c&amp;tier=Basic 3,000</RetrievalLink>
        </LinkDetails>
        <Premium>
          <AnnualPremium>614.47</AnnualPremium>
          <InstalmentDetails>
            <Deposit>0</Deposit>
            <NumberOfPayments>12</NumberOfPayments>
            <MonthlyPremium>51.21</MonthlyPremium>
          </InstalmentDetails>
        </Premium>
        <OtherProducts>
          <Features>
            <Feature>
              <Code>VFX</Code>
              <Description>£{0:##.00}</Description>
              <Status>T</Status>
              <ProductCost>150.0</ProductCost>
              <Definition />
            </Feature>
            <Feature>
              <Code>DTI</Code>
              <Description />
              <Status>N</Status>
              <ProductCost>0.00</ProductCost>
              <Definition />
            </Feature>
          </Features>
        </OtherProducts>
      </Quote>
    </Quotes>
    <Messages>
      <Logs>
        <Log>
          <Code>ReqRecvd</Code>
          <LogDateTime>2013-06-12T16:10:28.44205</LogDateTime>
        </Log>
        <Log>
          <Code>ReqQueued</Code>
          <LogDateTime>2013-06-12T16:10:28.45765</LogDateTime>
        </Log>
        <Log>
          <Code>OutProcStart</Code>
          <LogDateTime>2013-06-12T16:10:28.64485</LogDateTime>
        </Log>
        <Log>
          <Code>ProviderStart</Code>
          <LogDateTime>2013-06-12T16:10:28.73845</LogDateTime>
        </Log>
        <Log>
          <Code>ProviderEnd</Code>
          <LogDateTime>2013-06-12T16:11:18.70534</LogDateTime>
        </Log>
        <Log>
          <Code>InProcStart</Code>
          <LogDateTime>2013-06-12T16:11:18.70534</LogDateTime>
        </Log>
      </Logs>
    </Messages>
  </QuoteResult>
  <QuoteResult>
    <Header>
      <ResultStatus>COMPLETE</ResultStatus>
      <PartnerRef>D1DB4FE8F0D94EBB804E92167FE5A6DB,0,1</PartnerRef>
    </Header>
    <Quotes>
      <Quote>
        <Broker>MPE4</Broker>
        <InsurerName>Classic 4,000</InsurerName>
        <LinkDetails>
          <Reference>AAAA0000252891</Reference>
          <RetrievalLink>https://pltestweb.rsagroup.co.uk/MAINT/TEST/morethan-pet/quoteAndBuy.do?qn=AAAA0000252891&amp;pc=PE28+3NZ&amp;checksum=78589ee61cab50c1b293d9a80a1332b91630973c&amp;tier=Classic 4,000</RetrievalLink>
        </LinkDetails>
        <Premium>
          <AnnualPremium>906.40</AnnualPremium>
          <InstalmentDetails>
            <Deposit>0</Deposit>
            <NumberOfPayments>12</NumberOfPayments>
            <MonthlyPremium>75.54</MonthlyPremium>
          </InstalmentDetails>
        </Premium>
        <OtherProducts>
          <Features>
            <Feature>
              <Code>VFX</Code>
              <Description>£{0:##.00}</Description>
              <Status>T</Status>
              <ProductCost>150.0</ProductCost>
              <Definition />
            </Feature>
            <Feature>
              <Code>DTI</Code>
              <Description />
              <Status>N</Status>
              <ProductCost>0.00</ProductCost>
              <Definition />
            </Feature>
          </Features>
        </OtherProducts>
      </Quote>
    </Quotes>
    <Messages>
      <Logs>
        <Log>
          <Code>ReqRecvd</Code>
          <LogDateTime>2013-06-12T16:10:28.44205</LogDateTime>
        </Log>
        <Log>
          <Code>ReqQueued</Code>
          <LogDateTime>2013-06-12T16:10:28.45765</LogDateTime>
        </Log>
        <Log>
          <Code>OutProcStart</Code>
          <LogDateTime>2013-06-12T16:10:28.64485</LogDateTime>
        </Log>
        <Log>
          <Code>ProviderStart</Code>
          <LogDateTime>2013-06-12T16:10:28.73845</LogDateTime>
        </Log>
        <Log>
          <Code>ProviderEnd</Code>
          <LogDateTime>2013-06-12T16:11:18.70534</LogDateTime>
        </Log>
        <Log>
          <Code>InProcStart</Code>
          <LogDateTime>2013-06-12T16:11:18.70534</LogDateTime>
        </Log>
      </Logs>
    </Messages>
  </QuoteResult>
  <QuoteResult>
    <Header>
      <ResultStatus>COMPLETE</ResultStatus>
      <PartnerRef>D1DB4FE8F0D94EBB804E92167FE5A6DB,0,1</PartnerRef>
    </Header>
    <Quotes>
      <Quote>
        <Broker>MPE5</Broker>
        <InsurerName>Classic 8,000</InsurerName>
        <LinkDetails>
          <Reference>AAAA0000252891</Reference>
          <RetrievalLink>https://pltestweb.rsagroup.co.uk/MAINT/TEST/morethan-pet/quoteAndBuy.do?qn=AAAA0000252891&amp;pc=PE28+3NZ&amp;checksum=78589ee61cab50c1b293d9a80a1332b91630973c&amp;tier=Classic 8,000</RetrievalLink>
        </LinkDetails>
        <Premium>
          <AnnualPremium>1049.56</AnnualPremium>
          <InstalmentDetails>
            <Deposit>0</Deposit>
            <NumberOfPayments>12</NumberOfPayments>
            <MonthlyPremium>87.47</MonthlyPremium>
          </InstalmentDetails>
        </Premium>
        <OtherProducts>
          <Features>
            <Feature>
              <Code>VFX</Code>
              <Description>£{0:##.00}</Description>
              <Status>T</Status>
              <ProductCost>150.0</ProductCost>
              <Definition />
            </Feature>
            <Feature>
              <Code>DTI</Code>
              <Description />
              <Status>N</Status>
              <ProductCost>0.00</ProductCost>
              <Definition />
            </Feature>
          </Features>
        </OtherProducts>
      </Quote>
    </Quotes>
    <Messages>
      <Logs>
        <Log>
          <Code>ReqRecvd</Code>
          <LogDateTime>2013-06-12T16:10:28.44205</LogDateTime>
        </Log>
        <Log>
          <Code>ReqQueued</Code>
          <LogDateTime>2013-06-12T16:10:28.45765</LogDateTime>
        </Log>
        <Log>
          <Code>OutProcStart</Code>
          <LogDateTime>2013-06-12T16:10:28.64485</LogDateTime>
        </Log>
        <Log>
          <Code>ProviderStart</Code>
          <LogDateTime>2013-06-12T16:10:28.73845</LogDateTime>
        </Log>
        <Log>
          <Code>ProviderEnd</Code>
          <LogDateTime>2013-06-12T16:11:18.70534</LogDateTime>
        </Log>
        <Log>
          <Code>InProcStart</Code>
          <LogDateTime>2013-06-12T16:11:18.70534</LogDateTime>
        </Log>
      </Logs>
    </Messages>
  </QuoteResult>
  <QuoteResult>
    <Header>
      <ResultStatus>COMPLETE</ResultStatus>
      <PartnerRef>D1DB4FE8F0D94EBB804E92167FE5A6DB,0,1</PartnerRef>
    </Header>
    <Quotes>
      <Quote>
        <Broker>MPE6</Broker>
        <InsurerName>Premier</InsurerName>
        <LinkDetails>
          <Reference>AAAA0000252891</Reference>
          <RetrievalLink>https://pltestweb.rsagroup.co.uk/MAINT/TEST/morethan-pet/quoteAndBuy.do?qn=AAAA0000252891&amp;pc=PE28+3NZ&amp;checksum=78589ee61cab50c1b293d9a80a1332b91630973c&amp;tier=Premier</RetrievalLink>
        </LinkDetails>
        <Premium>
          <AnnualPremium>1332.40</AnnualPremium>
          <InstalmentDetails>
            <Deposit>0</Deposit>
            <NumberOfPayments>12</NumberOfPayments>
            <MonthlyPremium>111.04</MonthlyPremium>
          </InstalmentDetails>
        </Premium>
        <OtherProducts>
          <Features>
            <Feature>
              <Code>VFX</Code>
              <Description>£{0:##.00}</Description>
              <Status>T</Status>
              <ProductCost>150.0</ProductCost>
              <Definition />
            </Feature>
            <Feature>
              <Code>DTI</Code>
              <Description />
              <Status>N</Status>
              <ProductCost>0.00</ProductCost>
              <Definition />
            </Feature>
          </Features>
        </OtherProducts>
      </Quote>
    </Quotes>
    <Messages>
      <Logs>
        <Log>
          <Code>ReqRecvd</Code>
          <LogDateTime>2013-06-12T16:10:28.44205</LogDateTime>
        </Log>
        <Log>
          <Code>ReqQueued</Code>
          <LogDateTime>2013-06-12T16:10:28.45765</LogDateTime>
        </Log>
        <Log>
          <Code>OutProcStart</Code>
          <LogDateTime>2013-06-12T16:10:28.64485</LogDateTime>
        </Log>
        <Log>
          <Code>ProviderStart</Code>
          <LogDateTime>2013-06-12T16:10:28.73845</LogDateTime>
        </Log>
        <Log>
          <Code>ProviderEnd</Code>
          <LogDateTime>2013-06-12T16:11:18.70534</LogDateTime>
        </Log>
        <Log>
          <Code>InProcStart</Code>
          <LogDateTime>2013-06-12T16:11:18.70534</LogDateTime>
        </Log>
      </Logs>
    </Messages>
  </QuoteResult>
</QuoteResults>