﻿<?xml version="1.0" encoding="utf-8"?>
<QuoteResults xmlns="http://BGL.CompareTheMarket.Services.DistributorService.DataContracts">
  <QuoteResult>
    <Header>
      <ResultStatus>COMPLETE</ResultStatus>
      <PartnerRef>BBFB556A8EC1494BAF26F3C442A6835C,0,1</PartnerRef>
    </Header>
    <Quotes>
      <Quote>
        <Broker>MPE1</Broker>
        <InsurerName>Accident Only</InsurerName>
        <LinkDetails>
          <Reference>AAAA0000253161</Reference>
          <RetrievalLink>https://pltestweb.rsagroup.co.uk/MAINT/TEST/morethan-pet/quoteAndBuy.do?qn=AAAA0000253161&amp;pc=L8+7JY&amp;checksum=9a65004114ad1f712224ad54431588095603edfb&amp;tier=Accident Only</RetrievalLink>
        </LinkDetails>
        <Premium>
          <AnnualPremium>69.98</AnnualPremium>
          <InstalmentDetails>
            <Deposit>0</Deposit>
            <NumberOfPayments>12</NumberOfPayments>
            <MonthlyPremium>5.84</MonthlyPremium>
          </InstalmentDetails>
        </Premium>
        <OtherProducts>
          <Features>
            <Feature>
              <Code>VFX</Code>
              <Description>£{0:##.00}</Description>
              <Status>T</Status>
              <ProductCost>75.0</ProductCost>
              <Definition />
            </Feature>
            <Feature>
              <Code>TPX</Code>
              <Description>£{0:####.00}</Description>
              <Status>T</Status>
              <ProductCost>250.0</ProductCost>
              <Definition />
            </Feature>
            <Feature>
              <Code>DTI</Code>
              <Description>£{0:####.00}</Description>
              <Status>T</Status>
              <ProductCost />
              <Definition />
            </Feature>
          </Features>
        </OtherProducts>
      </Quote>
    </Quotes>
    <Messages>
      <Logs>
        <Log>
          <Code>ReqRecvd</Code>
          <LogDateTime>2013-06-13T11:11:37.65916</LogDateTime>
        </Log>
        <Log>
          <Code>ReqQueued</Code>
          <LogDateTime>2013-06-13T11:11:37.67476</LogDateTime>
        </Log>
        <Log>
          <Code>OutProcStart</Code>
          <LogDateTime>2013-06-13T11:11:37.86196</LogDateTime>
        </Log>
        <Log>
          <Code>ProviderStart</Code>
          <LogDateTime>2013-06-13T11:11:37.89316</LogDateTime>
        </Log>
        <Log>
          <Code>ProviderEnd</Code>
          <LogDateTime>2013-06-13T11:12:11.91682</LogDateTime>
        </Log>
        <Log>
          <Code>InProcStart</Code>
          <LogDateTime>2013-06-13T11:12:11.91682</LogDateTime>
        </Log>
      </Logs>
    </Messages>
  </QuoteResult>
  <QuoteResult>
    <Header>
      <ResultStatus>COMPLETE</ResultStatus>
      <PartnerRef>BBFB556A8EC1494BAF26F3C442A6835C,0,1</PartnerRef>
    </Header>
    <Quotes>
      <Quote>
        <Broker>MPE2</Broker>
        <InsurerName>Basic 1,500</InsurerName>
        <LinkDetails>
          <Reference>AAAA0000253161</Reference>
          <RetrievalLink>https://pltestweb.rsagroup.co.uk/MAINT/TEST/morethan-pet/quoteAndBuy.do?qn=AAAA0000253161&amp;pc=L8+7JY&amp;checksum=9a65004114ad1f712224ad54431588095603edfb&amp;tier=Basic 1,500</RetrievalLink>
        </LinkDetails>
        <Premium>
          <AnnualPremium>132.38</AnnualPremium>
          <InstalmentDetails>
            <Deposit>0</Deposit>
            <NumberOfPayments>12</NumberOfPayments>
            <MonthlyPremium>11.03</MonthlyPremium>
          </InstalmentDetails>
        </Premium>
        <OtherProducts>
          <Features>
            <Feature>
              <Code>VFX</Code>
              <Description>£{0:##.00}</Description>
              <Status>T</Status>
              <ProductCost>75.0</ProductCost>
              <Definition />
            </Feature>
            <Feature>
              <Code>TPX</Code>
              <Description>£{0:####.00}</Description>
              <Status>T</Status>
              <ProductCost>250.0</ProductCost>
              <Definition />
            </Feature>
            <Feature>
              <Code>DTI</Code>
              <Description>£{0:####.00}</Description>
              <Status>T</Status>
              <ProductCost>500</ProductCost>
              <Definition />
            </Feature>
          </Features>
        </OtherProducts>
      </Quote>
    </Quotes>
    <Messages>
      <Logs>
        <Log>
          <Code>ReqRecvd</Code>
          <LogDateTime>2013-06-13T11:11:37.65916</LogDateTime>
        </Log>
        <Log>
          <Code>ReqQueued</Code>
          <LogDateTime>2013-06-13T11:11:37.67476</LogDateTime>
        </Log>
        <Log>
          <Code>OutProcStart</Code>
          <LogDateTime>2013-06-13T11:11:37.86196</LogDateTime>
        </Log>
        <Log>
          <Code>ProviderStart</Code>
          <LogDateTime>2013-06-13T11:11:37.89316</LogDateTime>
        </Log>
        <Log>
          <Code>ProviderEnd</Code>
          <LogDateTime>2013-06-13T11:12:11.91682</LogDateTime>
        </Log>
        <Log>
          <Code>InProcStart</Code>
          <LogDateTime>2013-06-13T11:12:11.91682</LogDateTime>
        </Log>
      </Logs>
    </Messages>
  </QuoteResult>
  <QuoteResult>
    <Header>
      <ResultStatus>COMPLETE</ResultStatus>
      <PartnerRef>BBFB556A8EC1494BAF26F3C442A6835C,0,1</PartnerRef>
    </Header>
    <Quotes>
      <Quote>
        <Broker>MPE3</Broker>
        <InsurerName>Basic 3,000</InsurerName>
        <LinkDetails>
          <Reference>AAAA0000253161</Reference>
          <RetrievalLink>https://pltestweb.rsagroup.co.uk/MAINT/TEST/morethan-pet/quoteAndBuy.do?qn=AAAA0000253161&amp;pc=L8+7JY&amp;checksum=9a65004114ad1f712224ad54431588095603edfb&amp;tier=Basic 3,000</RetrievalLink>
        </LinkDetails>
        <Premium>
          <AnnualPremium>152.91</AnnualPremium>
          <InstalmentDetails>
            <Deposit>0</Deposit>
            <NumberOfPayments>12</NumberOfPayments>
            <MonthlyPremium>12.75</MonthlyPremium>
          </InstalmentDetails>
        </Premium>
        <OtherProducts>
          <Features>
            <Feature>
              <Code>VFX</Code>
              <Description>£{0:##.00}</Description>
              <Status>T</Status>
              <ProductCost>75.0</ProductCost>
              <Definition />
            </Feature>
            <Feature>
              <Code>TPX</Code>
              <Description>£{0:####.00}</Description>
              <Status>T</Status>
              <ProductCost>250.0</ProductCost>
              <Definition />
            </Feature>
            <Feature>
              <Code>DTI</Code>
              <Description>£{0:####.00}</Description>
              <Status>T</Status>
              <ProductCost>500</ProductCost>
              <Definition />
            </Feature>
          </Features>
        </OtherProducts>
      </Quote>
    </Quotes>
    <Messages>
      <Logs>
        <Log>
          <Code>ReqRecvd</Code>
          <LogDateTime>2013-06-13T11:11:37.65916</LogDateTime>
        </Log>
        <Log>
          <Code>ReqQueued</Code>
          <LogDateTime>2013-06-13T11:11:37.67476</LogDateTime>
        </Log>
        <Log>
          <Code>OutProcStart</Code>
          <LogDateTime>2013-06-13T11:11:37.86196</LogDateTime>
        </Log>
        <Log>
          <Code>ProviderStart</Code>
          <LogDateTime>2013-06-13T11:11:37.89316</LogDateTime>
        </Log>
        <Log>
          <Code>ProviderEnd</Code>
          <LogDateTime>2013-06-13T11:12:11.91682</LogDateTime>
        </Log>
        <Log>
          <Code>InProcStart</Code>
          <LogDateTime>2013-06-13T11:12:11.91682</LogDateTime>
        </Log>
      </Logs>
    </Messages>
  </QuoteResult>
  <QuoteResult>
    <Header>
      <ResultStatus>COMPLETE</ResultStatus>
      <PartnerRef>BBFB556A8EC1494BAF26F3C442A6835C,0,1</PartnerRef>
    </Header>
    <Quotes>
      <Quote>
        <Broker>MPE4</Broker>
        <InsurerName>Classic 4,000</InsurerName>
        <LinkDetails>
          <Reference>AAAA0000253161</Reference>
          <RetrievalLink>https://pltestweb.rsagroup.co.uk/MAINT/TEST/morethan-pet/quoteAndBuy.do?qn=AAAA0000253161&amp;pc=L8+7JY&amp;checksum=9a65004114ad1f712224ad54431588095603edfb&amp;tier=Classic 4,000</RetrievalLink>
        </LinkDetails>
        <Premium>
          <AnnualPremium>201.41</AnnualPremium>
          <InstalmentDetails>
            <Deposit>0</Deposit>
            <NumberOfPayments>12</NumberOfPayments>
            <MonthlyPremium>16.79</MonthlyPremium>
          </InstalmentDetails>
        </Premium>
        <OtherProducts>
          <Features>
            <Feature>
              <Code>VFX</Code>
              <Description>£{0:##.00}</Description>
              <Status>T</Status>
              <ProductCost>75.0</ProductCost>
              <Definition />
            </Feature>
            <Feature>
              <Code>TPX</Code>
              <Description>£{0:####.00}</Description>
              <Status>T</Status>
              <ProductCost>250.0</ProductCost>
              <Definition />
            </Feature>
            <Feature>
              <Code>DTI</Code>
              <Description>£{0:####.00}</Description>
              <Status>T</Status>
              <ProductCost>1000</ProductCost>
              <Definition />
            </Feature>
          </Features>
        </OtherProducts>
      </Quote>
    </Quotes>
    <Messages>
      <Logs>
        <Log>
          <Code>ReqRecvd</Code>
          <LogDateTime>2013-06-13T11:11:37.65916</LogDateTime>
        </Log>
        <Log>
          <Code>ReqQueued</Code>
          <LogDateTime>2013-06-13T11:11:37.67476</LogDateTime>
        </Log>
        <Log>
          <Code>OutProcStart</Code>
          <LogDateTime>2013-06-13T11:11:37.86196</LogDateTime>
        </Log>
        <Log>
          <Code>ProviderStart</Code>
          <LogDateTime>2013-06-13T11:11:37.89316</LogDateTime>
        </Log>
        <Log>
          <Code>ProviderEnd</Code>
          <LogDateTime>2013-06-13T11:12:11.91682</LogDateTime>
        </Log>
        <Log>
          <Code>InProcStart</Code>
          <LogDateTime>2013-06-13T11:12:11.91682</LogDateTime>
        </Log>
      </Logs>
    </Messages>
  </QuoteResult>
  <QuoteResult>
    <Header>
      <ResultStatus>COMPLETE</ResultStatus>
      <PartnerRef>BBFB556A8EC1494BAF26F3C442A6835C,0,1</PartnerRef>
    </Header>
    <Quotes>
      <Quote>
        <Broker>MPE5</Broker>
        <InsurerName>Classic 8,000</InsurerName>
        <LinkDetails>
          <Reference>AAAA0000253161</Reference>
          <RetrievalLink>https://pltestweb.rsagroup.co.uk/MAINT/TEST/morethan-pet/quoteAndBuy.do?qn=AAAA0000253161&amp;pc=L8+7JY&amp;checksum=9a65004114ad1f712224ad54431588095603edfb&amp;tier=Classic 8,000</RetrievalLink>
        </LinkDetails>
        <Premium>
          <AnnualPremium>231.75</AnnualPremium>
          <InstalmentDetails>
            <Deposit>0</Deposit>
            <NumberOfPayments>12</NumberOfPayments>
            <MonthlyPremium>19.32</MonthlyPremium>
          </InstalmentDetails>
        </Premium>
        <OtherProducts>
          <Features>
            <Feature>
              <Code>VFX</Code>
              <Description>£{0:##.00}</Description>
              <Status>T</Status>
              <ProductCost>75.0</ProductCost>
              <Definition />
            </Feature>
            <Feature>
              <Code>TPX</Code>
              <Description>£{0:####.00}</Description>
              <Status>T</Status>
              <ProductCost>250.0</ProductCost>
              <Definition />
            </Feature>
            <Feature>
              <Code>DTI</Code>
              <Description>£{0:####.00}</Description>
              <Status>T</Status>
              <ProductCost>1000</ProductCost>
              <Definition />
            </Feature>
          </Features>
        </OtherProducts>
      </Quote>
    </Quotes>
    <Messages>
      <Logs>
        <Log>
          <Code>ReqRecvd</Code>
          <LogDateTime>2013-06-13T11:11:37.65916</LogDateTime>
        </Log>
        <Log>
          <Code>ReqQueued</Code>
          <LogDateTime>2013-06-13T11:11:37.67476</LogDateTime>
        </Log>
        <Log>
          <Code>OutProcStart</Code>
          <LogDateTime>2013-06-13T11:11:37.86196</LogDateTime>
        </Log>
        <Log>
          <Code>ProviderStart</Code>
          <LogDateTime>2013-06-13T11:11:37.89316</LogDateTime>
        </Log>
        <Log>
          <Code>ProviderEnd</Code>
          <LogDateTime>2013-06-13T11:12:11.91682</LogDateTime>
        </Log>
        <Log>
          <Code>InProcStart</Code>
          <LogDateTime>2013-06-13T11:12:11.91682</LogDateTime>
        </Log>
      </Logs>
    </Messages>
  </QuoteResult>
  <QuoteResult>
    <Header>
      <ResultStatus>COMPLETE</ResultStatus>
      <PartnerRef>BBFB556A8EC1494BAF26F3C442A6835C,0,1</PartnerRef>
    </Header>
    <Quotes>
      <Quote>
        <Broker>MPE6</Broker>
        <InsurerName>Premier</InsurerName>
        <LinkDetails>
          <Reference>AAAA0000253161</Reference>
          <RetrievalLink>https://pltestweb.rsagroup.co.uk/MAINT/TEST/morethan-pet/quoteAndBuy.do?qn=AAAA0000253161&amp;pc=L8+7JY&amp;checksum=9a65004114ad1f712224ad54431588095603edfb&amp;tier=Premier</RetrievalLink>
        </LinkDetails>
        <Premium>
          <AnnualPremium>301.81</AnnualPremium>
          <InstalmentDetails>
            <Deposit>0</Deposit>
            <NumberOfPayments>12</NumberOfPayments>
            <MonthlyPremium>25.15</MonthlyPremium>
          </InstalmentDetails>
        </Premium>
        <OtherProducts>
          <Features>
            <Feature>
              <Code>VFX</Code>
              <Description>£{0:##.00}</Description>
              <Status>T</Status>
              <ProductCost>75.0</ProductCost>
              <Definition />
            </Feature>
            <Feature>
              <Code>TPX</Code>
              <Description>£{0:####.00}</Description>
              <Status>T</Status>
              <ProductCost>250.0</ProductCost>
              <Definition />
            </Feature>
            <Feature>
              <Code>DTI</Code>
              <Description>£{0:####.00}</Description>
              <Status>T</Status>
              <ProductCost>2000</ProductCost>
              <Definition />
            </Feature>
          </Features>
        </OtherProducts>
      </Quote>
    </Quotes>
    <Messages>
      <Logs>
        <Log>
          <Code>ReqRecvd</Code>
          <LogDateTime>2013-06-13T11:11:37.65916</LogDateTime>
        </Log>
        <Log>
          <Code>ReqQueued</Code>
          <LogDateTime>2013-06-13T11:11:37.67476</LogDateTime>
        </Log>
        <Log>
          <Code>OutProcStart</Code>
          <LogDateTime>2013-06-13T11:11:37.86196</LogDateTime>
        </Log>
        <Log>
          <Code>ProviderStart</Code>
          <LogDateTime>2013-06-13T11:11:37.89316</LogDateTime>
        </Log>
        <Log>
          <Code>ProviderEnd</Code>
          <LogDateTime>2013-06-13T11:12:11.91682</LogDateTime>
        </Log>
        <Log>
          <Code>InProcStart</Code>
          <LogDateTime>2013-06-13T11:12:11.91682</LogDateTime>
        </Log>
      </Logs>
    </Messages>
  </QuoteResult>
</QuoteResults>