﻿<?xml version="1.0" encoding="utf-8"?>
<soapenv:Envelope xmlns:soapenv="http://schemas.xmlsoap.org/soap/envelope/" xmlns:sec="http://schemas.xmlsoap.org/ws/2002/04/secext" xmlns:ns="http://www.rsagroup.com/services/cal/business/aggregatorapplyforpetquote/message/2.1/" xmlns:ns1="http://www.rsagroup.com/services/cal/business/aggregatorapplyforpetquote/message/2.1/">
  <soapenv:Header>
    <sec:Security>
      <sec:UsernameToken Id="?">
        <sec:Username>CompareTheMarketUser</sec:Username>
        <sec:Password Type="?">ctmuser789</sec:Password>
      </sec:UsernameToken>
    </sec:Security>
  </soapenv:Header>
  <soapenv:Body>
    <ns1:ApplyForPetQuoteRequest>
      <ns1:PET_QUOTE_REQUEST>
        <ns1:CURRENCY_CODE>GBP</ns1:CURRENCY_CODE>
        <ns1:PRODUCT_BRAND_NAME>MTHPET</ns1:PRODUCT_BRAND_NAME>
        <ns1:PRODUCT_ID>0000000075</ns1:PRODUCT_ID>
        <ns1:POLICY_HOLDER_DETAILS>
          <ns1:TITLE>Mr</ns1:TITLE>
          <ns1:FIRST_FORENAME>test</ns1:FIRST_FORENAME>
          <ns1:SURNAME>test</ns1:SURNAME>
          <ns1:BIRTH_DT>1995-06-17</ns1:BIRTH_DT>
          <ns1:GENDER>Male</ns1:GENDER>
          <ns1:MARITAL_STATUS>Single</ns1:MARITAL_STATUS>
          <ns1:EMAIL_ADDRESS>test1234@emailreaction.org</ns1:EMAIL_ADDRESS>
          <ns1:UK_RESIDENT_SINCE>1995-06-17</ns1:UK_RESIDENT_SINCE>
          <ns1:TELEPHONE_NUMBER></ns1:TELEPHONE_NUMBER>
          <ns1:COVER_START_DT>2013-06-17</ns1:COVER_START_DT>
          <ns1:RISK_ADDRESS_DETAILS>
            <ns1:HOUSE_NUMBER>2</ns1:HOUSE_NUMBER>
            <ns1:STREET>Cardinal Close</ns1:STREET>
            <ns1:VILLAGE>Billingborough</ns1:VILLAGE>
            <ns1:TOWN>Sleaford</ns1:TOWN>
            <ns1:POSTCODE>NG34 0GA</ns1:POSTCODE>
          </ns1:RISK_ADDRESS_DETAILS>
        </ns1:POLICY_HOLDER_DETAILS>
        <ns1:PET_DETAILS>
          <ns1:PET_DETAIL>
            <ns1:TYPE_OF_PET>Dog</ns1:TYPE_OF_PET>
            <ns1:NAME_OF_PET>ted</ns1:NAME_OF_PET>
            <ns1:PET_BIRTH_DT>2013-04-17</ns1:PET_BIRTH_DT>
            <ns1:BREEDTYPE>Pedigree</ns1:BREEDTYPE>
            <ns1:BREED>Jack Russell</ns1:BREED>
            <ns1:COMPLAINT_MADE>false</ns1:COMPLAINT_MADE>
            <ns1:KNOWN_MEDICAL_CONDITIONS>false</ns1:KNOWN_MEDICAL_CONDITIONS>
            <ns1:LEGAL_ACTION_IN_PREVIOUS_FIVE_YEARS>false</ns1:LEGAL_ACTION_IN_PREVIOUS_FIVE_YEARS>
            <ns1:USED_FOR_BREEDING>false</ns1:USED_FOR_BREEDING>
            <ns1:GENDER_OF_PET>Male</ns1:GENDER_OF_PET>
            <ns1:PRICE_PAID_FOR_PET>200</ns1:PRICE_PAID_FOR_PET>
            <ns1:NEUTERED_OR_SPAYED>false</ns1:NEUTERED_OR_SPAYED>
            <ns1:KEPT_AWAY_FROM_HOME>false</ns1:KEPT_AWAY_FROM_HOME>
            <ns1:RACING_USE_DOG>false</ns1:RACING_USE_DOG>
            <ns1:SECURITY_GUARD_DOG>false</ns1:SECURITY_GUARD_DOG>
            <ns1:KEPT_IN_UK>true</ns1:KEPT_IN_UK>
            <ns1:MICROCHIPPED>false</ns1:MICROCHIPPED>
            <ns1:VACCINATIONS_UP_TO_DATE>true</ns1:VACCINATIONS_UP_TO_DATE>
            <ns1:ALTERNITIVE_PET_LOCATION_POSTCODE />
            <ns1:INDOOR_PET>false</ns1:INDOOR_PET>
          </ns1:PET_DETAIL>
        </ns1:PET_DETAILS>
        <ns1:COVER_DETAILS />
        <ns1:TERMS />
      </ns1:PET_QUOTE_REQUEST>
    </ns1:ApplyForPetQuoteRequest>
  </soapenv:Body>
</soapenv:Envelope>