<QuoteRequest xmlns="http://comparethemarket.co.uk/RiskServices/2009/V1/" xmlns:i="http://www.w3.org/2001/XMLSchema-instance">
  <Header>
    <Sender>
      <ProductClass>LC</ProductClass>
      <SourceCode>CM02</SourceCode>
      <PartnerRef>0932DA10863D49EBB9C4351D54128AB7,0,11</PartnerRef>
      <RepeatQuote>C2F000052</RepeatQuote>
      <AffinityCode>CTM</AffinityCode>
    </Sender>
    <ServiceContext>
      <Server>PBO-CTMAPPQA01</Server>
      <Path>/PrivateCar/Motor/PricePage.aspx</Path>
      <PathUrl>http://pbo-ctmwebqa01.uat.local/PrivateCar/Motor/PricePage.aspx</PathUrl>
      <PathPhysical>D:\CTM\CTMWeb\CurrentVersion\</PathPhysical>
      <QueryString>(no set)</QueryString>
      <ClientOS>WinNT</ClientOS>
      <ClientBrowser>IE</ClientBrowser>
      <ClientVersion>7.0</ClientVersion>
      <ClientJScriptVersion>5.7</ClientJScriptVersion>
      <ClientEcmaScriptVersion>3.0</ClientEcmaScriptVersion>
      <SessionSessionGuid>(no set)</SessionSessionGuid>
      <SessionTransactionID>0932DA10863D49EBB9C4351D54128AB7</SessionTransactionID>
      <CurrentExecutingRequestGuid>1cf99c3a-58d8-4b09-bb7c-cc9ebeb744a3</CurrentExecutingRequestGuid>
      <HttpConnectionConnection>Keep-Alive</HttpConnectionConnection>
      <HttpConnectionAccept>application/x-ms-application, image/jpeg, application/xaml+xml, image/gif, image/pjpeg, application/x-ms-xbap, application/vnd.ms-excel, application/vnd.ms-powerpoint, application/msword, */*</HttpConnectionAccept>
      <HttpConnectionAcceptLanguage>en-GB</HttpConnectionAcceptLanguage>
      <HttpConnectionHost>pbo-ctmwebqa01.uat.local</HttpConnectionHost>
      <HttpConnectionReferrer>http://pbo-ctmwebqa01.uat.local/PrivateCar/Motor/AboutYourVehicle.aspx</HttpConnectionReferrer>
      <HttpConnectionContentType></HttpConnectionContentType>
      <HttpConnectionHttpMethod>GET</HttpConnectionHttpMethod>
      <HttpConnectionUserHostAddress>172.29.69.203</HttpConnectionUserHostAddress>
      <ApplicationName>BGL.CompareTheMarket.Services.QuoteService</ApplicationName>
      <JourneyJourneyType>(no set)</JourneyJourneyType>
      <JourneySourceCode>CM02</JourneySourceCode>
      <JourneyAffinityCode>CTM</JourneyAffinityCode>
      <JourneyProductCode>LC</JourneyProductCode>
      <VisitorID>(no set)</VisitorID>
      <VisitLogID>(no set)</VisitLogID>
    </ServiceContext>
  </Header>
  <Lead>
    <RiskMaster>
      <QuotePlatformID>5</QuotePlatformID>
      <RetrievedRiskHeaderID>8049497</RetrievedRiskHeaderID>
      <ClientReference>C2F000052 </ClientReference>
      <ProposerID>1</ProposerID>
      <PostalAddressID>1</PostalAddressID>
      <MarketingOptOut>
        <EmailOptOut>
          <Value>true</Value>
        </EmailOptOut>
        <PostOptOut>
          <Value>true</Value>
        </PostOptOut>
        <PhoneOptOut>
          <Value>true</Value>
        </PhoneOptOut>
        <SMSOptOut>
          <Value>true</Value>
        </SMSOptOut>
      </MarketingOptOut>
      <Persons>
        <Person>
          <ID>1</ID>
          <Title>
            <Value>MRS</Value>
            <Description>Mrs</Description>
            <ErrID></ErrID>
            <RecID>2</RecID>
          </Title>
          <FirstName>
            <Value>gary</Value>
          </FirstName>
          <Surname>
            <Value>qa</Value>
          </Surname>
          <DOB>
            <Value>1970-01-01T00:00:00</Value>
          </DOB>
          <Gender>
            <Value>F</Value>
            <Description></Description>
            <RecID>0</RecID>
          </Gender>
          <ContactDetails>
            <PhoneNumbers>
              <Phone>
                <Type>1</Type>
                <Code>
                  <Value>01733</Value>
                </Code>
                <Number>
                  <Value>896896</Value>
                </Number>
              </Phone>
            </PhoneNumbers>
            <EmailAdr>
              <Value>qa@gary.com</Value>
            </EmailAdr>
            <NoEmail>
              <Value>false</Value>
            </NoEmail>
          </ContactDetails>
          <MaritalStatus>
            <Value>B</Value>
            <Description>Civil Partnered</Description>
            <ErrID></ErrID>
            <RecID>15</RecID>
          </MaritalStatus>
          <EmploymentStatus>
            <Value>E</Value>
            <Description>Employed</Description>
            <ErrID></ErrID>
            <RecID>8</RecID>
          </EmploymentStatus>
          <PrimaryOccupation>
            <OccupationCode>
              <Value>001</Value>
              <Description>Abattoir Worker</Description>
              <RecID>1687</RecID>
            </OccupationCode>
            <BusinessCode>
              <Value>002</Value>
              <Description>Advertising</Description>
              <RecID>941</RecID>
            </BusinessCode>
          </PrimaryOccupation>
          <Licence>
            <TypeOfLicence>
              <Value>F</Value>
              <Description>Full UK Car Licence</Description>
              <ErrID></ErrID>
              <RecID>6</RecID>
            </TypeOfLicence>
            <LicenceHeldYears>
              <Value>10</Value>
              <Description>10 Years</Description>
              <RecID>36</RecID>
            </LicenceHeldYears>
            <DateLicenceObtained>
              <Value i:nil="true"></Value>
            </DateLicenceObtained>
            <DrivingQualifications>
              <Value>DQN</Value>
              <Description>No</Description>
              <RecID>1</RecID>
            </DrivingQualifications>
            <DrivingQualificationsDate>
              <Value i:nil="true"></Value>
            </DrivingQualificationsDate>
          </Licence>
          <Resident>
            <ResidentSince>
              <Value i:nil="true"></Value>
            </ResidentSince>
            <UkResidentSinceDOB>
              <Value>true</Value>
            </UkResidentSinceDOB>
          </Resident>
          <UseOtherVehicles>
            <Value>UVE</Value>
            <Description>Have use of another car</Description>
            <RecID>3</RecID>
          </UseOtherVehicles>
          <VehiclesInHousehold>
            <Value>1</Value>
          </VehiclesInHousehold>
          <AddressAsProposer>
            <Value>true</Value>
          </AddressAsProposer>
          <HomeOwner>
            <Value>false</Value>
          </HomeOwner>
          <PassPlus>
            <Value>false</Value>
          </PassPlus>
          <HaveMotorClaim>
            <Value>false</Value>
          </HaveMotorClaim>
          <HaveMotorConviction>
            <Value>false</Value>
          </HaveMotorConviction>
          <MotorInsuranceCancelled>
            <Value>false</Value>
          </MotorInsuranceCancelled>
          <HaveNonMotorConviction>
            <Value>false</Value>
          </HaveNonMotorConviction>
          <ChildrenUnder16>
            <Value>false</Value>
          </ChildrenUnder16>
          <Ghost>false</Ghost>
          <DVLAMedicalCondition>
            <Value>DVN</Value>
            <Description>No</Description>
            <RecID>1</RecID>
          </DVLAMedicalCondition>
          <PassedCBT>
            <Value i:nil="true"></Value>
          </PassedCBT>
          <LargestCCBike>
            <Value>0</Value>
          </LargestCCBike>
        </Person>
        <Person>
          <ID>2</ID>
          <Title>
            <Value>DRM</Value>
            <Description>Dr - Male</Description>
            <ErrID></ErrID>
            <RecID>16</RecID>
          </Title>
          <FirstName>
            <Value>gary</Value>
          </FirstName>
          <Surname>
            <Value>spouse</Value>
          </Surname>
          <DOB>
            <Value>1970-01-01T00:00:00</Value>
          </DOB>
          <Gender>
            <Value>M</Value>
            <Description></Description>
            <RecID>0</RecID>
          </Gender>
          <ContactDetails>
            <PhoneNumbers></PhoneNumbers>
            <EmailAdr>
              <Value i:nil="true"></Value>
            </EmailAdr>
            <NoEmail>
              <Value>false</Value>
            </NoEmail>
          </ContactDetails>
          <PrimaryOccupation>
            <OccupationCode>
              <Value></Value>
              <Description></Description>
              <RecID>0</RecID>
            </OccupationCode>
          </PrimaryOccupation>
          <Resident>
            <ResidentSince>
              <Value i:nil="true"></Value>
            </ResidentSince>
            <UkResidentSinceDOB>
              <Value>true</Value>
            </UkResidentSinceDOB>
          </Resident>
          <RelationshipToProposer>
            <Value>C</Value>
            <Description>Business Partner</Description>
            <ErrID></ErrID>
            <RecID>19</RecID>
          </RelationshipToProposer>
          <AddressAsProposer>
            <Value>false</Value>
          </AddressAsProposer>
          <HomeOwner>
            <Value>false</Value>
          </HomeOwner>
          <PassPlus>
            <Value>false</Value>
          </PassPlus>
          <HaveMotorClaim>
            <Value>false</Value>
          </HaveMotorClaim>
          <HaveMotorConviction>
            <Value>false</Value>
          </HaveMotorConviction>
          <MotorInsuranceCancelled>
            <Value>false</Value>
          </MotorInsuranceCancelled>
          <HaveNonMotorConviction>
            <Value>false</Value>
          </HaveNonMotorConviction>
          <Ghost>false</Ghost>
          <PassedCBT>
            <Value i:nil="true"></Value>
          </PassedCBT>
          <LargestCCBike>
            <Value>0</Value>
          </LargestCCBike>
        </Person>
      </Persons>
      <Addresses>
        <Address>
          <ID>1</ID>
          <AddressLine1>
            <Value>152 Meadenvale</Value>
          </AddressLine1>
          <AddressLine2>
            <Value>Peterborough</Value>
          </AddressLine2>
          <AddressLine3>
            <Value i:nil="true"></Value>
          </AddressLine3>
          <AddressLine4>
            <Value i:nil="true"></Value>
          </AddressLine4>
          <AddressLine5>
            <Value i:nil="true"></Value>
          </AddressLine5>
          <PostCode>
            <Value>PE1 5PY</Value>
          </PostCode>
          <DPSCode>
            <Value i:nil="true"></Value>
          </DPSCode>
          <LocationIDFK>
            <Value i:nil="true"></Value>
          </LocationIDFK>
          <LocationDetails i:nil="true"></LocationDetails>
        </Address>
      </Addresses>
      <Products>
        <CommercialVehicleRisk>
          <Version>4.000</Version>
          <ID>0</ID>
          <Cover>
            <CommencementDate>
              <Value>2013-04-27T00:00:00</Value>
            </CommencementDate>
            <CoverType>
              <Value>01</Value>
              <Description>Comprehensive</Description>
              <ErrID></ErrID>
              <RecID>1</RecID>
            </CoverType>
            <ClassOfUse>
              <Value>05NN</Value>
              <Description>Social, Domestic And Pleasure Only</Description>
              <ErrID></ErrID>
              <RecID>2</RecID>
            </ClassOfUse>
            <TotalExcess>
              <Value>600</Value>
            </TotalExcess>
            <Ncd>
              <NcdYears>
                <Value>7</Value>
                <Description>7 Years</Description>
                <ErrID></ErrID>
                <RecID>39</RecID>
              </NcdYears>
              <NcdSource>
                <Value>1</Value>
                <Description>With this vehicle or a previous vehicle</Description>
                <ErrID></ErrID>
                <RecID>5</RecID>
              </NcdSource>
              <NcdProtected>
                <Value>true</Value>
              </NcdProtected>
              <ProtectedNcdOtherVehicle>
                <Value i:nil="true"></Value>
              </ProtectedNcdOtherVehicle>
            </Ncd>
            <LegalProtection>
              <Value>false</Value>
            </LegalProtection>
            <VehicleBreakdown>
              <Value>false</Value>
            </VehicleBreakdown>
            <PaymentProtection>
              <Value>false</Value>
            </PaymentProtection>
            <Drivers>
              <Driver>
                <id>1</id>
                <DriverType>1</DriverType>
              </Driver>
            </Drivers>
            <InsurancePaymentMethod>
              <Value>F</Value>
              <Description>In-full</Description>
              <RecID>2</RecID>
            </InsurancePaymentMethod>
            <PillionPassenger>
              <Value i:nil="true"></Value>
            </PillionPassenger>
            <PreviousQuote>
              <Value i:nil="true"></Value>
            </PreviousQuote>
            <DangerousGoods>
              <Value>false</Value>
            </DangerousGoods>
            <EstablishedYears>
              <Value>0</Value>
            </EstablishedYears>
            <PublicLiabilityPolicy>
              <Value>false</Value>
            </PublicLiabilityPolicy>
            <TradeOrganisation>
              <Value>TONO</Value>
              <Description>None</Description>
              <RecID>1</RecID>
            </TradeOrganisation>
          </Cover>
          <Vehicle>
            <ID>0</ID>
            <AdditionalDetails>
              <ABICode>90309764</ABICode>
              <Make>Volkswagen</Make>
              <Model>Transporter</Model>
              <Doors i:nil="true"></Doors>
              <Seats>3</Seats>
              <EngineSize>2460</EngineSize>
              <Body>
                <Desc>SALOON</Desc>
                <Code>NA</Code>
              </Body>
              <LCBody>
                <Desc>VAN</Desc>
                <Code>NA</Code>
              </LCBody>
              <Fuel>
                <Desc>Diesel</Desc>
                <Code>NA</Code>
              </Fuel>
              <Transmission>
                <Desc>Manual</Desc>
                <Code>NA</Code>
              </Transmission>
              <Weight>3000</Weight>
            </AdditionalDetails>
            <VehicleCode>
              <Value>90309764</Value>
            </VehicleCode>
            <Description>
              <Value>2008 Volkswagen Transporter T30 Lwb 130 Tip, 2460CC Diesel, Manual, Van</Value>
            </Description>
            <RegYear>
              <Value>2008</Value>
              <Description>2008 (57, 08, 58)</Description>
              <ErrID></ErrID>
              <RecID>88</RecID>
            </RegYear>
            <RegLetter>
              <Value>08</Value>
              <Description>2008 (57, 08, 58)</Description>
              <ErrID></ErrID>
              <RecID>88</RecID>
            </RegLetter>
            <RegNumber>
              <Value>T55MTB</Value>
            </RegNumber>
            <Seats>
              <Value>3</Value>
              <Description></Description>
              <ErrID></ErrID>
              <RecID>3</RecID>
            </Seats>
            <LHD>
              <Value>false</Value>
            </LHD>
            <SecurityCode>
              <Value>99991</Value>
              <Description>Factory Fitted Thatcham Approved Alarm/Immobiliser</Description>
              <ErrID></ErrID>
              <RecID>1350</RecID>
            </SecurityCode>
            <Tracker>
              <Value>true</Value>
            </Tracker>
            <VehiclePurchased>
              <Value>true</Value>
            </VehiclePurchased>
            <PurchaseDate>
              <Value>2011-01-01T00:00:00</Value>
            </PurchaseDate>
            <OvernightParking>
              <Value>15</Value>
              <Description>Work car park</Description>
              <ErrID></ErrID>
              <RecID>32</RecID>
            </OvernightParking>
            <WhereKeptAddress>
              <Value>1</Value>
            </WhereKeptAddress>
            <AnnualMileage>
              <Value>5000</Value>
            </AnnualMileage>
            <BusinessMileage>
              <Value>0</Value>
            </BusinessMileage>
            <RegisteredKeeper>
              <OwnerKeeperType>
                <Value>P</Value>
                <Description>Person</Description>
                <ErrID></ErrID>
                <RecID>5</RecID>
              </OwnerKeeperType>
              <OwnerKeeperID>
                <Value>1</Value>
              </OwnerKeeperID>
              <OwnerKeeperName>
                <Value>Mrs Gary Qa</Value>
              </OwnerKeeperName>
            </RegisteredKeeper>
            <LegalOwner>
              <OwnerKeeperType>
                <Value>P</Value>
                <Description>Person</Description>
                <ErrID></ErrID>
                <RecID>5</RecID>
              </OwnerKeeperType>
              <OwnerKeeperID>
                <Value>1</Value>
              </OwnerKeeperID>
              <OwnerKeeperName>
                <Value>Mrs Gary Qa</Value>
              </OwnerKeeperName>
            </LegalOwner>
            <VehicleInsValue>
              <Value>5000</Value>
            </VehicleInsValue>
            <CustomerEstimatedValue>
              <Value>true</Value>
            </CustomerEstimatedValue>
            <VehicleInsGroup>
              <Value>6</Value>
            </VehicleInsGroup>
            <ValuationType>
              <Value i:nil="true"></Value>
            </ValuationType>
            <VehicleImported>
              <Value>false</Value>
            </VehicleImported>
            <BodyType>
              <Value>H</Value>
              <Description>Van</Description>
              <ErrID></ErrID>
              <RecID>11</RecID>
            </BodyType>
            <BadDriverHotline>
              <Value>false</Value>
            </BadDriverHotline>
            <GrossWeight>
              <Value>0.0</Value>
            </GrossWeight>
          </Vehicle>
        </CommercialVehicleRisk>
      </Products>
      <ModifiedFlags>
        <RiskHeader>false</RiskHeader>
        <Persons>false</Persons>
        <Addresses>false</Addresses>
        <ContactDetails>false</ContactDetails>
        <PrivateCar>false</PrivateCar>
        <PrivateCarCover>false</PrivateCarCover>
        <CommercialVehicle>false</CommercialVehicle>
        <CommercialVehicleCover>false</CommercialVehicleCover>
        <Claims>false</Claims>
        <Convictions>false</Convictions>
        <HomeCover>false</HomeCover>
        <PropertyDetails>false</PropertyDetails>
        <PropertyBuildingsCover>false</PropertyBuildingsCover>
        <PropertyContentsCover>false</PropertyContentsCover>
        <PropertyClaims>false</PropertyClaims>
        <PropertyLocks>false</PropertyLocks>
        <PropertyAdditionalDetails>false</PropertyAdditionalDetails>
        <LifeCover>false</LifeCover>
        <Bike>false</Bike>
        <BikeCover>false</BikeCover>
        <PetDetails>false</PetDetails>
        <PetMoreDetails>false</PetMoreDetails>
        <PetCover>false</PetCover>
        <PetDogSpecific>false</PetDogSpecific>
        <Vehicle>false</Vehicle>
        <VehicleDetails>false</VehicleDetails>
        <VehicleUsage>false</VehicleUsage>
        <VehicleOwnership>false</VehicleOwnership>
        <PolicyDetails>false</PolicyDetails>
        <DrivingHistory>false</DrivingHistory>
      </ModifiedFlags>
    </RiskMaster>
  </Lead>
</QuoteRequest>