﻿<?xml version="1.0" encoding="utf-8"?>
<VanQuoteRequestV1 xmlns="http://tempuri.org/VanQuoteRequestV1.xsd">
  <Policy>
    <ActualStartDate>2013-04-27</ActualStartDate>
    <CoverBreakdownRequired>0</CoverBreakdownRequired>
    <CoverLegalRequired>0</CoverLegalRequired>
    <CoverNCDProtectionRequired>0</CoverNCDProtectionRequired>
    <CoverTrailerRequired>0</CoverTrailerRequired>
    <NoClaimDiscountYears>1</NoClaimDiscountYears>
    <PortalQuoteRef>Van-VanTestXML1</PortalQuoteRef>
    <PreferredPaymentMethod>1</PreferredPaymentMethod>
    <SelectedPackage>3</SelectedPackage>
    <VoluntaryExcess>500</VoluntaryExcess>
  </Policy>
  <Van>
    <Alarm>4</Alarm>
    <AnnualMileage>4001</AnnualMileage>
    <ExternalId>90309764</ExternalId>
    <InsuredValue>2501</InsuredValue>
    <IsRackingInstalled>N</IsRackingInstalled>
    <IsSignwritten>0</IsSignwritten>
    <IsBadDrivingHotlineVisible>0</IsBadDrivingHotlineVisible>
    <IsUsageHaulage>0</IsUsageHaulage>
    <IsUsageOwnGoods>0</IsUsageOwnGoods>
    <IsUsageSDLC>1</IsUsageSDLC>
    <ManufacturingYear>2008</ManufacturingYear>
    <ParkingOvernightPostCode>PE1 5PY</ParkingOvernightPostCode>
    <ParkingOvernightTypeId>12</ParkingOvernightTypeId>
    <PurchasedDate>2011-01-01</PurchasedDate>
    <PurchasedNotYet>0</PurchasedNotYet>
    <RegistrationNumber>T55MTB</RegistrationNumber>
    <SeatsSelected>3</SeatsSelected>
  </Van>
  <Proposer>
    <Person>
      <TitleId>2</TitleId>
      <FirstName>gary</FirstName>
      <LastName>qa</LastName>
      <BirthDate>1970-01-01</BirthDate>
      <LicenceType>1</LicenceType>
      <LicenceNumberYear>10</LicenceNumberYear>
      <MaritalStatus>8</MaritalStatus>
      <MedicalConditions>0</MedicalConditions>
      <ProfessionNameId>1</ProfessionNameId>
      <BusinessTypeNameId>9</BusinessTypeNameId>
      <YearsInCountry>999</YearsInCountry>
    </Person>
    <Address>
      <HouseNumber>1</HouseNumber>
      <Street>152 Meadenvale</Street>
      <Street2>Peterborough</Street2>
      <Street3 />
      <Street4 />
      <Street5 />
      <PostCode>PE1 5PY</PostCode>
    </Address>
    <EMail>qa@gary.com</EMail>
    <PhoneNumberHome>01733 896896</PhoneNumberHome>
    <PhoneNumberMobile>01733 896896</PhoneNumberMobile>
    <CompanyName>CompareTheMarket</CompanyName>
    <CompanyStatusId></CompanyStatusId>
    <IsPublicLiabilityCovered>0</IsPublicLiabilityCovered>
    <IsTradeBodyMember>0</IsTradeBodyMember>
    <MotoringOrganisation>1</MotoringOrganisation>
    <TradingStartYear>2013</TradingStartYear>
  </Proposer>
</VanQuoteRequestV1>