<VanQuoteReplyV1 xmlns="http://tempuri.org/VanQuoteReplyV1.xsd">
  <VanQuoteReply>
    <ProviderName>AXA-Direct</ProviderName>
    <ProductName>Van</ProductName>
    <CalculationStatus>0</CalculationStatus>
    <ErrorDescription />
    <ProcessingTime>781</ProcessingTime>
    <IsDDMonthlyPaymentAvailable>1</IsDDMonthlyPaymentAvailable>
    <PremiumBreakdown>29.99</PremiumBreakdown>
    <PremiumBreakdownMonthly>2.75</PremiumBreakdownMonthly>
    <PremiumLegal>17.17</PremiumLegal>
    <PremiumLegalMonthly>1.57</PremiumLegalMonthly>
    <PremiumProtectedNCD>0.00</PremiumProtectedNCD>
    <PremiumProtectedNCDMonthly>0.00</PremiumProtectedNCDMonthly>
    <PremiumTrailer>9.54</PremiumTrailer>
    <PremiumTrailerMonthly>0.87</PremiumTrailerMonthly>
    <Packages>
      <Package>
        <PackageCode>FC-001</PackageCode>
        <PackageTypeId>3</PackageTypeId>
        <PackageDescription>Fully comprehensive</PackageDescription>
        <ClientLink>https://secure.EXTENV101.adm.internal.gbinsurance.co.uk/esales/products/esalesloop.aspx?cid=ctm&amp;Action=Load&amp;ProcessId=0&amp;Package=3</ClientLink>
        <ExternalId>74E72EE73161D108</ExternalId>
        <PremiumAnnualTotal>839.98</PremiumAnnualTotal>
        <PremiumMonthlyTotal>923.98</PremiumMonthlyTotal>
        <PaymentFirstInstalmentAmount>153.98</PaymentFirstInstalmentAmount>
        <PaymentSubsequentInstalments>77</PaymentSubsequentInstalments>
        <InstalmentCountAfterFirstPayment>10</InstalmentCountAfterFirstPayment>
        <APR>29.2</APR>
        <IsBreakdownAvailable>1</IsBreakdownAvailable>
        <IsLegalAvailable>1</IsLegalAvailable>
        <IsProtectedNCDAvailable>0</IsProtectedNCDAvailable>
        <IsTrailerAvailable>1</IsTrailerAvailable>
        <XSDriver1Collision>150</XSDriver1Collision>
        <XSDriver1Total>650</XSDriver1Total>
        <XSDriver2Collision>0</XSDriver2Collision>
        <XSDriver2Total>0</XSDriver2Total>
        <XSDriver3Collision>0</XSDriver3Collision>
        <XSDriver3Total>0</XSDriver3Total>
        <XSDriver4Collision>0</XSDriver4Collision>
        <XSDriver4Total>0</XSDriver4Total>
        <XSFireOrTheft>150</XSFireOrTheft>
        <XSFireOrTheftTotal>650</XSFireOrTheftTotal>
        <XSLostKeys>0</XSLostKeys>
        <XSVoluntary>500</XSVoluntary>
        <XSWindscreenRepair>0</XSWindscreenRepair>
        <XSWindscreenReplacement>75</XSWindscreenReplacement>
      </Package>
      <Package>
        <PackageCode>TPO-001</PackageCode>
        <PackageTypeId>1</PackageTypeId>
        <PackageDescription>Third party only</PackageDescription>
        <ClientLink>https://secure.EXTENV101.adm.internal.gbinsurance.co.uk/esales/products/esalesloop.aspx?cid=ctm&amp;Action=Load&amp;ProcessId=0&amp;Package=1</ClientLink>
        <ExternalId>74E72EE73161D108</ExternalId>
        <PremiumAnnualTotal>878.47</PremiumAnnualTotal>
        <PremiumMonthlyTotal>966.32</PremiumMonthlyTotal>
        <PaymentFirstInstalmentAmount>156.32</PaymentFirstInstalmentAmount>
        <PaymentSubsequentInstalments>81</PaymentSubsequentInstalments>
        <InstalmentCountAfterFirstPayment>10</InstalmentCountAfterFirstPayment>
        <APR>29.0</APR>
        <IsBreakdownAvailable>1</IsBreakdownAvailable>
        <IsLegalAvailable>1</IsLegalAvailable>
        <IsProtectedNCDAvailable>0</IsProtectedNCDAvailable>
        <IsTrailerAvailable>0</IsTrailerAvailable>
        <XSDriver1Collision>0</XSDriver1Collision>
        <XSDriver1Total>0</XSDriver1Total>
        <XSDriver2Collision>0</XSDriver2Collision>
        <XSDriver2Total>0</XSDriver2Total>
        <XSDriver3Collision>0</XSDriver3Collision>
        <XSDriver3Total>0</XSDriver3Total>
        <XSDriver4Collision>0</XSDriver4Collision>
        <XSDriver4Total>0</XSDriver4Total>
        <XSFireOrTheft>0</XSFireOrTheft>
        <XSFireOrTheftTotal>0</XSFireOrTheftTotal>
        <XSLostKeys>0</XSLostKeys>
        <XSVoluntary>0</XSVoluntary>
        <XSWindscreenRepair>0</XSWindscreenRepair>
        <XSWindscreenReplacement>0</XSWindscreenReplacement>
      </Package>
      <Package>
        <PackageCode>TPFT-001</PackageCode>
        <PackageTypeId>2</PackageTypeId>
        <PackageDescription>Third party, fire and theft</PackageDescription>
        <ClientLink>https://secure.EXTENV101.adm.internal.gbinsurance.co.uk/esales/products/esalesloop.aspx?cid=ctm&amp;Action=Load&amp;ProcessId=0&amp;Package=2</ClientLink>
        <ExternalId>74E72EE73161D108</ExternalId>
        <PremiumAnnualTotal>746.05</PremiumAnnualTotal>
        <PremiumMonthlyTotal>820.66</PremiumMonthlyTotal>
        <PaymentFirstInstalmentAmount>140.66</PaymentFirstInstalmentAmount>
        <PaymentSubsequentInstalments>68</PaymentSubsequentInstalments>
        <InstalmentCountAfterFirstPayment>10</InstalmentCountAfterFirstPayment>
        <APR>29.4</APR>
        <IsBreakdownAvailable>1</IsBreakdownAvailable>
        <IsLegalAvailable>1</IsLegalAvailable>
        <IsProtectedNCDAvailable>0</IsProtectedNCDAvailable>
        <IsTrailerAvailable>0</IsTrailerAvailable>
        <XSDriver1Collision>0</XSDriver1Collision>
        <XSDriver1Total>0</XSDriver1Total>
        <XSDriver2Collision>0</XSDriver2Collision>
        <XSDriver2Total>0</XSDriver2Total>
        <XSDriver3Collision>0</XSDriver3Collision>
        <XSDriver3Total>0</XSDriver3Total>
        <XSDriver4Collision>0</XSDriver4Collision>
        <XSDriver4Total>0</XSDriver4Total>
        <XSFireOrTheft>150</XSFireOrTheft>
        <XSFireOrTheftTotal>150</XSFireOrTheftTotal>
        <XSLostKeys>0</XSLostKeys>
        <XSVoluntary>0</XSVoluntary>
        <XSWindscreenRepair>0</XSWindscreenRepair>
        <XSWindscreenReplacement>0</XSWindscreenReplacement>
      </Package>
    </Packages>
  </VanQuoteReply>
</VanQuoteReplyV1>