﻿<?xml version="1.0" encoding="utf-8"?>
<QuoteResult xmlns="http://BGL.CompareTheMarket.Services.DistributorService.DataContracts" xmlns:soap="http://schemas.xmlsoap.org/soap/envelope/" xmlns:xsi="http://www.w3.org/2001/XMLSchema-instance" xmlns:xsd="http://www.w3.org/2001/XMLSchema" xmlns:axa="http://tempuri.org/VanQuoteReplyV1.xsd">
  <Header>
    <ResultStatus>COMPLETE</ResultStatus>
    <PartnerRef>0932DA10863D49EBB9C4351D54128AB7,0,11</PartnerRef>
  </Header>
  <Quotes>
    <Quote>
      <Broker>AXA3</Broker>
      <InsurerName>AxaVan</InsurerName>
      <LinkDetails>
        <Reference>74E72EE73161D108</Reference>
        <RetrievalLink>https://secure.EXTENV101.adm.internal.gbinsurance.co.uk/esales/products/esalesloop.aspx?cid=ctm&amp;Action=Load&amp;ProcessId=0&amp;Package=3&amp;ExternalId=74E72EE73161D108</RetrievalLink>
      </LinkDetails>
      <Premium>
        <AnnualPremium>839.98</AnnualPremium>
        <InstalmentDetails>
          <Deposit>153.98</Deposit>
          <NumberOfPayments>10</NumberOfPayments>
          <MonthlyPremium>77</MonthlyPremium>
        </InstalmentDetails>
      </Premium>
      <Excesses>
        <TotalExcess>650</TotalExcess>
      </Excesses>
      <OtherProducts>
        <Features>
          <Feature>
            <Code>VEX</Code>
            <Description />
            <Status>Y</Status>
            <ProductCost>500</ProductCost>
            <Definition />
          </Feature>
          <Feature>
            <Code>SEX</Code>
            <Description />
            <Status>Y</Status>
            <ProductCost>150</ProductCost>
            <Definition />
          </Feature>
        </Features>
      </OtherProducts>
    </Quote>
  </Quotes>
  <Messages>
    <Logs>
      <Log>
        <Code>ReqRecvd</Code>
        <LogDateTime>2013-04-25T10:07:11.25423</LogDateTime>
      </Log>
      <Log>
        <Code>ReqQueued</Code>
        <LogDateTime>2013-04-25T10:07:11.26983</LogDateTime>
      </Log>
      <Log>
        <Code>OutProcStart</Code>
        <LogDateTime>2013-04-25T10:07:11.53503</LogDateTime>
      </Log>
      <Log>
        <Code>ProviderStart</Code>
        <LogDateTime>2013-04-25T10:07:11.58183</LogDateTime>
      </Log>
      <Log>
        <Code>ProviderEnd</Code>
        <LogDateTime>2013-04-25T10:07:12.40863</LogDateTime>
      </Log>
      <Log>
        <Code>InProcStart</Code>
        <LogDateTime>2013-04-25T10:07:12.40863</LogDateTime>
      </Log>
    </Logs>
  </Messages>
</QuoteResult>