﻿<?xml version="1.0" encoding="utf-8"?><QuoteResult Version="" xmlns="http://BGL.CompareTheMarket.Services.DistributorService.DataContracts" xmlns:rq="http://insure-systems.co.uk/Schema/QuoteRequest/1-0" xmlns:wcfreq="http://comparethemarket.co.uk/RiskServices/2009/V1/" xmlns:req="urn:comparethemarket:quoteservice:data:2009:v1" xmlns:risk="http://comparethemarket.co.uk/RiskServices/2009/V1/" xmlns:params="http://BGL.CompareTheMarket.Services.DistributorService.DataContracts" xmlns:rew="http://schemas.datacontract.org/2004/07/BGL.CompareTheMarket.Services.LibClientDistributorCore"><Header><ResultStatus>FILTERED</ResultStatus><PartnerRef>1AC5BDA32DFA470EA94F45539A8453A0,0,1</PartnerRef><ServerName>PBO-CTMWEBQA01</ServerName></Header><Quotes><Quote id="1"><Broker>AXA3</Broker><InsurerName /><Premium><AnnualPremium>0</AnnualPremium></Premium><Excesses /></Quote></Quotes><Messages><GeneralMessages><Message><MessageNo /><MessageField /><MessageText>RequestFilterOutProviderRules: The request was filtered out by the OutgoingTransform specified for provider AXA (product LightCommercial_CTM) for the following reason.
Unable to quote as filtered out - invalid licence type</MessageText></Message></GeneralMessages><Logs><Log><Code>ReqRecvd</Code><LogDateTime>2013-04-23T08:12:12.13202</LogDateTime></Log><Log><Code>ReqQueued</Code><LogDateTime>2013-04-23T08:12:12.16322</LogDateTime></Log><Log><Code>OutProcStart</Code><LogDateTime>2013-04-23T08:12:12.30362</LogDateTime></Log></Logs></Messages></QuoteResult>