<QuoteRequest xmlns="http://comparethemarket.co.uk/RiskServices/2009/V1/" xmlns:i="http://www.w3.org/2001/XMLSchema-instance">
  <Header>
    <Sender>
      <ProductClass>LC</ProductClass>
      <SourceCode>CM02</SourceCode>
      <PartnerRef>1AC5BDA32DFA470EA94F45539A8453A0,0,1</PartnerRef>
      <RepeatQuote>C8H140218</RepeatQuote>
      <AffinityCode>CTM</AffinityCode>
    </Sender>
    <ServiceContext>
      <Server>PBO-CTMAPPQA01</Server>
      <Path>/PrivateCar/Motor/PricePage.aspx</Path>
      <PathUrl>http://pbo-ctmwebqa01.uat.local/PrivateCar/Motor/PricePage.aspx</PathUrl>
      <PathPhysical>D:\CTM\CTMWeb\CurrentVersion\</PathPhysical>
      <QueryString>(no set)</QueryString>
      <ClientOS>WinNT</ClientOS>
      <ClientBrowser>IE</ClientBrowser>
      <ClientVersion>7.0</ClientVersion>
      <ClientJScriptVersion>5.7</ClientJScriptVersion>
      <ClientEcmaScriptVersion>3.0</ClientEcmaScriptVersion>
      <SessionSessionGuid>(no set)</SessionSessionGuid>
      <SessionTransactionID>1AC5BDA32DFA470EA94F45539A8453A0</SessionTransactionID>
      <CurrentExecutingRequestGuid>bc7b9192-95d0-4311-b3e3-2803797f88e3</CurrentExecutingRequestGuid>
      <HttpConnectionConnection>Keep-Alive</HttpConnectionConnection>
      <HttpConnectionAccept>application/x-ms-application, image/jpeg, application/xaml+xml, image/gif, image/pjpeg, application/x-ms-xbap, application/vnd.ms-excel, application/vnd.ms-powerpoint, application/msword, */*</HttpConnectionAccept>
      <HttpConnectionAcceptLanguage>en-GB</HttpConnectionAcceptLanguage>
      <HttpConnectionHost>pbo-ctmwebqa01.uat.local</HttpConnectionHost>
      <HttpConnectionReferrer>http://pbo-ctmwebqa01.uat.local/PrivateCar/Motor/QuoteHistory.aspx</HttpConnectionReferrer>
      <HttpConnectionContentType></HttpConnectionContentType>
      <HttpConnectionHttpMethod>GET</HttpConnectionHttpMethod>
      <HttpConnectionUserHostAddress>172.29.69.203</HttpConnectionUserHostAddress>
      <ApplicationName>BGL.CompareTheMarket.Services.QuoteService</ApplicationName>
      <JourneyJourneyType>(no set)</JourneyJourneyType>
      <JourneySourceCode>CM02</JourneySourceCode>
      <JourneyAffinityCode>CTM</JourneyAffinityCode>
      <JourneyProductCode>LC</JourneyProductCode>
      <VisitorID>(no set)</VisitorID>
      <VisitLogID>(no set)</VisitLogID>
    </ServiceContext>
  </Header>
  <Lead>
    <RiskMaster>
      <QuotePlatformID>5</QuotePlatformID>
      <RetrievedRiskHeaderID>8046272</RetrievedRiskHeaderID>
      <ClientReference>C8H140218 </ClientReference>
      <ProposerID>1</ProposerID>
      <PostalAddressID>1</PostalAddressID>
      <MarketingOptOut>
        <EmailOptOut>
          <Value>true</Value>
        </EmailOptOut>
        <PostOptOut>
          <Value>true</Value>
        </PostOptOut>
        <PhoneOptOut>
          <Value>true</Value>
        </PhoneOptOut>
        <SMSOptOut>
          <Value>true</Value>
        </SMSOptOut>
      </MarketingOptOut>
      <Persons>
        <Person>
          <ID>1</ID>
          <Title>
            <Value>MRS</Value>
            <Description>Mrs</Description>
            <ErrID></ErrID>
            <RecID>2</RecID>
          </Title>
          <FirstName>
            <Value>Test</Value>
          </FirstName>
          <Surname>
            <Value>Kasir</Value>
          </Surname>
          <DOB>
            <Value>1951-01-15T00:00:00</Value>
          </DOB>
          <Gender>
            <Value>F</Value>
            <Description></Description>
            <RecID>0</RecID>
          </Gender>
          <ContactDetails>
            <PhoneNumbers></PhoneNumbers>
            <EmailAdr>
              <Value>Kasir@emailreaction.org</Value>
            </EmailAdr>
            <NoEmail>
              <Value>false</Value>
            </NoEmail>
          </ContactDetails>
          <MaritalStatus>
            <Value>S</Value>
            <Description>Single</Description>
            <ErrID></ErrID>
            <RecID>10</RecID>
          </MaritalStatus>
          <EmploymentStatus>
            <Value>S</Value>
            <Description>Self-Employed</Description>
            <ErrID></ErrID>
            <RecID>10</RecID>
          </EmploymentStatus>
          <PrimaryOccupation>
            <OccupationCode>
              <Value>A40</Value>
              <Description>Tour Agent</Description>
              <RecID>40</RecID>
            </OccupationCode>
            <BusinessCode>
              <Value>962</Value>
              <Description>Day Centre</Description>
              <RecID>1897</RecID>
            </BusinessCode>
          </PrimaryOccupation>
          <Licence>
            <TypeOfLicence>
              <Value>P</Value>
              <Description>Provisional UK Car Licence</Description>
              <ErrID></ErrID>
              <RecID>7</RecID>
            </TypeOfLicence>
            <LicenceHeldYears>
              <Value>13</Value>
              <Description>13 Years</Description>
              <RecID>39</RecID>
            </LicenceHeldYears>
            <DateLicenceObtained>
              <Value i:nil="true"></Value>
            </DateLicenceObtained>
            <DrivingQualifications>
              <Value>DQN</Value>
              <Description>No</Description>
              <RecID>1</RecID>
            </DrivingQualifications>
            <DrivingQualificationsDate>
              <Value i:nil="true"></Value>
            </DrivingQualificationsDate>
          </Licence>
          <Resident>
            <ResidentSince>
              <Value i:nil="true"></Value>
            </ResidentSince>
            <UkResidentSinceDOB>
              <Value>true</Value>
            </UkResidentSinceDOB>
          </Resident>
          <UseOtherVehicles>
            <Value>UVE</Value>
            <Description>Have use of another car</Description>
            <RecID>3</RecID>
          </UseOtherVehicles>
          <AddressAsProposer>
            <Value>true</Value>
          </AddressAsProposer>
          <HomeOwner>
            <Value>false</Value>
          </HomeOwner>
          <PassPlus>
            <Value>false</Value>
          </PassPlus>
          <HaveMotorClaim>
            <Value>true</Value>
          </HaveMotorClaim>
          <MotorClaims>
            <MotorClaim>
              <ID>1</ID>
              <IncidentDate>
                <Value>2011-01-01T00:00:00</Value>
              </IncidentDate>
              <IncidentType>
                <Value>A</Value>
                <Description>Accident</Description>
                <ErrID></ErrID>
                <RecID>8</RecID>
              </IncidentType>
              <Damage>
                <Value>0</Value>
                <Description>Damaged - Amount Known</Description>
                <ErrID></ErrID>
                <RecID>5</RecID>
              </Damage>
              <IncidentValue>
                <Value>999.00</Value>
              </IncidentValue>
              <ClaimMade>
                <Value>true</Value>
              </ClaimMade>
              <IncidentDriver>
                <Value>1</Value>
              </IncidentDriver>
              <Fault>
                <Value>B</Value>
                <Description>Both parties</Description>
                <ErrID></ErrID>
                <RecID>5</RecID>
              </Fault>
              <Injuries>
                <Value>true</Value>
              </Injuries>
              <InsuredVehicleClaimAmount>
                <Value>0.00</Value>
              </InsuredVehicleClaimAmount>
              <ThirdPartyClaimAmount>
                <Value>0.00</Value>
              </ThirdPartyClaimAmount>
              <NCDAffected>
                <Value>true</Value>
              </NCDAffected>
            </MotorClaim>
          </MotorClaims>
          <HaveMotorConviction>
            <Value>true</Value>
          </HaveMotorConviction>
          <MotorConvictions>
            <MotorConviction>
              <ID>1</ID>
              <ConvictionDate>
                <Value>2009-05-01T00:00:00</Value>
              </ConvictionDate>
              <ConvictionCode>
                <Value>TS10</Value>
                <Description>TS10 Traffic Lights Offence</Description>
                <ErrID></ErrID>
                <RecID>614</RecID>
              </ConvictionCode>
              <Points>
                <Value>1</Value>
              </Points>
              <Ban>
                <Value>12</Value>
              </Ban>
              <Fine>
                <Value>100</Value>
              </Fine>
              <RelatedAccident>
                <Value>false</Value>
              </RelatedAccident>
            </MotorConviction>
          </MotorConvictions>
          <MotorInsuranceCancelled>
            <Value>false</Value>
          </MotorInsuranceCancelled>
          <HaveNonMotorConviction>
            <Value>false</Value>
          </HaveNonMotorConviction>
          <ChildrenUnder16>
            <Value>false</Value>
          </ChildrenUnder16>
          <Ghost>false</Ghost>
          <DVLAMedicalCondition>
            <Value>DVR</Value>
            <Description>DVLA aware - No restrictions</Description>
            <RecID>2</RecID>
          </DVLAMedicalCondition>
          <PassedCBT>
            <Value i:nil="true"></Value>
          </PassedCBT>
          <LargestCCBike>
            <Value>0</Value>
          </LargestCCBike>
        </Person>
        <Person>
          <ID>2</ID>
          <Title>
            <Value>MR</Value>
            <Description>Mr</Description>
            <ErrID></ErrID>
            <RecID>1</RecID>
          </Title>
          <FirstName>
            <Value>Test</Value>
          </FirstName>
          <Surname>
            <Value>AddOne</Value>
          </Surname>
          <DOB>
            <Value>1976-12-12T00:00:00</Value>
          </DOB>
          <Gender>
            <Value>M</Value>
            <Description></Description>
            <RecID>0</RecID>
          </Gender>
          <ContactDetails>
            <PhoneNumbers></PhoneNumbers>
            <EmailAdr>
              <Value i:nil="true"></Value>
            </EmailAdr>
            <NoEmail>
              <Value>false</Value>
            </NoEmail>
          </ContactDetails>
          <MaritalStatus>
            <Value>M</Value>
            <Description>Married</Description>
            <ErrID></ErrID>
            <RecID>8</RecID>
          </MaritalStatus>
          <EmploymentStatus>
            <Value>S</Value>
            <Description>Self-Employed</Description>
            <ErrID></ErrID>
            <RecID>10</RecID>
          </EmploymentStatus>
          <PrimaryOccupation>
            <OccupationCode>
              <Value>T03</Value>
              <Description>Teacher</Description>
              <RecID>699</RecID>
            </OccupationCode>
            <BusinessCode>
              <Value>632</Value>
              <Description>School</Description>
              <RecID>1567</RecID>
            </BusinessCode>
          </PrimaryOccupation>
          <Licence>
            <TypeOfLicence>
              <Value>F</Value>
              <Description>Full UK Car Licence</Description>
              <ErrID></ErrID>
              <RecID>6</RecID>
            </TypeOfLicence>
            <LicenceHeldYears>
              <Value>0</Value>
              <Description>Less than 1 Year</Description>
              <RecID>27</RecID>
            </LicenceHeldYears>
            <DateLicenceObtained>
              <Value>2012-10-01T00:00:00</Value>
            </DateLicenceObtained>
            <DrivingQualifications>
              <Value>DQN</Value>
              <Description>No</Description>
              <RecID>1</RecID>
            </DrivingQualifications>
            <DrivingQualificationsDate>
              <Value i:nil="true"></Value>
            </DrivingQualificationsDate>
          </Licence>
          <Resident>
            <ResidentSince>
              <Value i:nil="true"></Value>
            </ResidentSince>
            <UkResidentSinceDOB>
              <Value>true</Value>
            </UkResidentSinceDOB>
          </Resident>
          <UseOtherVehicles>
            <Value>XVE</Value>
            <Description>No access to any other vehicles</Description>
            <RecID>1</RecID>
          </UseOtherVehicles>
          <RelationshipToProposer>
            <Value>O</Value>
            <Description>Son/Daughter</Description>
            <ErrID></ErrID>
            <RecID>14</RecID>
          </RelationshipToProposer>
          <AddressAsProposer>
            <Value>false</Value>
          </AddressAsProposer>
          <HomeOwner>
            <Value>false</Value>
          </HomeOwner>
          <PassPlus>
            <Value>false</Value>
          </PassPlus>
          <HaveMotorClaim>
            <Value>true</Value>
          </HaveMotorClaim>
          <MotorClaims>
            <MotorClaim>
              <ID>1</ID>
              <IncidentDate>
                <Value>2011-10-01T00:00:00</Value>
              </IncidentDate>
              <IncidentType>
                <Value>A</Value>
                <Description>Accident</Description>
                <ErrID></ErrID>
                <RecID>8</RecID>
              </IncidentType>
              <Damage>
                <Value>3</Value>
                <Description>Unknown</Description>
                <ErrID></ErrID>
                <RecID>7</RecID>
              </Damage>
              <IncidentValue>
                <Value>0.00</Value>
              </IncidentValue>
              <ClaimMade>
                <Value>true</Value>
              </ClaimMade>
              <IncidentDriver>
                <Value>2</Value>
              </IncidentDriver>
              <Fault>
                <Value>O</Value>
                <Description>Other party</Description>
                <ErrID></ErrID>
                <RecID>4</RecID>
              </Fault>
              <Injuries>
                <Value>false</Value>
              </Injuries>
              <InsuredVehicleClaimAmount>
                <Value>0.00</Value>
              </InsuredVehicleClaimAmount>
              <ThirdPartyClaimAmount>
                <Value>0.00</Value>
              </ThirdPartyClaimAmount>
              <NCDAffected>
                <Value>false</Value>
              </NCDAffected>
            </MotorClaim>
          </MotorClaims>
          <HaveMotorConviction>
            <Value>false</Value>
          </HaveMotorConviction>
          <MotorInsuranceCancelled>
            <Value>false</Value>
          </MotorInsuranceCancelled>
          <HaveNonMotorConviction>
            <Value>false</Value>
          </HaveNonMotorConviction>
          <Ghost>false</Ghost>
          <DVLAMedicalCondition>
            <Value>DVN</Value>
            <Description>No</Description>
            <RecID>1</RecID>
          </DVLAMedicalCondition>
          <PassedCBT>
            <Value i:nil="true"></Value>
          </PassedCBT>
          <LargestCCBike>
            <Value>0</Value>
          </LargestCCBike>
        </Person>
      </Persons>
      <Addresses>
        <Address>
          <ID>1</ID>
          <AddressLine1>
            <Value>Flat 7-12</Value>
          </AddressLine1>
          <AddressLine2>
            <Value>Gladstone Court</Value>
          </AddressLine2>
          <AddressLine3>
            <Value>130 Upper Parliament Street</Value>
          </AddressLine3>
          <AddressLine4>
            <Value>Liverpool</Value>
          </AddressLine4>
          <AddressLine5>
            <Value i:nil="true"></Value>
          </AddressLine5>
          <PostCode>
            <Value>L8 7JY</Value>
          </PostCode>
          <DPSCode>
            <Value>1H</Value>
          </DPSCode>
          <LocationIDFK>
            <Value>146</Value>
          </LocationIDFK>
          <LocationDetails>
            <LocationID>146</LocationID>
            <Name>
              <Value></Value>
            </Name>
            <OrganisationName>
              <Value></Value>
            </OrganisationName>
            <Department>
              <Value></Value>
            </Department>
            <SubBuilding>
              <Value>Flat 7-12</Value>
            </SubBuilding>
            <Building>
              <Value>Gladstone Court</Value>
            </Building>
            <Number>
              <Value>130</Value>
            </Number>
            <DependentThoroughfare>
              <Value></Value>
            </DependentThoroughfare>
            <Thoroughfare>
              <Value>Upper Parliament Street</Value>
            </Thoroughfare>
            <DoubleDependentLocality>
              <Value></Value>
            </DoubleDependentLocality>
            <DependentLocality>
              <Value></Value>
            </DependentLocality>
            <Town>
              <Value>Liverpool</Value>
            </Town>
            <PostalCounty>
              <Value></Value>
            </PostalCounty>
            <AbbreviatedPostalCounty>
              <Value></Value>
            </AbbreviatedPostalCounty>
            <OptionalCounty>
              <Value></Value>
            </OptionalCounty>
            <AbbreviatedOptionalCounty>
              <Value></Value>
            </AbbreviatedOptionalCounty>
            <TraditionalCounty>
              <Value>Lancashire</Value>
            </TraditionalCounty>
            <AdministrativeCounty>
              <Value>Liverpool</Value>
            </AdministrativeCounty>
            <Postcode>
              <Value>L8 7JY</Value>
            </Postcode>
            <DPS>
              <Value>1H</Value>
            </DPS>
            <PostcodeFrom>
              <Value></Value>
            </PostcodeFrom>
            <PostcodeType>
              <Value>S</Value>
            </PostcodeType>
            <MailsortCode>
              <Value>12614</Value>
            </MailsortCode>
            <AddressType>
              <Value>3</Value>
            </AddressType>
            <AddressTypeDescription>
              <Value>Numbered and Named, Likelihood of Multiple Occupancy</Value>
            </AddressTypeDescription>
            <Country>
              <Value>United Kingdom</Value>
            </Country>
            <CountryISO>
              <Value>GBR</Value>
            </CountryISO>
            <GridE>
              <Value>335980</Value>
            </GridE>
            <GridN>
              <Value>389259</Value>
            </GridN>
            <Latitude>
              <Value>53.3963</Value>
            </Latitude>
            <Longitude>
              <Value>-2.9642</Value>
            </Longitude>
          </LocationDetails>
        </Address>
        <Address>
          <ID>2</ID>
          <AddressLine1>
            <Value>Orchards End</Value>
          </AddressLine1>
          <AddressLine2>
            <Value>Holywell</Value>
          </AddressLine2>
          <AddressLine3>
            <Value>St. Ives</Value>
          </AddressLine3>
          <AddressLine4>
            <Value i:nil="true"></Value>
          </AddressLine4>
          <AddressLine5>
            <Value i:nil="true"></Value>
          </AddressLine5>
          <PostCode>
            <Value>PE27 4TQ</Value>
          </PostCode>
          <DPSCode>
            <Value>2Z</Value>
          </DPSCode>
          <LocationIDFK>
            <Value>145</Value>
          </LocationIDFK>
          <LocationDetails>
            <LocationID>145</LocationID>
            <Name>
              <Value></Value>
            </Name>
            <OrganisationName>
              <Value></Value>
            </OrganisationName>
            <Department>
              <Value></Value>
            </Department>
            <SubBuilding>
              <Value></Value>
            </SubBuilding>
            <Building>
              <Value>Orchards End</Value>
            </Building>
            <Number>
              <Value></Value>
            </Number>
            <DependentThoroughfare>
              <Value>Holywell</Value>
            </DependentThoroughfare>
            <Thoroughfare>
              <Value></Value>
            </Thoroughfare>
            <DoubleDependentLocality>
              <Value></Value>
            </DoubleDependentLocality>
            <DependentLocality>
              <Value>Holywell</Value>
            </DependentLocality>
            <Town>
              <Value>St. Ives</Value>
            </Town>
            <PostalCounty>
              <Value>Cambridgeshire</Value>
            </PostalCounty>
            <AbbreviatedPostalCounty>
              <Value>Cambs</Value>
            </AbbreviatedPostalCounty>
            <OptionalCounty>
              <Value>Cambridgeshire</Value>
            </OptionalCounty>
            <AbbreviatedOptionalCounty>
              <Value>Cambs</Value>
            </AbbreviatedOptionalCounty>
            <TraditionalCounty>
              <Value>Huntingdonshire</Value>
            </TraditionalCounty>
            <AdministrativeCounty>
              <Value>Cambridgeshire</Value>
            </AdministrativeCounty>
            <Postcode>
              <Value>PE27 4TQ</Value>
            </Postcode>
            <DPS>
              <Value>2Z</Value>
            </DPS>
            <PostcodeFrom>
              <Value></Value>
            </PostcodeFrom>
            <PostcodeType>
              <Value>S</Value>
            </PostcodeType>
            <MailsortCode>
              <Value>15473</Value>
            </MailsortCode>
            <AddressType>
              <Value>5</Value>
            </AddressType>
            <AddressTypeDescription>
              <Value>Non-Standard Address Format</Value>
            </AddressTypeDescription>
            <Country>
              <Value>United Kingdom</Value>
            </Country>
            <CountryISO>
              <Value>GBR</Value>
            </CountryISO>
            <GridE>
              <Value>533878</Value>
            </GridE>
            <GridN>
              <Value>270828</Value>
            </GridN>
            <Latitude>
              <Value>52.3193</Value>
            </Latitude>
            <Longitude>
              <Value>-0.0372</Value>
            </Longitude>
          </LocationDetails>
        </Address>
      </Addresses>
      <Products>
        <CommercialVehicleRisk>
          <Version>4.000</Version>
          <ID>0</ID>
          <Cover>
            <CommencementDate>
              <Value>2013-04-27T00:00:00</Value>
            </CommencementDate>
            <CoverType>
              <Value>01</Value>
              <Description>Comprehensive</Description>
              <ErrID></ErrID>
              <RecID>1</RecID>
            </CoverType>
            <ClassOfUse>
              <Value>05NN</Value>
              <Description>Social, Domestic And Pleasure Only</Description>
              <ErrID></ErrID>
              <RecID>2</RecID>
            </ClassOfUse>
            <TotalExcess>
              <Value>100</Value>
            </TotalExcess>
            <Ncd>
              <NcdYears>
                <Value>13</Value>
                <Description>13 Years</Description>
                <ErrID></ErrID>
                <RecID>45</RecID>
              </NcdYears>
              <NcdSource>
                <Value>3</Value>
                <Description>With a company vehicle</Description>
                <ErrID></ErrID>
                <RecID>7</RecID>
              </NcdSource>
              <NcdProtected>
                <Value>false</Value>
              </NcdProtected>
              <ProtectedNcdOtherVehicle>
                <Value i:nil="true"></Value>
              </ProtectedNcdOtherVehicle>
            </Ncd>
            <LegalProtection>
              <Value>false</Value>
            </LegalProtection>
            <VehicleBreakdown>
              <Value>false</Value>
            </VehicleBreakdown>
            <PaymentProtection>
              <Value>false</Value>
            </PaymentProtection>
            <Drivers>
              <Driver>
                <id>1</id>
                <DriverType>2</DriverType>
              </Driver>
              <Driver>
                <id>2</id>
                <DriverType>1</DriverType>
              </Driver>
            </Drivers>
            <InsurancePaymentMethod>
              <Value>F</Value>
              <Description>In-full</Description>
              <RecID>2</RecID>
            </InsurancePaymentMethod>
            <PillionPassenger>
              <Value i:nil="true"></Value>
            </PillionPassenger>
            <PreviousQuote>
              <Value i:nil="true"></Value>
            </PreviousQuote>
            <DangerousGoods>
              <Value>false</Value>
            </DangerousGoods>
            <EstablishedYears>
              <Value>0</Value>
            </EstablishedYears>
            <PublicLiabilityPolicy>
              <Value>true</Value>
            </PublicLiabilityPolicy>
            <TradeOrganisation>
              <Value>TONO</Value>
              <Description>None</Description>
              <RecID>1</RecID>
            </TradeOrganisation>
          </Cover>
          <Vehicle>
            <ID>0</ID>
            <AdditionalDetails>
              <ABICode>90309956</ABICode>
              <Make>Fiat</Make>
              <Model>Doblo</Model>
              <Doors i:nil="true"></Doors>
              <Seats>2</Seats>
              <EngineSize>1248</EngineSize>
              <Body>
                <Desc>SALOON</Desc>
                <Code>NA</Code>
              </Body>
              <LCBody>
                <Desc>VAN</Desc>
                <Code>NA</Code>
              </LCBody>
              <Fuel>
                <Desc>Diesel</Desc>
                <Code>NA</Code>
              </Fuel>
              <Transmission>
                <Desc>Manual</Desc>
                <Code>NA</Code>
              </Transmission>
              <Weight>2000</Weight>
            </AdditionalDetails>
            <VehicleCode>
              <Value>90309956</Value>
            </VehicleCode>
            <Description>
              <Value>2007 Fiat Doblo Multi Jet Sx 16V, 1248CC Diesel, Manual, Van</Value>
            </Description>
            <RegYear>
              <Value>2007</Value>
              <Description>2007 (56, 07, 57)</Description>
              <ErrID></ErrID>
              <RecID>178</RecID>
            </RegYear>
            <RegLetter>
              <Value>57</Value>
              <Description>2007 (56, 07, 57)</Description>
              <ErrID></ErrID>
              <RecID>178</RecID>
            </RegLetter>
            <RegNumber>
              <Value>WR57OAB</Value>
            </RegNumber>
            <Seats>
              <Value>2</Value>
              <Description></Description>
              <ErrID></ErrID>
              <RecID>2</RecID>
            </Seats>
            <LHD>
              <Value>false</Value>
            </LHD>
            <SecurityCode>
              <Value>99992</Value>
              <Description>Factory Fitted Thatcham Approved Alarm</Description>
              <ErrID></ErrID>
              <RecID>1351</RecID>
            </SecurityCode>
            <Tracker>
              <Value>false</Value>
            </Tracker>
            <VehiclePurchased>
              <Value>false</Value>
            </VehiclePurchased>
            <PurchaseDate>
              <Value i:nil="true"></Value>
            </PurchaseDate>
            <OvernightParking>
              <Value>12</Value>
              <Description>Street outside home</Description>
              <ErrID></ErrID>
              <RecID>29</RecID>
            </OvernightParking>
            <WhereKeptAddress>
              <Value>2</Value>
            </WhereKeptAddress>
            <AnnualMileage>
              <Value>5001</Value>
            </AnnualMileage>
            <BusinessMileage>
              <Value>0</Value>
            </BusinessMileage>
            <RegisteredKeeper>
              <OwnerKeeperType>
                <Value>P</Value>
                <Description>Person</Description>
                <ErrID></ErrID>
                <RecID>5</RecID>
              </OwnerKeeperType>
              <OwnerKeeperID>
                <Value>2</Value>
              </OwnerKeeperID>
              <OwnerKeeperName>
                <Value>Mr Test Addone</Value>
              </OwnerKeeperName>
            </RegisteredKeeper>
            <LegalOwner>
              <OwnerKeeperType>
                <Value>P</Value>
                <Description>Person</Description>
                <ErrID></ErrID>
                <RecID>5</RecID>
              </OwnerKeeperType>
              <OwnerKeeperID>
                <Value>1</Value>
              </OwnerKeeperID>
              <OwnerKeeperName>
                <Value>Mrs Test Kasir</Value>
              </OwnerKeeperName>
            </LegalOwner>
            <VehicleInsValue>
              <Value>1001</Value>
            </VehicleInsValue>
            <CustomerEstimatedValue>
              <Value>true</Value>
            </CustomerEstimatedValue>
            <VehicleInsGroup>
              <Value>4</Value>
            </VehicleInsGroup>
            <ValuationType>
              <Value i:nil="true"></Value>
            </ValuationType>
            <VehicleImported>
              <Value>false</Value>
            </VehicleImported>
            <BodyType>
              <Value>9</Value>
              <Description>Light Van</Description>
              <ErrID></ErrID>
              <RecID>22</RecID>
            </BodyType>
            <BadDriverHotline>
              <Value>false</Value>
            </BadDriverHotline>
            <GrossWeight>
              <Value>0.0</Value>
            </GrossWeight>
          </Vehicle>
        </CommercialVehicleRisk>
      </Products>
      <ModifiedFlags>
        <RiskHeader>false</RiskHeader>
        <Persons>false</Persons>
        <Addresses>false</Addresses>
        <ContactDetails>false</ContactDetails>
        <PrivateCar>false</PrivateCar>
        <PrivateCarCover>false</PrivateCarCover>
        <CommercialVehicle>false</CommercialVehicle>
        <CommercialVehicleCover>false</CommercialVehicleCover>
        <Claims>false</Claims>
        <Convictions>false</Convictions>
        <HomeCover>false</HomeCover>
        <PropertyDetails>false</PropertyDetails>
        <PropertyBuildingsCover>false</PropertyBuildingsCover>
        <PropertyContentsCover>false</PropertyContentsCover>
        <PropertyClaims>false</PropertyClaims>
        <PropertyLocks>false</PropertyLocks>
        <PropertyAdditionalDetails>false</PropertyAdditionalDetails>
        <LifeCover>false</LifeCover>
        <Bike>false</Bike>
        <BikeCover>false</BikeCover>
        <PetDetails>false</PetDetails>
        <PetMoreDetails>false</PetMoreDetails>
        <PetCover>false</PetCover>
        <PetDogSpecific>false</PetDogSpecific>
        <Vehicle>false</Vehicle>
        <VehicleDetails>false</VehicleDetails>
        <VehicleUsage>false</VehicleUsage>
        <VehicleOwnership>false</VehicleOwnership>
        <PolicyDetails>false</PolicyDetails>
        <DrivingHistory>false</DrivingHistory>
      </ModifiedFlags>
    </RiskMaster>
  </Lead>
</QuoteRequest>