﻿<?xml version="1.0" encoding="utf-8"?><QuoteResult Version="" xmlns="http://BGL.CompareTheMarket.Services.DistributorService.DataContracts" xmlns:rq="http://insure-systems.co.uk/Schema/QuoteRequest/1-0" xmlns:wcfreq="http://comparethemarket.co.uk/RiskServices/2009/V1/" xmlns:req="urn:comparethemarket:quoteservice:data:2009:v1" xmlns:risk="http://comparethemarket.co.uk/RiskServices/2009/V1/" xmlns:params="http://BGL.CompareTheMarket.Services.DistributorService.DataContracts" xmlns:rew="http://schemas.datacontract.org/2004/07/BGL.CompareTheMarket.Services.LibClientDistributorCore"><Header><ResultStatus>ERROR</ResultStatus><PartnerRef>16960B49652C4A808D501F425A6BDE38,0,1</PartnerRef><ServerName>PBO-CTMWEBQA01</ServerName></Header><Quotes><Quote id="1"><Broker>AHP3</Broker><InsurerName /><Premium><AnnualPremium>0</AnnualPremium></Premium><Excesses /></Quote></Quotes><Messages><GeneralMessages><Message><MessageNo /><MessageField /><MessageText>Could not send a request to the provider's web service: System.Net.WebException: Unable to connect to the remote server ---&gt; System.Net.Sockets.SocketException: No connection could be made because the target machine actively refused it 83.100.214.199:8089
   at System.Net.Sockets.Socket.EndConnect(IAsyncResult asyncResult)
   at System.Net.ServicePoint.ConnectSocketInternal(Boolean connectFailure, Socket s4, Socket s6, Socket&amp; socket, IPAddress&amp; address, ConnectSocketState state, IAsyncResult asyncResult, Exception&amp; exception)
   --- End of inner exception stack trace ---
   at System.Net.HttpWebRequest.EndGetRequestStream(IAsyncResult asyncResult, TransportContext&amp; context)
   at System.Net.HttpWebRequest.EndGetRequestStream(IAsyncResult asyncResult)
   at InsureSystems.PriceDistributor.HttpRequest.AfterGetRequestStream(IAsyncResult v_result) in D:\Apps\GoAgent\pipelines\Motor-Master-Test\Distributor\Distributor\Protocols\Soap\HttpRequest.vb:line 313</MessageText></Message></GeneralMessages><Logs><Log><Code>ReqRecvd</Code><LogDateTime>2013-05-24T15:39:21.54571</LogDateTime></Log><Log><Code>ReqQueued</Code><LogDateTime>2013-05-24T15:39:21.59251</LogDateTime></Log><Log><Code>OutProcStart</Code><LogDateTime>2013-05-24T15:39:22.46611</LogDateTime></Log><Log><Code>ProviderStart</Code><LogDateTime>2013-05-24T15:39:22.55971</LogDateTime></Log><Log><Code>ProviderEnd</Code><LogDateTime>2013-05-24T15:39:23.62051</LogDateTime></Log></Logs></Messages></QuoteResult>