﻿<?xml version="1.0" encoding="utf-8"?>
<quote xmlns:xs="http://www.w3.org/2001/XMLSchema" xmlns:xsd="http://www.w3.org/2001/XMLSchema-instance">
  <brands>
    <brand>
      <name>Admiral</name>
      <branchcode>AD</branchcode>
      <productcode>APT</productcode>
    </brand>
  </brands>
  <quotesource>
    <mediacode>CTMNH</mediacode>
  </quotesource>
  <contact>
    <name>
      <title>Mrs</title>
      <firstname>Jack</firstname>
      <lastname>Edwards</lastname>
    </name>
    <gender>F</gender>
    <dateofbirth>1974-03-28</dateofbirth>
    <address>
      <line1>28</line1>
      <line2>Broadgate Lane</line2>
      <line3>Deeping St. James Peterborough</line3>
      <postcode>PE6 8NW</postcode>
    </address>
    <email>Jack@EmailReaction.org</email>
    <eveningphone>01010 101010</eveningphone>
    <password>280374PE68NW</password>
    <mothersmaidenname>DEFAULTVALUE</mothersmaidenname>
  </contact>
  <householdrisk>
    <startdate>2013-05-25</startdate>
    <address>
      <line1>28</line1>
      <line2>Broadgate Lane</line2>
      <line3>Deeping St. James Peterborough</line3>
      <postcode>PE6 8NW</postcode>
    </address>
    <ishomeaddress>true</ishomeaddress>
    <purchasedate>2013-05-01</purchasedate>
    <yearslivedatproperty>0</yearslivedatproperty>
    <permanentresidence>H</permanentresidence>
    <owner>MO</owner>
    <adultsatproperty>1</adultsatproperty>
    <childrenatproperty>0</childrenatproperty>
    <whoiscovered>IF</whoiscovered>
    <smokers>false</smokers>
    <howdoyoupay>S</howdoyoupay>
    <bestprice>0</bestprice>
    <basement>null</basement>
    <heatingtype>null</heatingtype>
    <solarpanels>false</solarpanels>
    <property>
      <propertytype>HS</propertytype>
      <propertystyle>TC</propertystyle>
      <listedproperty>N</listedproperty>
      <extended>false</extended>
      <inprogressrenovations>false</inprogressrenovations>
      <goodstateofrepair>true</goodstateofrepair>
      <propertyfloors>2</propertyfloors>
      <bedrooms>4</bedrooms>
      <livingrooms>1</livingrooms>
      <otherrooms>3</otherrooms>
      <builddate>1992</builddate>
      <walls>BRK</walls>
      <rooftype>TLE</rooftype>
      <flatroofpercentage>51</flatroofpercentage>
      <flatroofrecovered>20050101</flatroofrecovered>
    </property>
    <security>
      <lockstype>K</lockstype>
      <patiodoors>true</patiodoors>
      <patiodoorslock>N</patiodoorslock>
      <otherdoors>true</otherdoors>
      <otherdoorslock>N</otherdoorslock>
      <accessiblewindowslocks>Y</accessiblewindowslocks>
      <neighbourhoodwatcharea>true</neighbourhoodwatcharea>
      <smokealarms>0</smokealarms>
    </security>
    <trees>
      <treedamage>false</treedamage>
    </trees>
    <whenunoccupied>A</whenunoccupied>
    <businessusecode>N</businessusecode>
    <buildingrisk>
      <propertyvalue>1</propertyvalue>
      <rebuildcost>9999999</rebuildcost>
      <voluntaryexcess>300</voluntaryexcess>
      <accidentaldamagecover>true</accidentaldamagecover>
      <consecutiveclaimfreeyears>5</consecutiveclaimfreeyears>
    </buildingrisk>
    <contentsrisk>
      <totalcontentsvalue>40000</totalcontentsvalue>
      <voluntaryexcess>300</voluntaryexcess>
      <accidentaldamagecover>false</accidentaldamagecover>
      <consecutiveclaimfreeyears>5</consecutiveclaimfreeyears>
      <highriskitemsmorethan1000each>true</highriskitemsmorethan1000each>
      <totalcoverawayfromhome>4000</totalcoverawayfromhome>
      <individualitems>
        <item>
          <code>CE</code>
          <description>Big tent</description>
          <value>2700</value>
        </item>
        <item>
          <code>IS</code>
          <description>Silver spoon</description>
          <value>2800</value>
        </item>
      </individualitems>
    </contentsrisk>
    <occupants>
      <occupant>
        <name>
          <title>Mrs</title>
          <firstname>Jack</firstname>
          <lastname>Edwards</lastname>
        </name>
        <gender>F</gender>
        <dateofbirth>1974-03-28</dateofbirth>
        <residentsince>1974</residentsince>
        <maritalstatus>M</maritalstatus>
        <fulltimeoccupation>UNE01</fulltimeoccupation>
        <fulltimebusinesstype>910</fulltimebusinesstype>
        <policyholdertype>Y</policyholdertype>
        <specialterms />
        <convictions />
        <bankruptcies />
      </occupant>
    </occupants>
    <additionaldata />
  </householdrisk>
</quote>