<QuoteRequest xmlns="http://comparethemarket.co.uk/RiskServices/2009/V1/" xmlns:i="http://www.w3.org/2001/XMLSchema-instance">
  <Header>
    <Sender>
      <ProductClass>HH</ProductClass>
      <SourceCode>CM02</SourceCode>
      <PartnerRef>16960B49652C4A808D501F425A6BDE38,0,1</PartnerRef>
      <RepeatQuote>C1W163501</RepeatQuote>
      <AffinityCode>CTM</AffinityCode>
    </Sender>
    <ServiceContext>
      <Server>PBO-CTMAPPQA01</Server>
      <Path>/PrivateCar/Quote/PricePage.aspx</Path>
      <PathUrl>http://pbo-ctmwebqa01.uat.local/PrivateCar/Quote/PricePage.aspx?prdcls=HH&amp;retrievedQuote=true&amp;quoteNumber=1</PathUrl>
      <PathPhysical>D:\CTM\CTMWeb\CurrentVersion\</PathPhysical>
      <QueryString>prdcls=HH&amp;retrievedQuote=true&amp;quoteNumber=1</QueryString>
      <ClientOS>WinNT</ClientOS>
      <ClientBrowser>IE</ClientBrowser>
      <ClientVersion>7.0</ClientVersion>
      <ClientJScriptVersion>5.7</ClientJScriptVersion>
      <ClientEcmaScriptVersion>3.0</ClientEcmaScriptVersion>
      <SessionSessionGuid>(no set)</SessionSessionGuid>
      <SessionTransactionID>16960B49652C4A808D501F425A6BDE38</SessionTransactionID>
      <CurrentExecutingRequestGuid>7a17e9a3-11ef-424f-a755-e3a9d9ac914d</CurrentExecutingRequestGuid>
      <HttpConnectionConnection>Keep-Alive</HttpConnectionConnection>
      <HttpConnectionAccept>application/x-ms-application, image/jpeg, application/xaml+xml, image/gif, image/pjpeg, application/x-ms-xbap, application/vnd.ms-excel, application/vnd.ms-powerpoint, application/msword, */*</HttpConnectionAccept>
      <HttpConnectionAcceptLanguage>en-GB</HttpConnectionAcceptLanguage>
      <HttpConnectionHost>pbo-ctmwebqa01.uat.local</HttpConnectionHost>
      <HttpConnectionReferrer>http://pbo-ctmwebqa01.uat.local/PrivateCar/Motor/QuoteHistory.aspx</HttpConnectionReferrer>
      <HttpConnectionContentType></HttpConnectionContentType>
      <HttpConnectionHttpMethod>GET</HttpConnectionHttpMethod>
      <HttpConnectionUserHostAddress>172.29.69.203</HttpConnectionUserHostAddress>
      <ApplicationName>BGL.CompareTheMarket.Services.QuoteService</ApplicationName>
      <JourneyJourneyType>(no set)</JourneyJourneyType>
      <JourneySourceCode>CM02</JourneySourceCode>
      <JourneyAffinityCode>CTM</JourneyAffinityCode>
      <JourneyProductCode>HH</JourneyProductCode>
      <VisitorID>(no set)</VisitorID>
      <VisitLogID>(no set)</VisitLogID>
    </ServiceContext>
  </Header>
  <Lead>
    <RiskMaster>
      <QuotePlatformID>2</QuotePlatformID>
      <RetrievedRiskHeaderID>8076854</RetrievedRiskHeaderID>
      <ClientReference>C1W163501 </ClientReference>
      <ProposerID>1</ProposerID>
      <PostalAddressID>1</PostalAddressID>
      <MarketingOptOut>
        <EmailOptOut>
          <Value>true</Value>
        </EmailOptOut>
        <PostOptOut>
          <Value>true</Value>
        </PostOptOut>
        <PhoneOptOut>
          <Value>true</Value>
        </PhoneOptOut>
        <SMSOptOut>
          <Value>true</Value>
        </SMSOptOut>
      </MarketingOptOut>
      <Persons>
        <Person>
          <ID>1</ID>
          <Title>
            <Value>MRS</Value>
            <Description>Mrs</Description>
            <ErrID></ErrID>
            <RecID>2</RecID>
          </Title>
          <FirstName>
            <Value>Jack</Value>
          </FirstName>
          <Surname>
            <Value>Edwards</Value>
          </Surname>
          <DOB>
            <Value>1974-03-28T00:00:00</Value>
          </DOB>
          <Gender>
            <Value>F</Value>
            <Description></Description>
            <RecID>0</RecID>
          </Gender>
          <ContactDetails>
            <PhoneNumbers>
              <Phone>
                <Type>1</Type>
                <Code>
                  <Value>01010</Value>
                </Code>
                <Number>
                  <Value>101010</Value>
                </Number>
              </Phone>
            </PhoneNumbers>
            <EmailAdr>
              <Value>Jack@EmailReaction.org</Value>
            </EmailAdr>
            <NoEmail>
              <Value>false</Value>
            </NoEmail>
          </ContactDetails>
          <MaritalStatus>
            <Value>M</Value>
            <Description>Married</Description>
            <ErrID></ErrID>
            <RecID>8</RecID>
          </MaritalStatus>
          <EmploymentStatus>
            <Value>U</Value>
            <Description>Unemployed</Description>
            <ErrID></ErrID>
            <RecID>9</RecID>
          </EmploymentStatus>
          <PrimaryOccupation>
            <OccupationCode>
              <Value>U03</Value>
              <Description>Unemployed</Description>
              <RecID>1752</RecID>
            </OccupationCode>
            <BusinessCode>
              <Value>186</Value>
              <Description>Not In Employment</Description>
              <RecID>1121</RecID>
            </BusinessCode>
          </PrimaryOccupation>
          <Licence>
            <DateLicenceObtained>
              <Value i:nil="true"></Value>
            </DateLicenceObtained>
            <DrivingQualificationsDate>
              <Value i:nil="true"></Value>
            </DrivingQualificationsDate>
          </Licence>
          <Resident>
            <ResidentSince>
              <Value i:nil="true"></Value>
            </ResidentSince>
            <UkResidentSinceDOB>
              <Value>false</Value>
            </UkResidentSinceDOB>
          </Resident>
          <AddressAsProposer>
            <Value>true</Value>
          </AddressAsProposer>
          <HomeOwner>
            <Value>false</Value>
          </HomeOwner>
          <PassPlus>
            <Value>false</Value>
          </PassPlus>
          <HaveMotorClaim>
            <Value>false</Value>
          </HaveMotorClaim>
          <HaveMotorConviction>
            <Value>false</Value>
          </HaveMotorConviction>
          <MotorInsuranceCancelled>
            <Value>false</Value>
          </MotorInsuranceCancelled>
          <HaveNonMotorConviction>
            <Value>false</Value>
          </HaveNonMotorConviction>
          <Ghost>false</Ghost>
          <PassedCBT>
            <Value i:nil="true"></Value>
          </PassedCBT>
          <LargestCCBike>
            <Value>0</Value>
          </LargestCCBike>
        </Person>
      </Persons>
      <Addresses>
        <Address>
          <ID>1</ID>
          <AddressLine1>
            <Value>28 Broadgate Lane</Value>
          </AddressLine1>
          <AddressLine2>
            <Value>Deeping St. James</Value>
          </AddressLine2>
          <AddressLine3>
            <Value>Peterborough</Value>
          </AddressLine3>
          <AddressLine4>
            <Value i:nil="true"></Value>
          </AddressLine4>
          <AddressLine5>
            <Value i:nil="true"></Value>
          </AddressLine5>
          <PostCode>
            <Value>PE6 8NW</Value>
          </PostCode>
          <DPSCode>
            <Value>1Y</Value>
          </DPSCode>
          <LocationIDFK>
            <Value>149</Value>
          </LocationIDFK>
          <LocationDetails>
            <LocationID>149</LocationID>
            <Name>
              <Value></Value>
            </Name>
            <OrganisationName>
              <Value></Value>
            </OrganisationName>
            <Department>
              <Value></Value>
            </Department>
            <SubBuilding>
              <Value></Value>
            </SubBuilding>
            <Building>
              <Value></Value>
            </Building>
            <Number>
              <Value>28</Value>
            </Number>
            <DependentThoroughfare>
              <Value></Value>
            </DependentThoroughfare>
            <Thoroughfare>
              <Value>Broadgate Lane</Value>
            </Thoroughfare>
            <DoubleDependentLocality>
              <Value></Value>
            </DoubleDependentLocality>
            <DependentLocality>
              <Value>Deeping St. James</Value>
            </DependentLocality>
            <Town>
              <Value>Peterborough</Value>
            </Town>
            <PostalCounty>
              <Value></Value>
            </PostalCounty>
            <AbbreviatedPostalCounty>
              <Value></Value>
            </AbbreviatedPostalCounty>
            <OptionalCounty>
              <Value>Cambridgeshire</Value>
            </OptionalCounty>
            <AbbreviatedOptionalCounty>
              <Value>Cambs</Value>
            </AbbreviatedOptionalCounty>
            <TraditionalCounty>
              <Value>Lincolnshire</Value>
            </TraditionalCounty>
            <AdministrativeCounty>
              <Value>Lincolnshire</Value>
            </AdministrativeCounty>
            <Postcode>
              <Value>PE6 8NW</Value>
            </Postcode>
            <DPS>
              <Value>1Y</Value>
            </DPS>
            <PostcodeFrom>
              <Value></Value>
            </PostcodeFrom>
            <PostcodeType>
              <Value>S</Value>
            </PostcodeType>
            <MailsortCode>
              <Value>15468</Value>
            </MailsortCode>
            <AddressType>
              <Value>3</Value>
            </AddressType>
            <AddressTypeDescription>
              <Value>Numbered and Named, Likelihood of Multiple Occupancy</Value>
            </AddressTypeDescription>
            <Country>
              <Value>United Kingdom</Value>
            </Country>
            <CountryISO>
              <Value>GBR</Value>
            </CountryISO>
            <GridE>
              <Value>515828</Value>
            </GridE>
            <GridN>
              <Value>309769</Value>
            </GridN>
            <Latitude>
              <Value>52.6733</Value>
            </Latitude>
            <Longitude>
              <Value>-0.2884</Value>
            </Longitude>
          </LocationDetails>
        </Address>
      </Addresses>
      <Products>
        <PropertyRisk>
          <Version>2.100</Version>
          <ID>0</ID>
          <PropertyDetail>
            <ID>0</ID>
            <AddressID>
              <Value>1</Value>
            </AddressID>
            <OwnerStatus>
              <Value>03</Value>
              <Description>Mortgaged/Owned - Not rented out</Description>
              <RecID>1</RecID>
            </OwnerStatus>
            <Occupancy>
              <Value>HH</Value>
              <Description>Holiday Home</Description>
              <ErrID></ErrID>
              <RecID>4</RecID>
            </Occupancy>
            <Residents>
              <Value>Y</Value>
              <Description>All family members</Description>
              <RecID>1</RecID>
            </Residents>
            <NumberOfNonFamilyMembers>
              <Value>0</Value>
            </NumberOfNonFamilyMembers>
            <TypeOfProperty>
              <Value>19</Value>
              <Description>Mid Terraced House</Description>
              <RecID>1</RecID>
            </TypeOfProperty>
            <NumberOfBedrooms>
              <Value>4</Value>
              <Description>Four</Description>
              <RecID>5</RecID>
            </NumberOfBedrooms>
            <NumberOfRooms>
              <Value>4</Value>
              <Description>Four</Description>
              <RecID>5</RecID>
            </NumberOfRooms>
            <ListBuilding>
              <Value>3</Value>
              <Description>Not Listed</Description>
              <ErrID></ErrID>
              <RecID>1</RecID>
            </ListBuilding>
            <TypeOfUse>
              <Value>N</Value>
              <Description>No business or professional use</Description>
              <ErrID></ErrID>
              <RecID>4</RecID>
            </TypeOfUse>
            <YearBuilt>
              <Value>1992</Value>
            </YearBuilt>
            <TypeOfWall>
              <Value>02a</Value>
              <Description>Brick</Description>
              <RecID>13</RecID>
            </TypeOfWall>
            <RoofDetails>
              <RoofConstruction>
                <Value>15a</Value>
                <Description>Tile</Description>
                <RecID>12</RecID>
              </RoofConstruction>
              <MoreThanHalfRoofFlat>
                <Value>true</Value>
              </MoreThanHalfRoofFlat>
              <YearRecovered>
                <Value>2005</Value>
              </YearRecovered>
              <Recovered10Years>
                <Value>false</Value>
              </Recovered10Years>
            </RoofDetails>
            <Water400m>
              <Value>false</Value>
            </Water400m>
            <OperationalSmokeDetectors>
              <Value>true</Value>
            </OperationalSmokeDetectors>
            <GoodStateOfRepair>
              <Value>true</Value>
            </GoodStateOfRepair>
            <Unoccupied45DaysPlus>
              <Value>false</Value>
            </Unoccupied45DaysPlus>
            <DaysConsecutivelyUnoccupied>
              <Value>0</Value>
            </DaysConsecutivelyUnoccupied>
          </PropertyDetail>
          <PropertyRiskDetail>
            <AnyClaims>
              <Value>true</Value>
            </AnyClaims>
            <AnyConvictions>
              <Value>false</Value>
            </AnyConvictions>
            <Bankruptcy>
              <Value>false</Value>
            </Bankruptcy>
            <RefusedInsurance>
              <Value>false</Value>
            </RefusedInsurance>
            <PropertyClaims>
              <PropertyClaim>
                <ID>1</ID>
                <IncidentCause>
                  <Value>39</Value>
                  <Description>Landslip / Landslide (lateral movement)</Description>
                  <RecID>14</RecID>
                </IncidentCause>
                <IncidentDate>
                  <Value>2010-01-01T00:00:00</Value>
                </IncidentDate>
                <IncidentType>
                  <Value>04</Value>
                  <Description>Items covered under Buildings cover</Description>
                  <RecID>4</RecID>
                </IncidentType>
                <AnyDamage>
                  <Value>true</Value>
                </AnyDamage>
                <IncidentValue>
                  <Value>1000</Value>
                </IncidentValue>
                <ThisAddress>
                  <Value>false</Value>
                </ThisAddress>
              </PropertyClaim>
            </PropertyClaims>
            <LockDetails>
              <MainDoor>
                <Value>03</Value>
                <Description>UPVC/aluminium door with multi-point lock</Description>
                <RecID>3</RecID>
              </MainDoor>
              <SlidingDoor>
                <Value>03</Value>
                <Description>UPVC/aluminium door with multi-point lock</Description>
                <RecID>4</RecID>
              </SlidingDoor>
              <ExternalDoor>
                <Value>03</Value>
                <Description>UPVC/aluminium door with multi-point lock</Description>
                <RecID>11</RecID>
              </ExternalDoor>
              <WindowLocks>
                <Value>true</Value>
              </WindowLocks>
            </LockDetails>
            <NeighbourhoodWatch>
              <Value>true</Value>
            </NeighbourhoodWatch>
            <Occupied9to5>
              <Value>true</Value>
            </Occupied9to5>
            <SelfContained>
              <Value>false</Value>
            </SelfContained>
            <SafeFitted>
              <Value>true</Value>
            </SafeFitted>
            <BurglarAlarmDetails>
              <FittedAndUsed>
                <Value>false</Value>
              </FittedAndUsed>
              <MaintenanceContract>
                <Value i:nil="true"></Value>
              </MaintenanceContract>
              <Approved>
                <Value i:nil="true"></Value>
              </Approved>
            </BurglarAlarmDetails>
          </PropertyRiskDetail>
          <PropertyCover>
            <CommencementDate>
              <Value>2013-05-25T00:00:00</Value>
            </CommencementDate>
            <CoverType>
              <Value>BC</Value>
              <Description>Buildings &amp; Contents Cover</Description>
              <ErrID></ErrID>
              <RecID>12</RecID>
            </CoverType>
            <JointPolicyHolder>
              <Value>false</Value>
            </JointPolicyHolder>
            <JointPolicyHolderID>0</JointPolicyHolderID>
            <Buildings>
              <CoverType>
                <Value>BA</Value>
                <Description>Accidental</Description>
                <ErrID></ErrID>
                <RecID>0</RecID>
              </CoverType>
              <YearsHeld>
                <Value>5</Value>
                <Description>5 years or more</Description>
                <ErrID></ErrID>
                <RecID>6</RecID>
              </YearsHeld>
              <RebuildCost>
                <Value>9999999</Value>
              </RebuildCost>
              <Subsidence>
                <Value>false</Value>
              </Subsidence>
              <CrackedWalls>
                <Value>false</Value>
              </CrackedWalls>
              <Underpinning>
                <Value>false</Value>
              </Underpinning>
              <DamageOngoing>
                <Value>false</Value>
              </DamageOngoing>
              <BuildExcess>
                <Value>300</Value>
              </BuildExcess>
            </Buildings>
            <ContentsCover>
              <CoverType>
                <Value>CS</Value>
                <Description>Standard</Description>
                <ErrID></ErrID>
                <RecID>1</RecID>
              </CoverType>
              <YearHeld>
                <Value>5</Value>
                <Description>5 years or more</Description>
                <ErrID></ErrID>
                <RecID>14</RecID>
              </YearHeld>
              <ContentsCoverAmount>
                <Value>36</Value>
                <Description>40000</Description>
                <ErrID></ErrID>
                <RecID>29</RecID>
              </ContentsCoverAmount>
              <HighRiskAmount>
                <Value>71</Value>
                <Description>4000</Description>
                <ErrID></ErrID>
                <RecID>71</RecID>
              </HighRiskAmount>
              <SingleItemCover>
                <Value>6</Value>
                <Description>4000</Description>
                <ErrID></ErrID>
                <RecID>6</RecID>
              </SingleItemCover>
              <Excess>
                <Value>300</Value>
              </Excess>
            </ContentsCover>
            <HasSpecifiedItems>
              <Value>true</Value>
            </HasSpecifiedItems>
            <SpecifiedItems>
              <SpecifiedItem>
                <ID>1</ID>
                <Code>
                  <Value>C01</Value>
                  <Description>Camping equipment</Description>
                  <RecID>15</RecID>
                </Code>
                <Description>
                  <Value></Value>
                  <ErrID></ErrID>
                </Description>
                <ItemValue>
                  <Value>2700</Value>
                </ItemValue>
                <Text>
                  <Value>Big tent</Value>
                  <ErrID></ErrID>
                </Text>
              </SpecifiedItem>
              <SpecifiedItem>
                <ID>2</ID>
                <Code>
                  <Value>S13</Value>
                  <Description>Silver items</Description>
                  <RecID>27</RecID>
                </Code>
                <Description>
                  <Value></Value>
                  <ErrID></ErrID>
                </Description>
                <ItemValue>
                  <Value>2800</Value>
                </ItemValue>
                <Text>
                  <Value>Silver spoon</Value>
                  <ErrID></ErrID>
                </Text>
              </SpecifiedItem>
            </SpecifiedItems>
            <HasBicycles>
              <Value>false</Value>
            </HasBicycles>
            <Bicycles></Bicycles>
            <KeyCover>
              <Value>false</Value>
            </KeyCover>
            <HomeAssistance>
              <Value>false</Value>
            </HomeAssistance>
            <PaymentProtection>
              <Value>false</Value>
            </PaymentProtection>
            <LegalProtection>
              <Value>false</Value>
            </LegalProtection>
          </PropertyCover>
        </PropertyRisk>
      </Products>
      <ModifiedFlags>
        <RiskHeader>false</RiskHeader>
        <Persons>false</Persons>
        <Addresses>false</Addresses>
        <ContactDetails>false</ContactDetails>
        <PrivateCar>false</PrivateCar>
        <PrivateCarCover>false</PrivateCarCover>
        <CommercialVehicle>false</CommercialVehicle>
        <CommercialVehicleCover>false</CommercialVehicleCover>
        <Claims>false</Claims>
        <Convictions>false</Convictions>
        <HomeCover>false</HomeCover>
        <PropertyDetails>false</PropertyDetails>
        <PropertyBuildingsCover>false</PropertyBuildingsCover>
        <PropertyContentsCover>false</PropertyContentsCover>
        <PropertyClaims>false</PropertyClaims>
        <PropertyLocks>false</PropertyLocks>
        <PropertyAdditionalDetails>false</PropertyAdditionalDetails>
        <LifeCover>false</LifeCover>
        <Bike>false</Bike>
        <BikeCover>false</BikeCover>
        <PetDetails>false</PetDetails>
        <PetMoreDetails>false</PetMoreDetails>
        <PetCover>false</PetCover>
        <PetDogSpecific>false</PetDogSpecific>
        <Vehicle>false</Vehicle>
        <VehicleDetails>false</VehicleDetails>
        <VehicleUsage>false</VehicleUsage>
        <VehicleOwnership>false</VehicleOwnership>
        <PolicyDetails>false</PolicyDetails>
        <DrivingHistory>false</DrivingHistory>
      </ModifiedFlags>
    </RiskMaster>
  </Lead>
</QuoteRequest>