﻿<?xml version="1.0" encoding="utf-8"?><QuoteResult Version="" xmlns="http://BGL.CompareTheMarket.Services.DistributorService.DataContracts" xmlns:rq="http://insure-systems.co.uk/Schema/QuoteRequest/1-0" xmlns:wcfreq="http://comparethemarket.co.uk/RiskServices/2009/V1/" xmlns:req="urn:comparethemarket:quoteservice:data:2009:v1" xmlns:risk="http://comparethemarket.co.uk/RiskServices/2009/V1/" xmlns:params="http://BGL.CompareTheMarket.Services.DistributorService.DataContracts" xmlns:rew="http://schemas.datacontract.org/2004/07/BGL.CompareTheMarket.Services.LibClientDistributorCore"><Header><ResultStatus>FILTERED</ResultStatus><PartnerRef>C30BB757980F4B56A435FA1C8C7F9AA3,0,3</PartnerRef><ServerName>PBO-CTMWEBUAT01</ServerName></Header><Quotes><Quote id="1"><Broker>MPE5</Broker><InsurerName /><Premium><AnnualPremium>0</AnnualPremium></Premium><Excesses /></Quote></Quotes><Messages><GeneralMessages><Message><MessageNo /><MessageField /><MessageText>RequestFilterOutProviderRules: The request was filtered out by the OutgoingTransform specified for provider More Than Pet (product Pet_CTM) for the following reason.
Age of Proposer should be 18 or over. </MessageText></Message></GeneralMessages><Logs><Log><Code>ReqRecvd</Code><LogDateTime>2013-06-19T14:38:44.98640</LogDateTime></Log><Log><Code>ReqQueued</Code><LogDateTime>2013-06-19T14:38:45.00200</LogDateTime></Log><Log><Code>OutProcStart</Code><LogDateTime>2013-06-19T14:38:45.22040</LogDateTime></Log></Logs></Messages></QuoteResult>