﻿<?xml version="1.0" encoding="utf-8"?><QuoteResult Version="" xmlns="http://BGL.CompareTheMarket.Services.DistributorService.DataContracts" xmlns:rq="http://insure-systems.co.uk/Schema/QuoteRequest/1-0" xmlns:wcfreq="http://comparethemarket.co.uk/RiskServices/2009/V1/" xmlns:req="urn:comparethemarket:quoteservice:data:2009:v1" xmlns:risk="http://comparethemarket.co.uk/RiskServices/2009/V1/" xmlns:params="http://BGL.CompareTheMarket.Services.DistributorService.DataContracts" xmlns:rew="http://schemas.datacontract.org/2004/07/BGL.CompareTheMarket.Services.LibClientDistributorCore"><Header><ResultStatus>TIMEOUT</ResultStatus><PartnerRef>74AAA7CF1AD843A2B6F18A6BFEAC6A55,0,2</PartnerRef><ServerName>PBO-CTMWEBUAT01</ServerName></Header><Quotes><Quote id="1"><Broker>MPE4</Broker><InsurerName /><Premium><AnnualPremium>0</AnnualPremium></Premium><Excesses /></Quote></Quotes><Messages><GeneralMessages><Message><MessageNo /><MessageField /><MessageText>No response was received from the provider's web service within the configured time-out period.</MessageText></Message></GeneralMessages><Logs><Log><Code>ReqRecvd</Code><LogDateTime>2013-06-18T08:48:39.29695</LogDateTime></Log><Log><Code>ReqQueued</Code><LogDateTime>2013-06-18T08:48:39.31255</LogDateTime></Log><Log><Code>OutProcStart</Code><LogDateTime>2013-06-18T08:48:39.73375</LogDateTime></Log><Log><Code>ProviderStart</Code><LogDateTime>2013-06-18T08:48:39.87415</LogDateTime></Log><Log><Code>ProviderEnd</Code><LogDateTime>2013-06-18T08:49:39.35706</LogDateTime></Log></Logs></Messages></QuoteResult>