<QuoteRequest xmlns="http://comparethemarket.co.uk/RiskServices/2009/V1/" xmlns:i="http://www.w3.org/2001/XMLSchema-instance">
  <Header>
    <Sender>
      <ProductClass>PT</ProductClass>
      <SourceCode>CM02</SourceCode>
      <PartnerRef>74AAA7CF1AD843A2B6F18A6BFEAC6A55,0,2</PartnerRef>
      <RepeatQuote>C4G097044</RepeatQuote>
      <AffinityCode>CTM</AffinityCode>
    </Sender>
    <ServiceContext>
      <Server>PBO-CTMAPPUAT01</Server>
      <Path>/PrivateCar/Pet/PricePage.aspx</Path>
      <PathUrl>http://pbo-ctmwebuat01.uat.local/PrivateCar/Pet/PricePage.aspx</PathUrl>
      <PathPhysical>D:\CTM\CTMWeb\CurrentVersion\</PathPhysical>
      <QueryString>(no set)</QueryString>
      <ClientOS>WinNT</ClientOS>
      <ClientBrowser>Chrome</ClientBrowser>
      <ClientVersion>27.0</ClientVersion>
      <ClientJScriptVersion>0.0</ClientJScriptVersion>
      <ClientEcmaScriptVersion>3.0</ClientEcmaScriptVersion>
      <SessionSessionGuid>bd82656c-67b8-45bf-a8ac-24df19a9f5f1</SessionSessionGuid>
      <SessionTransactionID>74AAA7CF1AD843A2B6F18A6BFEAC6A55</SessionTransactionID>
      <CurrentExecutingRequestGuid>8cff6288-546c-481d-9bef-3f259b2e441a</CurrentExecutingRequestGuid>
      <HttpConnectionConnection>keep-alive</HttpConnectionConnection>
      <HttpConnectionAccept>text/html,application/xhtml+xml,application/xml;q=0.9,*/*;q=0.8</HttpConnectionAccept>
      <HttpConnectionAcceptLanguage>en-US,en;q=0.8</HttpConnectionAcceptLanguage>
      <HttpConnectionHost>pbo-ctmwebuat01.uat.local</HttpConnectionHost>
      <HttpConnectionReferrer>http://pbo-ctmwebuat01.uat.local/PrivateCar/Pet/AboutYourPet.aspx</HttpConnectionReferrer>
      <HttpConnectionContentType></HttpConnectionContentType>
      <HttpConnectionHttpMethod>GET</HttpConnectionHttpMethod>
      <HttpConnectionUserHostAddress>172.29.69.59</HttpConnectionUserHostAddress>
      <ApplicationName>BGL.CompareTheMarket.Services.QuoteService</ApplicationName>
      <JourneyJourneyType>(no set)</JourneyJourneyType>
      <JourneySourceCode>CM02</JourneySourceCode>
      <JourneyAffinityCode>CTM</JourneyAffinityCode>
      <JourneyProductCode>PT</JourneyProductCode>
      <VisitorID>(no set)</VisitorID>
      <VisitLogID>(no set)</VisitLogID>
    </ServiceContext>
  </Header>
  <Lead>
    <RiskMaster>
      <QuotePlatformID>6</QuotePlatformID>
      <RetrievedRiskHeaderID>8059421</RetrievedRiskHeaderID>
      <ClientReference>C4G097044 </ClientReference>
      <ProposerID>1</ProposerID>
      <PostalAddressID>1</PostalAddressID>
      <MarketingOptOut>
        <EmailOptOut>
          <Value>true</Value>
        </EmailOptOut>
        <PostOptOut>
          <Value>true</Value>
        </PostOptOut>
        <PhoneOptOut>
          <Value>true</Value>
        </PhoneOptOut>
        <SMSOptOut>
          <Value>true</Value>
        </SMSOptOut>
      </MarketingOptOut>
      <Persons>
        <Person>
          <ID>1</ID>
          <Title>
            <Value>MR</Value>
            <Description>Mr</Description>
            <ErrID></ErrID>
            <RecID>1</RecID>
          </Title>
          <FirstName>
            <Value>test</Value>
          </FirstName>
          <Surname>
            <Value>test</Value>
          </Surname>
          <DOB>
            <Value>1964-09-08T00:00:00</Value>
          </DOB>
          <Gender>
            <Value>M</Value>
            <Description></Description>
            <RecID>0</RecID>
          </Gender>
          <ContactDetails>
            <PhoneNumbers></PhoneNumbers>
            <EmailAdr>
              <Value>test@emailreaction.org</Value>
            </EmailAdr>
            <NoEmail>
              <Value>false</Value>
            </NoEmail>
          </ContactDetails>
          <PrimaryOccupation>
            <OccupationCode>
              <Value></Value>
              <Description></Description>
              <RecID>0</RecID>
            </OccupationCode>
          </PrimaryOccupation>
          <Licence>
            <DateLicenceObtained>
              <Value i:nil="true"></Value>
            </DateLicenceObtained>
            <DrivingQualificationsDate>
              <Value i:nil="true"></Value>
            </DrivingQualificationsDate>
          </Licence>
          <Resident>
            <ResidentSince>
              <Value i:nil="true"></Value>
            </ResidentSince>
            <UkResidentSinceDOB>
              <Value>false</Value>
            </UkResidentSinceDOB>
          </Resident>
          <AddressAsProposer>
            <Value>true</Value>
          </AddressAsProposer>
          <HomeOwner>
            <Value>false</Value>
          </HomeOwner>
          <PassPlus>
            <Value>false</Value>
          </PassPlus>
          <HaveMotorClaim>
            <Value>false</Value>
          </HaveMotorClaim>
          <HaveMotorConviction>
            <Value>false</Value>
          </HaveMotorConviction>
          <MotorInsuranceCancelled>
            <Value>false</Value>
          </MotorInsuranceCancelled>
          <HaveNonMotorConviction>
            <Value>false</Value>
          </HaveNonMotorConviction>
          <Ghost>false</Ghost>
          <PassedCBT>
            <Value i:nil="true"></Value>
          </PassedCBT>
          <LargestCCBike>
            <Value>0</Value>
          </LargestCCBike>
        </Person>
      </Persons>
      <Addresses>
        <Address>
          <ID>1</ID>
          <AddressLine1>
            <Value>2 Cardinal Close</Value>
          </AddressLine1>
          <AddressLine2>
            <Value>Billingborough</Value>
          </AddressLine2>
          <AddressLine3>
            <Value i:nil="true"></Value>
          </AddressLine3>
          <AddressLine4>
            <Value>Sleaford</Value>
          </AddressLine4>
          <AddressLine5>
            <Value i:nil="true"></Value>
          </AddressLine5>
          <PostCode>
            <Value>NG34 0GA</Value>
          </PostCode>
          <DPSCode>
            <Value i:nil="true"></Value>
          </DPSCode>
          <LocationIDFK>
            <Value i:nil="true"></Value>
          </LocationIDFK>
          <LocationDetails i:nil="true"></LocationDetails>
        </Address>
      </Addresses>
      <Products>
        <PetRisk>
          <Version>1.000</Version>
          <ID>0</ID>
          <PetRiskDetail>
            <ID>0</ID>
            <Name>
              <Value>ted</Value>
            </Name>
            <PetType>
              <PetTypeListValue>
                <Value>Dog</Value>
                <Description>Dog</Description>
                <RecID>0</RecID>
              </PetTypeListValue>
            </PetType>
            <Gender>
              <Value>M</Value>
              <Description></Description>
              <ErrID></ErrID>
              <RecID>0</RecID>
            </Gender>
            <DateOfBirth>
              <Value>2011-04-18T08:45:44.843</Value>
            </DateOfBirth>
            <PetBreed>
              <PetBreedListValue>
                <Value>0397</Value>
                <Description>Yorkshire Terrier</Description>
                <RecID>513</RecID>
              </PetBreedListValue>
              <CrossBreed>
                <Value>false</Value>
              </CrossBreed>
            </PetBreed>
            <Chipped>
              <Value>false</Value>
            </Chipped>
            <AmountPaid>
              <Value>500</Value>
            </AmountPaid>
            <PetNotPurchased>
              <Value>false</Value>
            </PetNotPurchased>
            <Vaccinated>
              <Value>true</Value>
            </Vaccinated>
            <Neutered>
              <Value>false</Value>
            </Neutered>
            <GuardOrRacing>
              <Value>false</Value>
            </GuardOrRacing>
            <Aggressive>
              <Value>false</Value>
            </Aggressive>
            <LegalAction>
              <Value>false</Value>
            </LegalAction>
          </PetRiskDetail>
          <PetCoverDetail>
            <CommencementDate>
              <Value>2013-06-18T00:00:00</Value>
            </CommencementDate>
            <InsurancePaymentMethod>
              <Value>M</Value>
              <Description>Monthly</Description>
              <RecID>1</RecID>
            </InsurancePaymentMethod>
            <ppAccidentOnlyValue>
              <Value>true</Value>
            </ppAccidentOnlyValue>
            <ppTimeLimitedValue>
              <Value>true</Value>
            </ppTimeLimitedValue>
            <ppMaxBenefitValue>
              <Value>true</Value>
            </ppMaxBenefitValue>
            <ppLifeTimeValue>
              <Value>true</Value>
            </ppLifeTimeValue>
            <CoverType>
              <Value>ST</Value>
              <Description>Standard</Description>
              <ErrID></ErrID>
              <RecID>0</RecID>
            </CoverType>
          </PetCoverDetail>
        </PetRisk>
      </Products>
      <ModifiedFlags>
        <RiskHeader>false</RiskHeader>
        <Persons>false</Persons>
        <Addresses>false</Addresses>
        <ContactDetails>false</ContactDetails>
        <PrivateCar>false</PrivateCar>
        <PrivateCarCover>false</PrivateCarCover>
        <CommercialVehicle>false</CommercialVehicle>
        <CommercialVehicleCover>false</CommercialVehicleCover>
        <Claims>false</Claims>
        <Convictions>false</Convictions>
        <HomeCover>false</HomeCover>
        <PropertyDetails>false</PropertyDetails>
        <PropertyBuildingsCover>false</PropertyBuildingsCover>
        <PropertyContentsCover>false</PropertyContentsCover>
        <PropertyClaims>false</PropertyClaims>
        <PropertyLocks>false</PropertyLocks>
        <PropertyAdditionalDetails>false</PropertyAdditionalDetails>
        <LifeCover>false</LifeCover>
        <Bike>false</Bike>
        <BikeCover>false</BikeCover>
        <PetDetails>false</PetDetails>
        <PetMoreDetails>false</PetMoreDetails>
        <PetCover>false</PetCover>
        <PetDogSpecific>false</PetDogSpecific>
        <Vehicle>false</Vehicle>
        <VehicleDetails>false</VehicleDetails>
        <VehicleUsage>false</VehicleUsage>
        <VehicleOwnership>false</VehicleOwnership>
        <PolicyDetails>false</PolicyDetails>
        <DrivingHistory>false</DrivingHistory>
      </ModifiedFlags>
    </RiskMaster>
  </Lead>
</QuoteRequest>