﻿<?xml version="1.0" encoding="utf-8"?>
<soap:Envelope xmlns:soap="http://schemas.xmlsoap.org/soap/envelope/" xmlns:flux="http://www.transactorgsl.com/schemas">
  <soap:Body>
    <Quote xmlns="http://TGSL/TES_Aggregator">
      <lxmlTGSLXML>
        <tgsl xmlns="http://www.transactorgsl.com/schemas">
          <aggregator>CTM</aggregator>
          <domain>http://localhost:8080</domain>
          <partner>
            <partnerName>afg</partnerName>
            <broker>commercial</broker>
          </partner>
          <product>cv</product>
        </tgsl>
      </lxmlTGSLXML>
      <lstrRiskXML>
        <cvRisk xsi:schemaLocation="http://www.transactorgsl.com/schemas TGSLCVSchema.xsd" xmlns="http://www.transactorgsl.com/schemas" xmlns:xsi="http://www.w3.org/2001/XMLSchema-instance">
          <insuredParty instance="1">
            <accessToOtherVehicles>false</accessToOtherVehicles>
            <numberOfVehiclesAccessTo>0</numberOfVehiclesAccessTo>
            <client>true</client>
            <clubMember>false</clubMember>
            <dateLicenceObtained>1993-10-23T00:00:00</dateLicenceObtained>
            <dob>1970-01-01T00:00:00</dob>
            <criminalOffence>false</criminalOffence>
            <email>qa@gary.com</email>
            <forename>gary</forename>
            <surname>qa</surname>
            <homeOwner>false</homeOwner>
            <insurancePreviouslyRefused>false</insurancePreviouslyRefused>
            <licenceTypeID>F</licenceTypeID>
            <licenceRestrictionsID>8</licenceRestrictionsID>
            <mainDriver>true</mainDriver>
            <maritalStatusID>M</maritalStatusID>
            <mothersMaidenName />
            <password />
            <relationshipID>P</relationshipID>
            <sex>Female</sex>
            <titleID>001</titleID>
            <sex>Female</sex>
            <ukResidenceYears>43</ukResidenceYears>
            <vehicleUseID>04</vehicleUseID>
            <yearsBusinessEstablished>0</yearsBusinessEstablished>
          </insuredParty>
          <insuredParty instance="2">
            <accessToOtherVehicles>false</accessToOtherVehicles>
            <numberOfVehiclesAccessTo>0</numberOfVehiclesAccessTo>
            <client>false</client>
            <clubMember>false</clubMember>
            <dateLicenceObtained>2000-10-23T00:00:00</dateLicenceObtained>
            <dob>1970-01-01T00:00:00</dob>
            <criminalOffence>false</criminalOffence>
            <email />
            <forename>gary</forename>
            <surname>brother</surname>
            <homeOwner>false</homeOwner>
            <insurancePreviouslyRefused>false</insurancePreviouslyRefused>
            <licenceTypeID>F</licenceTypeID>
            <licenceRestrictionsID>8</licenceRestrictionsID>
            <mainDriver>false</mainDriver>
            <maritalStatusID>M</maritalStatusID>
            <mothersMaidenName />
            <password />
            <relationshipID>A</relationshipID>
            <sex>Male</sex>
            <titleID>001</titleID>
            <sex>Male</sex>
            <ukResidenceYears>5</ukResidenceYears>
            <vehicleUseID>04</vehicleUseID>
            <yearsBusinessEstablished>0</yearsBusinessEstablished>
          </insuredParty>
          <correspondanceAddress instance="1">
            <city>Malvern</city>
            <country>United Kingdom</country>
            <county />
            <house />
            <locality />
            <postcode>WR14 1AZ</postcode>
            <street>2 Duke of Edinburgh Way</street>
          </correspondanceAddress>
          <occupation insuredPartyInstance="1" instance="1">
            <employersBusinessID>246</employersBusinessID>
            <employmentStatusID>S</employmentStatusID>
            <occupationID>B15</occupationID>
            <parttime>false</parttime>
            <primaryOccupation>true</primaryOccupation>
          </occupation>
          <occupation insuredPartyInstance="2" instance="2">
            <employersBusinessID>413</employersBusinessID>
            <employmentStatusID>E</employmentStatusID>
            <occupationID>N02</occupationID>
            <parttime>false</parttime>
            <primaryOccupation>true</primaryOccupation>
          </occupation>
          <telephone instance="1">
            <telephoneNumber>01010101010</telephoneNumber>
            <telephoneTypeID>3AJPQ7C6</telephoneTypeID>
          </telephone>
          <health instance="1" insuredPartyInstance="1">
            <licenceRestrictionsID>8</licenceRestrictionsID>
            <dvlaNotified>true</dvlaNotified>
            <licenceIssued>false</licenceIssued>
            <medicalConditionID>99</medicalConditionID>
          </health>
          <health instance="2" insuredPartyInstance="2">
            <licenceRestrictionsID />
            <dvlaNotified />
            <licenceIssued />
            <medicalConditionID />
          </health>
          <health instance="3" insuredPartyInstance="3">
            <licenceRestrictionsID />
            <dvlaNotified />
            <licenceIssued />
            <medicalConditionID />
          </health>
          <cover instance="1">
            <coverRequiredID>01</coverRequiredID>
            <coverStartDate>2013-10-23T00:00:00</coverStartDate>
            <previousInsurance>true</previousInsurance>
            <previousInsurancePolicyNumber>99999</previousInsurancePolicyNumber>
            <previousInsurerID>999</previousInsurerID>
            <yearsWithCurrentInsurer>1</yearsWithCurrentInsurer>
            <yearsNcdPriorToClaim>0</yearsNcdPriorToClaim>
            <voluntaryExcess>800</voluntaryExcess>
          </cover>
          <taxi instance="1" />
          <vehicle instance="1">
            <personalisedPlate>false</personalisedPlate>
            <abiCode>90309764</abiCode>
            <annualMileage>5000</annualMileage>
            <bodyTypeID>07</bodyTypeID>
            <countryOfFirstRegistrationID>GB</countryOfFirstRegistrationID>
            <currentMileage>0</currentMileage>
            <value>5000</value>
            <businessMileage>0</businessMileage>
            <dateOfPurchase>2011-01-23T00:00:00</dateOfPurchase>
            <fuelTypeID>002</fuelTypeID>
            <gearboxTypeID>002</gearboxTypeID>
            <imported>false</imported>
            <increasedBHP>0</increasedBHP>
            <kitCar>false</kitCar>
            <leftHandDrive>false</leftHandDrive>
            <modifiedWhilstOwned>false</modifiedWhilstOwned>
            <numberOfSeats>1</numberOfSeats>
            <ownerID>1</ownerID>
            <keeperID>1</keeperID>
            <overnightParkingID>E</overnightParkingID>
            <pricePaid>5000</pricePaid>
            <qPlated>false</qPlated>
            <qPlatedReasonID>0</qPlatedReasonID>
            <hazardousGoodsCarried>false</hazardousGoodsCarried>
            <vehicleCC>2460</vehicleCC>
            <vehicleMake>Volkswagen</vehicleMake>
            <vehicleMark>Van</vehicleMark>
            <vehicleModel>Transporter</vehicleModel>
            <yearOfManufacture>2008</yearOfManufacture>
            <registrationNumber>T55MTB</registrationNumber>
            <trailer>false</trailer>
            <carriesGoods>true</carriesGoods>
            <goodsCarriedID>057</goodsCarriedID>
            <grossVehicleWeight>3000</grossVehicleWeight>
            <carryingCapacity>0</carryingCapacity>
            <cctv>false</cctv>
            <interiorCamera>false</interiorCamera>
            <exteriorCameraID>0</exteriorCameraID>
            <hackneyCarriage>false</hackneyCarriage>
            <contractWork>false</contractWork>
            <contractDetails />
            <licensePlate />
            <taxiAreaID>0</taxiAreaID>
            <usedForTrackDays>false</usedForTrackDays>
            <badDriverHotline>false</badDriverHotline>
          </vehicle>
          <ncd instance="1">
            <ncdYears>8</ncdYears>
            <protectedNCD>true</protectedNCD>
          </ncd>
          <garageAddress instance="1">
            <city>Malvern</city>
            <country>United Kingdom</country>
            <county />
            <house />
            <locality />
            <postcode>WR14 1AZ</postcode>
            <street>2 Duke of Edinburgh Way</street>
          </garageAddress>
          <security instance="1">
            <securityID>91</securityID>
            <fittedByID>1</fittedByID>
            <dateFitted>2013-10-23T00:00:00</dateFitted>
          </security>
          <security instance="2">
            <securityID>95</securityID>
            <fittedByID>1</fittedByID>
            <datefitted xmlns="">2013-10-23T00:00:00</datefitted>
          </security>
        </cvRisk>
      </lstrRiskXML>
    </Quote>
  </soap:Body>
</soap:Envelope>