﻿<?xml version="1.0" encoding="utf-8"?><QuoteResult Version="" xmlns="http://BGL.CompareTheMarket.Services.DistributorService.DataContracts" xmlns:rq="http://insure-systems.co.uk/Schema/QuoteRequest/1-0" xmlns:wcfreq="http://comparethemarket.co.uk/RiskServices/2009/V1/" xmlns:req="urn:comparethemarket:quoteservice:data:2009:v1" xmlns:risk="http://comparethemarket.co.uk/RiskServices/2009/V1/" xmlns:params="http://BGL.CompareTheMarket.Services.DistributorService.DataContracts" xmlns:rew="http://schemas.datacontract.org/2004/07/BGL.CompareTheMarket.Services.LibClientDistributorCore"><Header><ResultStatus>ERROR</ResultStatus><PartnerRef>4D250727F6A14284B3B49343AF789974,0,13</PartnerRef><ServerName>PBO-CTMWEBQA01</ServerName></Header><Quotes><Quote id="1"><Broker>AHH3</Broker><InsurerName /><Premium><AnnualPremium>0</AnnualPremium></Premium><Excesses /></Quote></Quotes><Messages><GeneralMessages><Message><MessageNo /><MessageField /><MessageText>Could not send a request to the provider's web service: System.Net.WebException: The remote server returned an error: (400) Bad Request.
   at System.Net.HttpWebRequest.EndGetResponse(IAsyncResult asyncResult)
   at InsureSystems.PriceDistributor.HttpRequest.AfterGetResponse(IAsyncResult v_result) in D:\Apps\GoAgent\pipelines\Motor-Master-Test\Distributor\Distributor\Protocols\Soap\HttpRequest.vb:line 478</MessageText></Message></GeneralMessages><Logs><Log><Code>ReqRecvd</Code><LogDateTime>2013-05-28T16:44:25.77808</LogDateTime></Log><Log><Code>ReqQueued</Code><LogDateTime>2013-05-28T16:44:25.82488</LogDateTime></Log><Log><Code>OutProcStart</Code><LogDateTime>2013-05-28T16:44:26.16808</LogDateTime></Log><Log><Code>ProviderStart</Code><LogDateTime>2013-05-28T16:44:26.18368</LogDateTime></Log><Log><Code>ProviderEnd</Code><LogDateTime>2013-05-28T16:44:26.51128</LogDateTime></Log></Logs></Messages></QuoteResult>