﻿<?xml version="1.0" encoding="utf-8"?>
<quote xmlns:xs="http://www.w3.org/2001/XMLSchema" xmlns:xsd="http://www.w3.org/2001/XMLSchema-instance">
  <brands>
    <brand>
      <name>Admiral</name>
      <branchcode>AD</branchcode>
      <productcode>APT</productcode>
    </brand>
  </brands>
  <quotesource>
    <mediacode>CTMNH</mediacode>
  </quotesource>
  <contact>
    <name>
      <title>Dr</title>
      <firstname>gary</firstname>
      <lastname>qa</lastname>
    </name>
    <gender>M</gender>
    <dateofbirth>1970-01-01</dateofbirth>
    <address>
      <line1>2</line1>
      <line2>Duke of Edinburgh Way</line2>
      <line3>Malvern</line3>
      <postcode>WR14 1AZ</postcode>
    </address>
    <email>qa@gary.com</email>
    <eveningphone> </eveningphone>
    <password>010170WR141AZ</password>
    <mothersmaidenname>DEFAULTVALUE</mothersmaidenname>
  </contact>
  <householdrisk>
    <startdate>2013-05-30</startdate>
    <address>
      <line1>2</line1>
      <line2>Duke of Edinburgh Way</line2>
      <line3>Malvern</line3>
      <postcode>WR14 1AZ</postcode>
    </address>
    <ishomeaddress>true</ishomeaddress>
    <purchasedate>2013-05-01</purchasedate>
    <yearslivedatproperty>0</yearslivedatproperty>
    <permanentresidence>Y</permanentresidence>
    <owner>MO</owner>
    <adultsatproperty>2</adultsatproperty>
    <childrenatproperty>0</childrenatproperty>
    <whoiscovered>IF</whoiscovered>
    <smokers>false</smokers>
    <howdoyoupay>S</howdoyoupay>
    <bestprice>0</bestprice>
    <basement>null</basement>
    <heatingtype>null</heatingtype>
    <solarpanels>false</solarpanels>
    <property>
      <propertytype>HS</propertytype>
      <propertystyle>TC</propertystyle>
      <listedproperty>N</listedproperty>
      <extended>false</extended>
      <inprogressrenovations>false</inprogressrenovations>
      <goodstateofrepair>true</goodstateofrepair>
      <propertyfloors>2</propertyfloors>
      <bedrooms>1</bedrooms>
      <livingrooms>1</livingrooms>
      <otherrooms>1</otherrooms>
      <builddate>1950</builddate>
      <walls>BRK</walls>
      <rooftype>TLE</rooftype>
      <flatroofpercentage>0</flatroofpercentage>
    </property>
    <security>
      <lockstype>M</lockstype>
      <patiodoors>false</patiodoors>
      <otherdoors>false</otherdoors>
      <accessiblewindowslocks>Y</accessiblewindowslocks>
      <neighbourhoodwatcharea>true</neighbourhoodwatcharea>
      <smokealarms>1</smokealarms>
      <alarm>
        <type>OT</type>
        <professionallymaintained>N</professionallymaintained>
      </alarm>
    </security>
    <trees>
      <treedamage>false</treedamage>
    </trees>
    <whenunoccupied>D</whenunoccupied>
    <businessusecode>N</businessusecode>
    <buildingrisk>
      <propertyvalue>1</propertyvalue>
      <rebuildcost>100000</rebuildcost>
      <voluntaryexcess>100</voluntaryexcess>
      <accidentaldamagecover>false</accidentaldamagecover>
      <consecutiveclaimfreeyears>5</consecutiveclaimfreeyears>
      <claims>
        <buildingclaim>
          <claimtype>ADH</claimtype>
          <claimdate>2012-01-01</claimdate>
          <status>S</status>
          <cost>1000</cost>
          <againstthisproperty>Y</againstthisproperty>
        </buildingclaim>
      </claims>
    </buildingrisk>
    <contentsrisk>
      <totalcontentsvalue>50000</totalcontentsvalue>
      <voluntaryexcess>100</voluntaryexcess>
      <accidentaldamagecover>false</accidentaldamagecover>
      <consecutiveclaimfreeyears>5</consecutiveclaimfreeyears>
      <highriskitemsmorethan1000each>true</highriskitemsmorethan1000each>
      <totalcoverawayfromhome></totalcoverawayfromhome>
      <individualitems>
        <item>
          <code>PS</code>
          <description>white</description>
          <value>2000</value>
        </item>
        <item>
          <code>BC</code>
          <description>trek</description>
          <value>1500</value>
        </item>
      </individualitems>
    </contentsrisk>
    <occupants>
      <occupant>
        <name>
          <title>Dr</title>
          <firstname>gary</firstname>
          <lastname>qa</lastname>
        </name>
        <gender>M</gender>
        <dateofbirth>1970-01-01</dateofbirth>
        <residentsince>1970</residentsince>
        <maritalstatus>M</maritalstatus>
        <fulltimeoccupation>NUR01</fulltimeoccupation>
        <fulltimebusinesstype>407</fulltimebusinesstype>
        <policyholdertype>Y</policyholdertype>
        <specialterms />
        <convictions />
        <bankruptcies />
      </occupant>
      <occupant>
        <name>
          <title>Mr</title>
          <firstname>gary</firstname>
          <lastname>joint</lastname>
        </name>
        <gender>M</gender>
        <dateofbirth>1971-01-01</dateofbirth>
        <residentsince>1971</residentsince>
        <maritalstatus>M</maritalstatus>
        <relationship>SN</relationship>
        <fulltimeoccupation>NUR01</fulltimeoccupation>
        <fulltimebusinesstype>407</fulltimebusinesstype>
        <policyholdertype>J</policyholdertype>
        <specialterms />
        <convictions />
        <bankruptcies />
      </occupant>
    </occupants>
    <additionaldata />
  </householdrisk>
</quote>