<QuoteRequest xmlns="http://comparethemarket.co.uk/RiskServices/2009/V1/" xmlns:i="http://www.w3.org/2001/XMLSchema-instance">
  <Header>
    <Sender>
      <ProductClass>HH</ProductClass>
      <SourceCode>CM02</SourceCode>
      <PartnerRef>4D250727F6A14284B3B49343AF789974,0,13</PartnerRef>
      <RepeatQuote>C2F000052</RepeatQuote>
      <AffinityCode>CTM</AffinityCode>
    </Sender>
    <ServiceContext>
      <Server>PBO-CTMAPPQA01</Server>
      <Path>/PrivateCar/Quote/PricePage.aspx</Path>
      <PathUrl>http://pbo-ctmwebqa01.uat.local/PrivateCar/Quote/PricePage.aspx</PathUrl>
      <PathPhysical>D:\CTM\CTMWeb\CurrentVersion\</PathPhysical>
      <QueryString>(no set)</QueryString>
      <ClientOS>WinNT</ClientOS>
      <ClientBrowser>IE</ClientBrowser>
      <ClientVersion>7.0</ClientVersion>
      <ClientJScriptVersion>5.7</ClientJScriptVersion>
      <ClientEcmaScriptVersion>3.0</ClientEcmaScriptVersion>
      <SessionSessionGuid>(no set)</SessionSessionGuid>
      <SessionTransactionID>4D250727F6A14284B3B49343AF789974</SessionTransactionID>
      <CurrentExecutingRequestGuid>91d7d6aa-c4c5-4a2d-ae58-61229818448b</CurrentExecutingRequestGuid>
      <HttpConnectionConnection>Keep-Alive</HttpConnectionConnection>
      <HttpConnectionAccept>application/x-ms-application, image/jpeg, application/xaml+xml, image/gif, image/pjpeg, application/x-ms-xbap, application/vnd.ms-excel, application/vnd.ms-powerpoint, application/msword, */*</HttpConnectionAccept>
      <HttpConnectionAcceptLanguage>en-GB</HttpConnectionAcceptLanguage>
      <HttpConnectionHost>pbo-ctmwebqa01.uat.local</HttpConnectionHost>
      <HttpConnectionReferrer>http://pbo-ctmwebqa01.uat.local/PrivateCar/Home/AdditionalDetails.aspx</HttpConnectionReferrer>
      <HttpConnectionContentType></HttpConnectionContentType>
      <HttpConnectionHttpMethod>GET</HttpConnectionHttpMethod>
      <HttpConnectionUserHostAddress>172.29.69.203</HttpConnectionUserHostAddress>
      <ApplicationName>BGL.CompareTheMarket.Services.QuoteService</ApplicationName>
      <JourneyJourneyType>(no set)</JourneyJourneyType>
      <JourneySourceCode>CM02</JourneySourceCode>
      <JourneyAffinityCode>CTM</JourneyAffinityCode>
      <JourneyProductCode>HH</JourneyProductCode>
      <VisitorID>(no set)</VisitorID>
      <VisitLogID>(no set)</VisitLogID>
    </ServiceContext>
  </Header>
  <Lead>
    <RiskMaster>
      <QuotePlatformID>2</QuotePlatformID>
      <RetrievedRiskHeaderID>8078010</RetrievedRiskHeaderID>
      <ClientReference>C2F000052 </ClientReference>
      <ProposerID>1</ProposerID>
      <PostalAddressID>8</PostalAddressID>
      <MarketingOptOut>
        <EmailOptOut>
          <Value>false</Value>
        </EmailOptOut>
        <PostOptOut>
          <Value>true</Value>
        </PostOptOut>
        <PhoneOptOut>
          <Value>false</Value>
        </PhoneOptOut>
        <SMSOptOut>
          <Value>true</Value>
        </SMSOptOut>
      </MarketingOptOut>
      <Persons>
        <Person>
          <ID>1</ID>
          <Title>
            <Value>DRM</Value>
            <Description>Dr - Male</Description>
            <ErrID></ErrID>
            <RecID>16</RecID>
          </Title>
          <FirstName>
            <Value>gary</Value>
          </FirstName>
          <Surname>
            <Value>qa</Value>
          </Surname>
          <DOB>
            <Value>1970-01-01T00:00:00</Value>
          </DOB>
          <Gender>
            <Value>M</Value>
            <Description></Description>
            <RecID>0</RecID>
          </Gender>
          <ContactDetails>
            <PhoneNumbers></PhoneNumbers>
            <EmailAdr>
              <Value>qa@gary.com</Value>
            </EmailAdr>
            <NoEmail>
              <Value>false</Value>
            </NoEmail>
          </ContactDetails>
          <MaritalStatus>
            <Value>M</Value>
            <Description>Married</Description>
            <ErrID></ErrID>
            <RecID>8</RecID>
          </MaritalStatus>
          <EmploymentStatus>
            <Value>E</Value>
            <Description>Employed</Description>
            <ErrID></ErrID>
            <RecID>8</RecID>
          </EmploymentStatus>
          <PrimaryOccupation>
            <OccupationCode>
              <Value>N02</Value>
              <Description>Nurse</Description>
              <RecID>563</RecID>
            </OccupationCode>
            <BusinessCode>
              <Value>413</Value>
              <Description>Hospital</Description>
              <RecID>1348</RecID>
            </BusinessCode>
          </PrimaryOccupation>
          <Licence>
            <DateLicenceObtained>
              <Value i:nil="true"></Value>
            </DateLicenceObtained>
            <DrivingQualificationsDate>
              <Value i:nil="true"></Value>
            </DrivingQualificationsDate>
          </Licence>
          <Resident>
            <ResidentSince>
              <Value i:nil="true"></Value>
            </ResidentSince>
            <UkResidentSinceDOB>
              <Value>false</Value>
            </UkResidentSinceDOB>
          </Resident>
          <AddressAsProposer>
            <Value>true</Value>
          </AddressAsProposer>
          <HomeOwner>
            <Value>false</Value>
          </HomeOwner>
          <PassPlus>
            <Value>false</Value>
          </PassPlus>
          <HaveMotorClaim>
            <Value>false</Value>
          </HaveMotorClaim>
          <HaveMotorConviction>
            <Value>false</Value>
          </HaveMotorConviction>
          <MotorInsuranceCancelled>
            <Value>false</Value>
          </MotorInsuranceCancelled>
          <HaveNonMotorConviction>
            <Value>false</Value>
          </HaveNonMotorConviction>
          <Ghost>false</Ghost>
          <PassedCBT>
            <Value i:nil="true"></Value>
          </PassedCBT>
          <LargestCCBike>
            <Value>0</Value>
          </LargestCCBike>
        </Person>
        <Person>
          <ID>2</ID>
          <Title>
            <Value>MR</Value>
            <Description>Mr</Description>
            <ErrID></ErrID>
            <RecID>1</RecID>
          </Title>
          <FirstName>
            <Value>gary</Value>
          </FirstName>
          <Surname>
            <Value>joint</Value>
          </Surname>
          <DOB>
            <Value>1971-01-01T00:00:00</Value>
          </DOB>
          <Gender>
            <Value>M</Value>
            <Description></Description>
            <RecID>0</RecID>
          </Gender>
          <ContactDetails>
            <PhoneNumbers></PhoneNumbers>
            <EmailAdr>
              <Value i:nil="true"></Value>
            </EmailAdr>
            <NoEmail>
              <Value>false</Value>
            </NoEmail>
          </ContactDetails>
          <MaritalStatus>
            <Value>M</Value>
            <Description>Married</Description>
            <ErrID></ErrID>
            <RecID>8</RecID>
          </MaritalStatus>
          <EmploymentStatus>
            <Value>E</Value>
            <Description>Employed</Description>
            <ErrID></ErrID>
            <RecID>8</RecID>
          </EmploymentStatus>
          <PrimaryOccupation>
            <OccupationCode>
              <Value>592</Value>
              <Description>Assistant Nurse</Description>
              <RecID>1218</RecID>
            </OccupationCode>
            <BusinessCode>
              <Value>413</Value>
              <Description>Hospital</Description>
              <RecID>1348</RecID>
            </BusinessCode>
          </PrimaryOccupation>
          <Licence>
            <DateLicenceObtained>
              <Value i:nil="true"></Value>
            </DateLicenceObtained>
            <DrivingQualificationsDate>
              <Value i:nil="true"></Value>
            </DrivingQualificationsDate>
          </Licence>
          <Resident>
            <ResidentSince>
              <Value i:nil="true"></Value>
            </ResidentSince>
            <UkResidentSinceDOB>
              <Value>false</Value>
            </UkResidentSinceDOB>
          </Resident>
          <RelationshipToProposer>
            <Value>O</Value>
            <Description>Son/Daughter</Description>
            <ErrID></ErrID>
            <RecID>14</RecID>
          </RelationshipToProposer>
          <AddressAsProposer>
            <Value>false</Value>
          </AddressAsProposer>
          <HomeOwner>
            <Value>false</Value>
          </HomeOwner>
          <PassPlus>
            <Value>false</Value>
          </PassPlus>
          <HaveMotorClaim>
            <Value>false</Value>
          </HaveMotorClaim>
          <HaveMotorConviction>
            <Value>false</Value>
          </HaveMotorConviction>
          <MotorInsuranceCancelled>
            <Value>false</Value>
          </MotorInsuranceCancelled>
          <HaveNonMotorConviction>
            <Value>false</Value>
          </HaveNonMotorConviction>
          <Ghost>false</Ghost>
          <PassedCBT>
            <Value i:nil="true"></Value>
          </PassedCBT>
          <LargestCCBike>
            <Value>0</Value>
          </LargestCCBike>
        </Person>
      </Persons>
      <Addresses>
        <Address>
          <ID>7</ID>
          <AddressLine1>
            <Value>2 Duke of Edinburgh Way</Value>
          </AddressLine1>
          <AddressLine2>
            <Value>Malvern</Value>
          </AddressLine2>
          <AddressLine3>
            <Value i:nil="true"></Value>
          </AddressLine3>
          <AddressLine4>
            <Value i:nil="true"></Value>
          </AddressLine4>
          <AddressLine5>
            <Value i:nil="true"></Value>
          </AddressLine5>
          <PostCode>
            <Value>WR14 1AZ</Value>
          </PostCode>
          <DPSCode>
            <Value>1D</Value>
          </DPSCode>
          <LocationIDFK>
            <Value>128</Value>
          </LocationIDFK>
          <LocationDetails>
            <LocationID>128</LocationID>
            <Name>
              <Value></Value>
            </Name>
            <OrganisationName>
              <Value></Value>
            </OrganisationName>
            <Department>
              <Value></Value>
            </Department>
            <SubBuilding>
              <Value></Value>
            </SubBuilding>
            <Building>
              <Value></Value>
            </Building>
            <Number>
              <Value>2</Value>
            </Number>
            <DependentThoroughfare>
              <Value></Value>
            </DependentThoroughfare>
            <Thoroughfare>
              <Value>Duke of Edinburgh Way</Value>
            </Thoroughfare>
            <DoubleDependentLocality>
              <Value></Value>
            </DoubleDependentLocality>
            <DependentLocality>
              <Value></Value>
            </DependentLocality>
            <Town>
              <Value>Malvern</Value>
            </Town>
            <PostalCounty>
              <Value>Worcestershire</Value>
            </PostalCounty>
            <AbbreviatedPostalCounty>
              <Value>Worcs</Value>
            </AbbreviatedPostalCounty>
            <OptionalCounty>
              <Value>Worcestershire</Value>
            </OptionalCounty>
            <AbbreviatedOptionalCounty>
              <Value>Worcs</Value>
            </AbbreviatedOptionalCounty>
            <TraditionalCounty>
              <Value>Worcestershire</Value>
            </TraditionalCounty>
            <AdministrativeCounty>
              <Value>Worcestershire</Value>
            </AdministrativeCounty>
            <Postcode>
              <Value>WR14 1AZ</Value>
            </Postcode>
            <DPS>
              <Value>1D</Value>
            </DPS>
            <PostcodeFrom>
              <Value></Value>
            </PostcodeFrom>
            <PostcodeType>
              <Value>S</Value>
            </PostcodeType>
            <MailsortCode>
              <Value>16205</Value>
            </MailsortCode>
            <AddressType>
              <Value>1</Value>
            </AddressType>
            <AddressTypeDescription>
              <Value>Numbered</Value>
            </AddressTypeDescription>
            <Country>
              <Value>United Kingdom</Value>
            </Country>
            <CountryISO>
              <Value>GBR</Value>
            </CountryISO>
            <GridE>
              <Value>378974</Value>
            </GridE>
            <GridN>
              <Value>248333</Value>
            </GridN>
            <Latitude>
              <Value>52.1329</Value>
            </Latitude>
            <Longitude>
              <Value>-2.3086</Value>
            </Longitude>
          </LocationDetails>
        </Address>
        <Address>
          <ID>8</ID>
          <AddressLine1>
            <Value>2 Duke of Edinburgh Way</Value>
          </AddressLine1>
          <AddressLine2>
            <Value>Malvern</Value>
          </AddressLine2>
          <AddressLine3>
            <Value i:nil="true"></Value>
          </AddressLine3>
          <AddressLine4>
            <Value i:nil="true"></Value>
          </AddressLine4>
          <AddressLine5>
            <Value i:nil="true"></Value>
          </AddressLine5>
          <PostCode>
            <Value>WR14 1AZ</Value>
          </PostCode>
          <DPSCode>
            <Value>1D</Value>
          </DPSCode>
          <LocationIDFK>
            <Value>128</Value>
          </LocationIDFK>
          <LocationDetails>
            <LocationID>128</LocationID>
            <Name>
              <Value></Value>
            </Name>
            <OrganisationName>
              <Value></Value>
            </OrganisationName>
            <Department>
              <Value></Value>
            </Department>
            <SubBuilding>
              <Value></Value>
            </SubBuilding>
            <Building>
              <Value></Value>
            </Building>
            <Number>
              <Value>2</Value>
            </Number>
            <DependentThoroughfare>
              <Value></Value>
            </DependentThoroughfare>
            <Thoroughfare>
              <Value>Duke of Edinburgh Way</Value>
            </Thoroughfare>
            <DoubleDependentLocality>
              <Value></Value>
            </DoubleDependentLocality>
            <DependentLocality>
              <Value></Value>
            </DependentLocality>
            <Town>
              <Value>Malvern</Value>
            </Town>
            <PostalCounty>
              <Value>Worcestershire</Value>
            </PostalCounty>
            <AbbreviatedPostalCounty>
              <Value>Worcs</Value>
            </AbbreviatedPostalCounty>
            <OptionalCounty>
              <Value>Worcestershire</Value>
            </OptionalCounty>
            <AbbreviatedOptionalCounty>
              <Value>Worcs</Value>
            </AbbreviatedOptionalCounty>
            <TraditionalCounty>
              <Value>Worcestershire</Value>
            </TraditionalCounty>
            <AdministrativeCounty>
              <Value>Worcestershire</Value>
            </AdministrativeCounty>
            <Postcode>
              <Value>WR14 1AZ</Value>
            </Postcode>
            <DPS>
              <Value>1D</Value>
            </DPS>
            <PostcodeFrom>
              <Value></Value>
            </PostcodeFrom>
            <PostcodeType>
              <Value>S</Value>
            </PostcodeType>
            <MailsortCode>
              <Value>16205</Value>
            </MailsortCode>
            <AddressType>
              <Value>1</Value>
            </AddressType>
            <AddressTypeDescription>
              <Value>Numbered</Value>
            </AddressTypeDescription>
            <Country>
              <Value>United Kingdom</Value>
            </Country>
            <CountryISO>
              <Value>GBR</Value>
            </CountryISO>
            <GridE>
              <Value>378974</Value>
            </GridE>
            <GridN>
              <Value>248333</Value>
            </GridN>
            <Latitude>
              <Value>52.1329</Value>
            </Latitude>
            <Longitude>
              <Value>-2.3086</Value>
            </Longitude>
          </LocationDetails>
        </Address>
      </Addresses>
      <Products>
        <PropertyRisk>
          <Version>2.100</Version>
          <ID>0</ID>
          <PropertyDetail>
            <ID>0</ID>
            <AddressID>
              <Value>7</Value>
            </AddressID>
            <OwnerStatus>
              <Value>03</Value>
              <Description>Mortgaged/Owned - Not rented out</Description>
              <RecID>1</RecID>
            </OwnerStatus>
            <Occupancy>
              <Value>PH</Value>
              <Description>Permanent main residence</Description>
              <ErrID></ErrID>
              <RecID>1</RecID>
            </Occupancy>
            <Residents>
              <Value>Y</Value>
              <Description>All family members</Description>
              <RecID>1</RecID>
            </Residents>
            <NumberOfNonFamilyMembers>
              <Value>0</Value>
            </NumberOfNonFamilyMembers>
            <TypeOfProperty>
              <Value>19</Value>
              <Description>Mid Terraced House</Description>
              <RecID>1</RecID>
            </TypeOfProperty>
            <NumberOfBedrooms>
              <Value>1</Value>
              <Description>One</Description>
              <RecID>2</RecID>
            </NumberOfBedrooms>
            <NumberOfRooms>
              <Value>2</Value>
              <Description>Two</Description>
              <RecID>3</RecID>
            </NumberOfRooms>
            <ListBuilding>
              <Value>3</Value>
              <Description>Not Listed</Description>
              <ErrID></ErrID>
              <RecID>1</RecID>
            </ListBuilding>
            <TypeOfUse>
              <Value>N</Value>
              <Description>No business or professional use</Description>
              <ErrID></ErrID>
              <RecID>4</RecID>
            </TypeOfUse>
            <YearBuilt>
              <Value>1950</Value>
            </YearBuilt>
            <TypeOfWall>
              <Value>02a</Value>
              <Description>Brick</Description>
              <RecID>13</RecID>
            </TypeOfWall>
            <RoofDetails>
              <RoofConstruction>
                <Value>15a</Value>
                <Description>Tile</Description>
                <RecID>12</RecID>
              </RoofConstruction>
              <MoreThanHalfRoofFlat>
                <Value>false</Value>
              </MoreThanHalfRoofFlat>
              <YearRecovered>
                <Value>0</Value>
              </YearRecovered>
              <Recovered10Years>
                <Value>false</Value>
              </Recovered10Years>
            </RoofDetails>
            <Water400m>
              <Value>false</Value>
            </Water400m>
            <OperationalSmokeDetectors>
              <Value>true</Value>
            </OperationalSmokeDetectors>
            <GoodStateOfRepair>
              <Value>true</Value>
            </GoodStateOfRepair>
            <Unoccupied45DaysPlus>
              <Value>false</Value>
            </Unoccupied45DaysPlus>
            <DaysConsecutivelyUnoccupied>
              <Value>0</Value>
            </DaysConsecutivelyUnoccupied>
          </PropertyDetail>
          <PropertyRiskDetail>
            <AnyClaims>
              <Value>true</Value>
            </AnyClaims>
            <AnyConvictions>
              <Value>false</Value>
            </AnyConvictions>
            <Bankruptcy>
              <Value>false</Value>
            </Bankruptcy>
            <RefusedInsurance>
              <Value>false</Value>
            </RefusedInsurance>
            <PropertyClaims>
              <PropertyClaim>
                <ID>1</ID>
                <IncidentCause>
                  <Value>01</Value>
                  <Description>Accident</Description>
                  <RecID>1</RecID>
                </IncidentCause>
                <IncidentDate>
                  <Value>2012-01-01T00:00:00</Value>
                </IncidentDate>
                <IncidentType>
                  <Value>06</Value>
                  <Description>Both Contents and Buildings items</Description>
                  <RecID>5</RecID>
                </IncidentType>
                <AnyDamage>
                  <Value>true</Value>
                </AnyDamage>
                <IncidentValue>
                  <Value>1000</Value>
                </IncidentValue>
                <ThisAddress>
                  <Value>true</Value>
                </ThisAddress>
              </PropertyClaim>
            </PropertyClaims>
            <LockDetails>
              <MainDoor>
                <Value>01</Value>
                <Description>Key to lock outside. Unlock/pull down lever to enter</Description>
                <RecID>1</RecID>
              </MainDoor>
              <SlidingDoor>
                <Value>06</Value>
                <Description>No sliding doors or french windows</Description>
                <RecID>1</RecID>
              </SlidingDoor>
              <ExternalDoor>
                <Value>06</Value>
                <Description>No Other External Doors</Description>
                <RecID>8</RecID>
              </ExternalDoor>
              <WindowLocks>
                <Value>true</Value>
              </WindowLocks>
            </LockDetails>
            <NeighbourhoodWatch>
              <Value>true</Value>
            </NeighbourhoodWatch>
            <Occupied9to5>
              <Value>false</Value>
            </Occupied9to5>
            <SelfContained>
              <Value>false</Value>
            </SelfContained>
            <SafeFitted>
              <Value>false</Value>
            </SafeFitted>
            <BurglarAlarmDetails>
              <FittedAndUsed>
                <Value>true</Value>
              </FittedAndUsed>
              <MaintenanceContract>
                <Value>false</Value>
              </MaintenanceContract>
              <Approved>
                <Value i:nil="true"></Value>
              </Approved>
            </BurglarAlarmDetails>
          </PropertyRiskDetail>
          <PropertyCover>
            <CommencementDate>
              <Value>2013-05-30T00:00:00</Value>
            </CommencementDate>
            <CoverType>
              <Value>BC</Value>
              <Description>Buildings &amp; Contents Cover</Description>
              <ErrID></ErrID>
              <RecID>12</RecID>
            </CoverType>
            <JointPolicyHolder>
              <Value>true</Value>
            </JointPolicyHolder>
            <JointPolicyHolderID>2</JointPolicyHolderID>
            <Buildings>
              <CoverType>
                <Value>BS</Value>
                <Description>Standard</Description>
                <ErrID></ErrID>
                <RecID>0</RecID>
              </CoverType>
              <YearsHeld>
                <Value>5</Value>
                <Description>5 years or more</Description>
                <ErrID></ErrID>
                <RecID>6</RecID>
              </YearsHeld>
              <RebuildCost>
                <Value>100000</Value>
              </RebuildCost>
              <Subsidence>
                <Value>false</Value>
              </Subsidence>
              <CrackedWalls>
                <Value>false</Value>
              </CrackedWalls>
              <Underpinning>
                <Value>false</Value>
              </Underpinning>
              <DamageOngoing>
                <Value>false</Value>
              </DamageOngoing>
              <BuildExcess>
                <Value>100</Value>
              </BuildExcess>
            </Buildings>
            <ContentsCover>
              <CoverType>
                <Value>CS</Value>
                <Description>Standard</Description>
                <ErrID></ErrID>
                <RecID>1</RecID>
              </CoverType>
              <YearHeld>
                <Value>5</Value>
                <Description>5 years or more</Description>
                <ErrID></ErrID>
                <RecID>14</RecID>
              </YearHeld>
              <ContentsCoverAmount>
                <Value>46</Value>
                <Description>50000</Description>
                <ErrID></ErrID>
                <RecID>39</RecID>
              </ContentsCoverAmount>
              <HighRiskAmount>
                <Value>91</Value>
                <Description>5000</Description>
                <ErrID></ErrID>
                <RecID>91</RecID>
              </HighRiskAmount>
              <SingleItemCover>
                <Value>1</Value>
                <Description>1500</Description>
                <ErrID></ErrID>
                <RecID>1</RecID>
              </SingleItemCover>
              <UnspecifiedItemCoverAmount>
                <Value>9</Value>
                <Description>6000</Description>
                <ErrID></ErrID>
                <RecID>10</RecID>
              </UnspecifiedItemCoverAmount>
              <Excess>
                <Value>100</Value>
              </Excess>
            </ContentsCover>
            <HasSpecifiedItems>
              <Value>true</Value>
            </HasSpecifiedItems>
            <SpecifiedItems>
              <SpecifiedItem>
                <ID>1</ID>
                <Code>
                  <Value>P19</Value>
                  <Description>Pearls</Description>
                  <RecID>26</RecID>
                </Code>
                <Description>
                  <Value></Value>
                  <ErrID></ErrID>
                </Description>
                <ItemValue>
                  <Value>2000</Value>
                </ItemValue>
                <Text>
                  <Value>white</Value>
                  <ErrID></ErrID>
                </Text>
              </SpecifiedItem>
            </SpecifiedItems>
            <HasBicycles>
              <Value>true</Value>
            </HasBicycles>
            <Bicycles>
              <Bicycle>
                <ID>1</ID>
                <Description>
                  <Value>trek</Value>
                </Description>
                <BicycleValue>
                  <Value>1500</Value>
                </BicycleValue>
              </Bicycle>
            </Bicycles>
            <KeyCover>
              <Value>false</Value>
            </KeyCover>
            <HomeAssistance>
              <Value>false</Value>
            </HomeAssistance>
            <PaymentProtection>
              <Value>false</Value>
            </PaymentProtection>
            <LegalProtection>
              <Value>false</Value>
            </LegalProtection>
          </PropertyCover>
        </PropertyRisk>
      </Products>
      <ModifiedFlags>
        <RiskHeader>false</RiskHeader>
        <Persons>false</Persons>
        <Addresses>false</Addresses>
        <ContactDetails>false</ContactDetails>
        <PrivateCar>false</PrivateCar>
        <PrivateCarCover>false</PrivateCarCover>
        <CommercialVehicle>false</CommercialVehicle>
        <CommercialVehicleCover>false</CommercialVehicleCover>
        <Claims>false</Claims>
        <Convictions>false</Convictions>
        <HomeCover>false</HomeCover>
        <PropertyDetails>false</PropertyDetails>
        <PropertyBuildingsCover>false</PropertyBuildingsCover>
        <PropertyContentsCover>false</PropertyContentsCover>
        <PropertyClaims>false</PropertyClaims>
        <PropertyLocks>false</PropertyLocks>
        <PropertyAdditionalDetails>false</PropertyAdditionalDetails>
        <LifeCover>false</LifeCover>
        <Bike>false</Bike>
        <BikeCover>false</BikeCover>
        <PetDetails>false</PetDetails>
        <PetMoreDetails>false</PetMoreDetails>
        <PetCover>false</PetCover>
        <PetDogSpecific>false</PetDogSpecific>
        <Vehicle>false</Vehicle>
        <VehicleDetails>false</VehicleDetails>
        <VehicleUsage>false</VehicleUsage>
        <VehicleOwnership>false</VehicleOwnership>
        <PolicyDetails>false</PolicyDetails>
        <DrivingHistory>false</DrivingHistory>
      </ModifiedFlags>
    </RiskMaster>
  </Lead>
</QuoteRequest>