﻿<?xml version="1.0" encoding="utf-8"?>
<VanQuoteRequestV1 xmlns="http://tempuri.org/VanQuoteRequestV1.xsd">
  <Policy>
    <ActualStartDate>2013-04-25</ActualStartDate>
    <CoverBreakdownRequired>0</CoverBreakdownRequired>
    <CoverLegalRequired>0</CoverLegalRequired>
    <CoverNCDProtectionRequired>0</CoverNCDProtectionRequired>
    <CoverTrailerRequired>0</CoverTrailerRequired>
    <NoClaimDiscountYears>1</NoClaimDiscountYears>
    <PortalQuoteRef>Van-VanTestXML1</PortalQuoteRef>
    <PreferredPaymentMethod>4</PreferredPaymentMethod>
    <SelectedPackage>3</SelectedPackage>
    <VoluntaryExcess>450</VoluntaryExcess>
  </Policy>
  <Van>
    <Alarm>0</Alarm>
    <AnnualMileage>17001</AnnualMileage>
    <ExternalId>90310148</ExternalId>
    <InsuredValue>2501</InsuredValue>
    <IsRackingInstalled>N</IsRackingInstalled>
    <IsSignwritten>1</IsSignwritten>
    <IsBadDrivingHotlineVisible>1</IsBadDrivingHotlineVisible>
    <IsUsageHaulage>0</IsUsageHaulage>
    <IsUsageOwnGoods>1</IsUsageOwnGoods>
    <IsUsageSDLC>0</IsUsageSDLC>
    <ManufacturingYear>2006</ManufacturingYear>
    <ParkingOvernightPostCode>PE29 3RT</ParkingOvernightPostCode>
    <ParkingOvernightTypeId>3</ParkingOvernightTypeId>
    <PurchasedDate>2011-09-01</PurchasedDate>
    <PurchasedNotYet>0</PurchasedNotYet>
    <RegistrationNumber>HK56EUJ</RegistrationNumber>
    <SeatsSelected>2</SeatsSelected>
  </Van>
  <Proposer>
    <Person>
      <TitleId>4</TitleId>
      <FirstName>Test</FirstName>
      <LastName>Robin</LastName>
      <BirthDate>1958-01-15</BirthDate>
      <LicenceType>1</LicenceType>
      <LicenceNumberYear>1</LicenceNumberYear>
      <MaritalStatus>2</MaritalStatus>
      <MedicalConditions>0</MedicalConditions>
      <ProfessionNameId>8</ProfessionNameId>
      <BusinessTypeNameId></BusinessTypeNameId>
      <YearsInCountry>999</YearsInCountry>
      <Claims>
        <Claim>
          <LossDate>2011</LossDate>
          <LossTypeId>SY1</LossTypeId>
          <InvolvedPersonalInjury>0</InvolvedPersonalInjury>
          <MadeUnderThisPolicy>1</MadeUnderThisPolicy>
        </Claim>
      </Claims>
    </Person>
    <Address>
      <HouseNumber>1</HouseNumber>
      <Street>2 Temple Place</Street>
      <Street2>Huntingdon</Street2>
      <Street3 />
      <Street4 />
      <Street5 />
      <PostCode>PE29 3RT</PostCode>
    </Address>
    <EMail>Robin@emailreaction.org</EMail>
    <PhoneNumberHome />
    <PhoneNumberMobile />
    <CompanyName>CompareTheMarket</CompanyName>
    <CompanyStatusId>1</CompanyStatusId>
    <IsPublicLiabilityCovered>1</IsPublicLiabilityCovered>
    <IsTradeBodyMember>1</IsTradeBodyMember>
    <MotoringOrganisation>1</MotoringOrganisation>
    <TradingStartYear>2008</TradingStartYear>
  </Proposer>
  <AdditionalDrivers>
    <AdditionalDriver>
      <Person>
        <TitleId>1</TitleId>
        <FirstName>Test</FirstName>
        <LastName>AddOne</LastName>
        <BirthDate>1956-08-03</BirthDate>
        <LicenceType>1</LicenceType>
        <LicenceNumberYear>11</LicenceNumberYear>
        <MaritalStatus>2</MaritalStatus>
        <MedicalConditions>0</MedicalConditions>
        <ProfessionNameId>9</ProfessionNameId>
        <BusinessTypeNameId></BusinessTypeNameId>
        <Relationship>0</Relationship>
        <YearsInCountry>999</YearsInCountry>
      </Person>
    </AdditionalDriver>
  </AdditionalDrivers>
</VanQuoteRequestV1>