﻿<?xml version="1.0" encoding="utf-8"?>
<QuoteResult xmlns="http://BGL.CompareTheMarket.Services.DistributorService.DataContracts" xmlns:soap="http://schemas.xmlsoap.org/soap/envelope/" xmlns:xsi="http://www.w3.org/2001/XMLSchema-instance" xmlns:xsd="http://www.w3.org/2001/XMLSchema" xmlns:axa="http://tempuri.org/VanQuoteReplyV1.xsd">
  <Header>
    <ResultStatus>ERROR</ResultStatus>
    <PartnerRef>B26EF5C3B9E34CA9814F74F6E70D1DDE,0,1</PartnerRef>
  </Header>
  <Quotes>
    <Quote>
      <Broker>AXA3</Broker>
      <InsurerName>AxaVan</InsurerName>
      <Premium>
        <AnnualPremium>0</AnnualPremium>
      </Premium>
    </Quote>
  </Quotes>
  <Messages>
    <Logs>
      <Log>
        <Code>ReqRecvd</Code>
        <LogDateTime>2013-04-23T10:52:30.53171</LogDateTime>
      </Log>
      <Log>
        <Code>ReqQueued</Code>
        <LogDateTime>2013-04-23T10:52:30.54731</LogDateTime>
      </Log>
      <Log>
        <Code>OutProcStart</Code>
        <LogDateTime>2013-04-23T10:52:30.89051</LogDateTime>
      </Log>
      <Log>
        <Code>ProviderStart</Code>
        <LogDateTime>2013-04-23T10:52:30.90611</LogDateTime>
      </Log>
      <Log>
        <Code>ProviderEnd</Code>
        <LogDateTime>2013-04-23T10:52:32.48172</LogDateTime>
      </Log>
      <Log>
        <Code>InProcStart</Code>
        <LogDateTime>2013-04-23T10:52:32.48172</LogDateTime>
      </Log>
    </Logs>
  </Messages>
</QuoteResult>