﻿<?xml version="1.0" encoding="utf-8"?><QuoteResult Version="" xmlns="http://BGL.CompareTheMarket.Services.DistributorService.DataContracts" xmlns:rq="http://insure-systems.co.uk/Schema/QuoteRequest/1-0" xmlns:wcfreq="http://comparethemarket.co.uk/RiskServices/2009/V1/" xmlns:req="urn:comparethemarket:quoteservice:data:2009:v1" xmlns:risk="http://comparethemarket.co.uk/RiskServices/2009/V1/" xmlns:params="http://BGL.CompareTheMarket.Services.DistributorService.DataContracts" xmlns:rew="http://schemas.datacontract.org/2004/07/BGL.CompareTheMarket.Services.LibClientDistributorCore"><Header><ResultStatus>FILTERED</ResultStatus><PartnerRef>0F4939810D0E4936B98B22C753C26D58,0,5</PartnerRef><ServerName>PBO-CTMWEBUAT01</ServerName></Header><Quotes><Quote id="1"><Broker>MPE2</Broker><InsurerName /><Premium><AnnualPremium>0</AnnualPremium></Premium><Excesses /></Quote></Quotes><Messages><GeneralMessages><Message><MessageNo /><MessageField /><MessageText>RequestFilterOutProviderRules: The request was filtered out by the OutgoingTransform specified for provider More Than Pet (product Pet_CTM) for the following reason.
DECLINE - Breed</MessageText></Message></GeneralMessages><Logs><Log><Code>ReqRecvd</Code><LogDateTime>2013-06-17T10:01:23.83846</LogDateTime></Log><Log><Code>ReqQueued</Code><LogDateTime>2013-06-17T10:01:23.85406</LogDateTime></Log><Log><Code>OutProcStart</Code><LogDateTime>2013-06-17T10:01:24.08806</LogDateTime></Log></Logs></Messages></QuoteResult>