﻿<?xml version="1.0" encoding="utf-8"?><QuoteResult Version="" xmlns="http://BGL.CompareTheMarket.Services.DistributorService.DataContracts" xmlns:rq="http://insure-systems.co.uk/Schema/QuoteRequest/1-0" xmlns:wcfreq="http://comparethemarket.co.uk/RiskServices/2009/V1/" xmlns:req="urn:comparethemarket:quoteservice:data:2009:v1" xmlns:risk="http://comparethemarket.co.uk/RiskServices/2009/V1/" xmlns:params="http://BGL.CompareTheMarket.Services.DistributorService.DataContracts" xmlns:rew="http://schemas.datacontract.org/2004/07/BGL.CompareTheMarket.Services.LibClientDistributorCore"><Header><ResultStatus>ERROR</ResultStatus><PartnerRef>230C944A8269412B833B4CB38BE38D48,0,2</PartnerRef><ServerName>PBO-CTMWEBUAT01</ServerName></Header><Quotes><Quote id="1"><Broker>MPE1</Broker><InsurerName /><Premium><AnnualPremium>0</AnnualPremium></Premium><Excesses /></Quote></Quotes><Messages><GeneralMessages><Message><MessageNo /><MessageField /><MessageText>A response received from the provider's web service was invalid or unexpected: The service returned a SOAP fault message (fault code: SOAP-ENV:Server; fault string: EX006).</MessageText></Message></GeneralMessages><Logs><Log><Code>ReqRecvd</Code><LogDateTime>2013-06-13T11:42:15.21759</LogDateTime></Log><Log><Code>ReqQueued</Code><LogDateTime>2013-06-13T11:42:15.23319</LogDateTime></Log><Log><Code>OutProcStart</Code><LogDateTime>2013-06-13T11:42:15.38919</LogDateTime></Log><Log><Code>ProviderStart</Code><LogDateTime>2013-06-13T11:42:15.40479</LogDateTime></Log><Log><Code>ProviderEnd</Code><LogDateTime>2013-06-13T11:42:42.67364</LogDateTime></Log></Logs></Messages></QuoteResult>