<QuoteRequest xmlns="http://comparethemarket.co.uk/RiskServices/2009/V1/" xmlns:i="http://www.w3.org/2001/XMLSchema-instance">
  <Header>
    <Sender>
      <ProductClass>LC</ProductClass>
      <SourceCode>CM02</SourceCode>
      <PartnerRef>BF16BA996018461EB701C85409AA743F,0,3</PartnerRef>
      <RepeatQuote>C2U140342</RepeatQuote>
      <AffinityCode>CTM</AffinityCode>
    </Sender>
    <ServiceContext>
      <Server>PBO-CTMAPPQA01</Server>
      <Path>/PrivateCar/Quote/Services/WCFQuoteService.svc/UpdateCoverOptions</Path>
      <PathUrl>http://pbo-ctmwebqa01.uat.local/PrivateCar/Quote/Services/WCFQuoteService.svc/UpdateCoverOptions</PathUrl>
      <PathPhysical>D:\CTM\CTMWeb\CurrentVersion\</PathPhysical>
      <QueryString>(no set)</QueryString>
      <ClientOS>WinNT</ClientOS>
      <ClientBrowser>IE</ClientBrowser>
      <ClientVersion>7.0</ClientVersion>
      <ClientJScriptVersion>5.7</ClientJScriptVersion>
      <ClientEcmaScriptVersion>3.0</ClientEcmaScriptVersion>
      <SessionSessionGuid>(no set)</SessionSessionGuid>
      <SessionTransactionID>BF16BA996018461EB701C85409AA743F</SessionTransactionID>
      <CurrentExecutingRequestGuid>2cb6c10a-1e31-4cc9-8366-10438925c13a</CurrentExecutingRequestGuid>
      <HttpConnectionConnection>Keep-Alive</HttpConnectionConnection>
      <HttpConnectionAccept>application/json, text/javascript, */*; q=0.01</HttpConnectionAccept>
      <HttpConnectionAcceptLanguage>en-gb</HttpConnectionAcceptLanguage>
      <HttpConnectionHost>pbo-ctmwebqa01.uat.local</HttpConnectionHost>
      <HttpConnectionReferrer>http://pbo-ctmwebqa01.uat.local/PrivateCar/Motor/PricePage.aspx</HttpConnectionReferrer>
      <HttpConnectionContentType>application/json; charset=utf-8</HttpConnectionContentType>
      <HttpConnectionHttpMethod>POST</HttpConnectionHttpMethod>
      <HttpConnectionUserHostAddress>172.29.69.203</HttpConnectionUserHostAddress>
      <ApplicationName>BGL.CompareTheMarket.Services.QuoteService</ApplicationName>
      <JourneyJourneyType>(no set)</JourneyJourneyType>
      <JourneySourceCode>CM02</JourneySourceCode>
      <JourneyAffinityCode>CTM</JourneyAffinityCode>
      <JourneyProductCode>LC</JourneyProductCode>
      <VisitorID>(no set)</VisitorID>
      <VisitLogID>(no set)</VisitLogID>
    </ServiceContext>
  </Header>
  <Lead>
    <RiskMaster>
      <QuotePlatformID>5</QuotePlatformID>
      <RetrievedRiskHeaderID>8045146</RetrievedRiskHeaderID>
      <ClientReference>C2U140342 </ClientReference>
      <ProposerID>1</ProposerID>
      <PostalAddressID>1</PostalAddressID>
      <MarketingOptOut>
        <EmailOptOut>
          <Value>true</Value>
        </EmailOptOut>
        <PostOptOut>
          <Value>true</Value>
        </PostOptOut>
        <PhoneOptOut>
          <Value>true</Value>
        </PhoneOptOut>
        <SMSOptOut>
          <Value>true</Value>
        </SMSOptOut>
      </MarketingOptOut>
      <Persons>
        <Person>
          <ID>1</ID>
          <Title>
            <Value>MRS</Value>
            <Description>Mrs</Description>
            <ErrID></ErrID>
            <RecID>2</RecID>
          </Title>
          <FirstName>
            <Value>Test</Value>
          </FirstName>
          <Surname>
            <Value>Tim</Value>
          </Surname>
          <DOB>
            <Value>1957-01-15T00:00:00</Value>
          </DOB>
          <Gender>
            <Value>F</Value>
            <Description></Description>
            <RecID>0</RecID>
          </Gender>
          <ContactDetails>
            <PhoneNumbers></PhoneNumbers>
            <EmailAdr>
              <Value>Tim@emailreaction.org</Value>
            </EmailAdr>
            <NoEmail>
              <Value>false</Value>
            </NoEmail>
          </ContactDetails>
          <MaritalStatus>
            <Value>W</Value>
            <Description>Widowed/Surviving Civil Partner</Description>
            <ErrID></ErrID>
            <RecID>14</RecID>
          </MaritalStatus>
          <EmploymentStatus>
            <Value>E</Value>
            <Description>Employed</Description>
            <ErrID></ErrID>
            <RecID>8</RecID>
          </EmploymentStatus>
          <PrimaryOccupation>
            <OccupationCode>
              <Value>066</Value>
              <Description>Chicken Sexer</Description>
              <RecID>1666</RecID>
            </OccupationCode>
            <BusinessCode>
              <Value>054</Value>
              <Description>Farming</Description>
              <RecID>992</RecID>
            </BusinessCode>
          </PrimaryOccupation>
          <Licence>
            <TypeOfLicence>
              <Value>F</Value>
              <Description>Full UK Car Licence</Description>
              <ErrID></ErrID>
              <RecID>6</RecID>
            </TypeOfLicence>
            <LicenceHeldYears>
              <Value>2</Value>
              <Description>Between 2 and 3 Years</Description>
              <RecID>29</RecID>
            </LicenceHeldYears>
            <DateLicenceObtained>
              <Value>2011-03-01T00:00:00</Value>
            </DateLicenceObtained>
            <DrivingQualifications>
              <Value>DQN</Value>
              <Description>No</Description>
              <RecID>1</RecID>
            </DrivingQualifications>
            <DrivingQualificationsDate>
              <Value i:nil="true"></Value>
            </DrivingQualificationsDate>
          </Licence>
          <Resident>
            <ResidentSince>
              <Value i:nil="true"></Value>
            </ResidentSince>
            <UkResidentSinceDOB>
              <Value>true</Value>
            </UkResidentSinceDOB>
          </Resident>
          <UseOtherVehicles>
            <Value>UVE</Value>
            <Description>Have use of another car</Description>
            <RecID>3</RecID>
          </UseOtherVehicles>
          <AddressAsProposer>
            <Value>true</Value>
          </AddressAsProposer>
          <HomeOwner>
            <Value>true</Value>
          </HomeOwner>
          <PassPlus>
            <Value>false</Value>
          </PassPlus>
          <HaveMotorClaim>
            <Value>true</Value>
          </HaveMotorClaim>
          <MotorClaims>
            <MotorClaim>
              <ID>1</ID>
              <IncidentDate>
                <Value>2011-07-01T00:00:00</Value>
              </IncidentDate>
              <IncidentType>
                <Value>F</Value>
                <Description>Fire Damage</Description>
                <ErrID></ErrID>
                <RecID>9</RecID>
              </IncidentType>
              <Damage>
                <Value>3</Value>
                <Description>Unknown</Description>
                <ErrID></ErrID>
                <RecID>7</RecID>
              </Damage>
              <IncidentValue>
                <Value>0.00</Value>
              </IncidentValue>
              <ClaimMade>
                <Value>true</Value>
              </ClaimMade>
              <IncidentDriver>
                <Value>-90</Value>
              </IncidentDriver>
              <Injuries>
                <Value>false</Value>
              </Injuries>
              <InsuredVehicleClaimAmount>
                <Value>0.00</Value>
              </InsuredVehicleClaimAmount>
              <ThirdPartyClaimAmount>
                <Value>0.00</Value>
              </ThirdPartyClaimAmount>
              <NCDAffected>
                <Value>false</Value>
              </NCDAffected>
            </MotorClaim>
          </MotorClaims>
          <HaveMotorConviction>
            <Value>false</Value>
          </HaveMotorConviction>
          <MotorInsuranceCancelled>
            <Value>false</Value>
          </MotorInsuranceCancelled>
          <HaveNonMotorConviction>
            <Value>false</Value>
          </HaveNonMotorConviction>
          <ChildrenUnder16>
            <Value>false</Value>
          </ChildrenUnder16>
          <Ghost>false</Ghost>
          <DVLAMedicalCondition>
            <Value>DVN</Value>
            <Description>No</Description>
            <RecID>1</RecID>
          </DVLAMedicalCondition>
          <PassedCBT>
            <Value i:nil="true"></Value>
          </PassedCBT>
          <LargestCCBike>
            <Value>0</Value>
          </LargestCCBike>
        </Person>
        <Person>
          <ID>2</ID>
          <Title>
            <Value>DRF</Value>
            <Description>Dr - Female</Description>
            <ErrID></ErrID>
            <RecID>17</RecID>
          </Title>
          <FirstName>
            <Value>Test</Value>
          </FirstName>
          <Surname>
            <Value>AddOne</Value>
          </Surname>
          <DOB>
            <Value>1955-08-01T00:00:00</Value>
          </DOB>
          <Gender>
            <Value>F</Value>
            <Description></Description>
            <RecID>0</RecID>
          </Gender>
          <ContactDetails>
            <PhoneNumbers></PhoneNumbers>
            <EmailAdr>
              <Value i:nil="true"></Value>
            </EmailAdr>
            <NoEmail>
              <Value>false</Value>
            </NoEmail>
          </ContactDetails>
          <MaritalStatus>
            <Value>W</Value>
            <Description>Widowed/Surviving Civil Partner</Description>
            <ErrID></ErrID>
            <RecID>14</RecID>
          </MaritalStatus>
          <EmploymentStatus>
            <Value>E</Value>
            <Description>Employed</Description>
            <ErrID></ErrID>
            <RecID>8</RecID>
          </EmploymentStatus>
          <PrimaryOccupation>
            <OccupationCode>
              <Value>392</Value>
              <Description>Aircraft Buyer</Description>
              <RecID>1021</RecID>
            </OccupationCode>
            <BusinessCode>
              <Value>203</Value>
              <Description>Airline</Description>
              <RecID>1138</RecID>
            </BusinessCode>
          </PrimaryOccupation>
          <Licence>
            <TypeOfLicence>
              <Value>F</Value>
              <Description>Full UK Car Licence</Description>
              <ErrID></ErrID>
              <RecID>6</RecID>
            </TypeOfLicence>
            <LicenceHeldYears>
              <Value>9</Value>
              <Description>9 Years</Description>
              <RecID>35</RecID>
            </LicenceHeldYears>
            <DateLicenceObtained>
              <Value i:nil="true"></Value>
            </DateLicenceObtained>
            <DrivingQualifications>
              <Value>DQN</Value>
              <Description>No</Description>
              <RecID>1</RecID>
            </DrivingQualifications>
            <DrivingQualificationsDate>
              <Value i:nil="true"></Value>
            </DrivingQualificationsDate>
          </Licence>
          <Resident>
            <ResidentSince>
              <Value i:nil="true"></Value>
            </ResidentSince>
            <UkResidentSinceDOB>
              <Value>true</Value>
            </UkResidentSinceDOB>
          </Resident>
          <UseOtherVehicles>
            <Value>1VE</Value>
            <Description>Own another car or van</Description>
            <RecID>2</RecID>
          </UseOtherVehicles>
          <RelationshipToProposer>
            <Value>E</Value>
            <Description>Employee</Description>
            <ErrID></ErrID>
            <RecID>17</RecID>
          </RelationshipToProposer>
          <AddressAsProposer>
            <Value>false</Value>
          </AddressAsProposer>
          <HomeOwner>
            <Value>false</Value>
          </HomeOwner>
          <PassPlus>
            <Value>false</Value>
          </PassPlus>
          <HaveMotorClaim>
            <Value>false</Value>
          </HaveMotorClaim>
          <HaveMotorConviction>
            <Value>false</Value>
          </HaveMotorConviction>
          <MotorInsuranceCancelled>
            <Value>false</Value>
          </MotorInsuranceCancelled>
          <HaveNonMotorConviction>
            <Value>false</Value>
          </HaveNonMotorConviction>
          <Ghost>false</Ghost>
          <DVLAMedicalCondition>
            <Value>DVN</Value>
            <Description>No</Description>
            <RecID>1</RecID>
          </DVLAMedicalCondition>
          <PassedCBT>
            <Value i:nil="true"></Value>
          </PassedCBT>
          <LargestCCBike>
            <Value>0</Value>
          </LargestCCBike>
        </Person>
      </Persons>
      <Addresses>
        <Address>
          <ID>1</ID>
          <AddressLine1>
            <Value>20 Fossway</Value>
          </AddressLine1>
          <AddressLine2>
            <Value>York</Value>
          </AddressLine2>
          <AddressLine3>
            <Value i:nil="true"></Value>
          </AddressLine3>
          <AddressLine4>
            <Value i:nil="true"></Value>
          </AddressLine4>
          <AddressLine5>
            <Value i:nil="true"></Value>
          </AddressLine5>
          <PostCode>
            <Value>YO31 8SG</Value>
          </PostCode>
          <DPSCode>
            <Value>1A</Value>
          </DPSCode>
          <LocationIDFK>
            <Value>159</Value>
          </LocationIDFK>
          <LocationDetails>
            <LocationID>159</LocationID>
            <Name>
              <Value></Value>
            </Name>
            <OrganisationName>
              <Value></Value>
            </OrganisationName>
            <Department>
              <Value></Value>
            </Department>
            <SubBuilding>
              <Value></Value>
            </SubBuilding>
            <Building>
              <Value></Value>
            </Building>
            <Number>
              <Value>20</Value>
            </Number>
            <DependentThoroughfare>
              <Value></Value>
            </DependentThoroughfare>
            <Thoroughfare>
              <Value>Fossway</Value>
            </Thoroughfare>
            <DoubleDependentLocality>
              <Value></Value>
            </DoubleDependentLocality>
            <DependentLocality>
              <Value></Value>
            </DependentLocality>
            <Town>
              <Value>York</Value>
            </Town>
            <PostalCounty>
              <Value></Value>
            </PostalCounty>
            <AbbreviatedPostalCounty>
              <Value></Value>
            </AbbreviatedPostalCounty>
            <OptionalCounty>
              <Value>North Yorkshire</Value>
            </OptionalCounty>
            <AbbreviatedOptionalCounty>
              <Value>N Yorkshire</Value>
            </AbbreviatedOptionalCounty>
            <TraditionalCounty>
              <Value>Yorkshire</Value>
            </TraditionalCounty>
            <AdministrativeCounty>
              <Value>York</Value>
            </AdministrativeCounty>
            <Postcode>
              <Value>YO31 8SG</Value>
            </Postcode>
            <DPS>
              <Value>1A</Value>
            </DPS>
            <PostcodeFrom>
              <Value></Value>
            </PostcodeFrom>
            <PostcodeType>
              <Value>S</Value>
            </PostcodeType>
            <MailsortCode>
              <Value>13429</Value>
            </MailsortCode>
            <AddressType>
              <Value>1</Value>
            </AddressType>
            <AddressTypeDescription>
              <Value>Numbered</Value>
            </AddressTypeDescription>
            <Country>
              <Value>United Kingdom</Value>
            </Country>
            <CountryISO>
              <Value>GBR</Value>
            </CountryISO>
            <GridE>
              <Value>461071</Value>
            </GridE>
            <GridN>
              <Value>453379</Value>
            </GridN>
            <Latitude>
              <Value>53.9729</Value>
            </Latitude>
            <Longitude>
              <Value>-1.0704</Value>
            </Longitude>
          </LocationDetails>
        </Address>
      </Addresses>
      <Products>
        <CommercialVehicleRisk>
          <Version>4.000</Version>
          <ID>0</ID>
          <Cover>
            <CommencementDate>
              <Value>2013-04-24T00:00:00</Value>
            </CommencementDate>
            <CoverType>
              <Value>01</Value>
              <Description>Comprehensive</Description>
              <ErrID></ErrID>
              <RecID>1</RecID>
            </CoverType>
            <ClassOfUse>
              <Value>21NY</Value>
              <Description>Carriage Of Own Goods, Not For Hire Or Reward</Description>
              <ErrID></ErrID>
              <RecID>6</RecID>
            </ClassOfUse>
            <TotalExcess>
              <Value>800</Value>
            </TotalExcess>
            <Ncd>
              <NcdYears>
                <Value>2</Value>
                <Description>2 Years</Description>
                <ErrID></ErrID>
                <RecID>34</RecID>
              </NcdYears>
              <NcdSource>
                <Value>1</Value>
                <Description>With this vehicle or a previous vehicle</Description>
                <ErrID></ErrID>
                <RecID>5</RecID>
              </NcdSource>
              <NcdProtected>
                <Value>false</Value>
              </NcdProtected>
              <ProtectedNcdOtherVehicle>
                <Value i:nil="true"></Value>
              </ProtectedNcdOtherVehicle>
            </Ncd>
            <LegalProtection>
              <Value>false</Value>
            </LegalProtection>
            <VehicleBreakdown>
              <Value>false</Value>
            </VehicleBreakdown>
            <PaymentProtection>
              <Value>false</Value>
            </PaymentProtection>
            <Drivers>
              <Driver>
                <id>1</id>
                <DriverType>1</DriverType>
              </Driver>
              <Driver>
                <id>2</id>
                <DriverType>2</DriverType>
              </Driver>
            </Drivers>
            <InsurancePaymentMethod>
              <Value>M</Value>
              <Description>Monthly</Description>
              <RecID>1</RecID>
            </InsurancePaymentMethod>
            <PillionPassenger>
              <Value i:nil="true"></Value>
            </PillionPassenger>
            <PreviousQuote>
              <Value i:nil="true"></Value>
            </PreviousQuote>
            <DangerousGoods>
              <Value>false</Value>
            </DangerousGoods>
            <EstablishedYears>
              <Value>5</Value>
            </EstablishedYears>
            <PublicLiabilityPolicy>
              <Value>true</Value>
            </PublicLiabilityPolicy>
            <CompanyType>
              <Value>CTS</Value>
              <Description>Sole Trader</Description>
              <RecID>1</RecID>
            </CompanyType>
            <TradeOrganisation>
              <Value>TOFP</Value>
              <Description>FPDC</Description>
              <RecID>5</RecID>
            </TradeOrganisation>
          </Cover>
          <Vehicle>
            <ID>0</ID>
            <AdditionalDetails>
              <ABICode>90309467</ABICode>
              <Make>Renault</Make>
              <Model>Master</Model>
              <Doors i:nil="true"></Doors>
              <Seats>3</Seats>
              <EngineSize>2463</EngineSize>
              <Body>
                <Desc>SALOON</Desc>
                <Code>NA</Code>
              </Body>
              <LCBody>
                <Desc>TIPPER</Desc>
                <Code>NA</Code>
              </LCBody>
              <Fuel>
                <Desc>Diesel</Desc>
                <Code>NA</Code>
              </Fuel>
              <Transmission>
                <Desc>Manual</Desc>
                <Code>NA</Code>
              </Transmission>
              <Weight>3500</Weight>
            </AdditionalDetails>
            <VehicleCode>
              <Value>90309467</Value>
            </VehicleCode>
            <Description>
              <Value>2004 Renault Master CCML35 Dci (120) C/cab, 2463CC Diesel, Manual, Tipper</Value>
            </Description>
            <RegYear>
              <Value>2004</Value>
              <Description>2004 (53, 04, 54)</Description>
              <ErrID></ErrID>
              <RecID>184</RecID>
            </RegYear>
            <RegLetter>
              <Value>54</Value>
              <Description>2004 (53, 04, 54)</Description>
              <ErrID></ErrID>
              <RecID>184</RecID>
            </RegLetter>
            <RegNumber>
              <Value>WJ54FNE</Value>
            </RegNumber>
            <Seats>
              <Value>3</Value>
              <Description></Description>
              <ErrID></ErrID>
              <RecID>3</RecID>
            </Seats>
            <LHD>
              <Value>false</Value>
            </LHD>
            <SecurityCode>
              <Value>99991</Value>
              <Description>Factory Fitted Thatcham Approved Alarm/Immobiliser</Description>
              <ErrID></ErrID>
              <RecID>1350</RecID>
            </SecurityCode>
            <Tracker>
              <Value>false</Value>
            </Tracker>
            <VehiclePurchased>
              <Value>true</Value>
            </VehiclePurchased>
            <PurchaseDate>
              <Value>2011-08-01T00:00:00</Value>
            </PurchaseDate>
            <OvernightParking>
              <Value>4</Value>
              <Description>Drive</Description>
              <ErrID></ErrID>
              <RecID>10</RecID>
            </OvernightParking>
            <WhereKeptAddress>
              <Value>1</Value>
            </WhereKeptAddress>
            <AnnualMileage>
              <Value>11001</Value>
            </AnnualMileage>
            <BusinessMileage>
              <Value>5000</Value>
            </BusinessMileage>
            <RegisteredKeeper>
              <OwnerKeeperType>
                <Value>P</Value>
                <Description>Person</Description>
                <ErrID></ErrID>
                <RecID>5</RecID>
              </OwnerKeeperType>
              <OwnerKeeperID>
                <Value>1</Value>
              </OwnerKeeperID>
              <OwnerKeeperName>
                <Value>Mrs Test Tim</Value>
              </OwnerKeeperName>
            </RegisteredKeeper>
            <LegalOwner>
              <OwnerKeeperType>
                <Value>P</Value>
                <Description>Person</Description>
                <ErrID></ErrID>
                <RecID>5</RecID>
              </OwnerKeeperType>
              <OwnerKeeperID>
                <Value>1</Value>
              </OwnerKeeperID>
              <OwnerKeeperName>
                <Value>Mrs Test Tim</Value>
              </OwnerKeeperName>
            </LegalOwner>
            <VehicleInsValue>
              <Value>4001</Value>
            </VehicleInsValue>
            <CustomerEstimatedValue>
              <Value>true</Value>
            </CustomerEstimatedValue>
            <VehicleInsGroup>
              <Value>14</Value>
            </VehicleInsGroup>
            <ValuationType>
              <Value i:nil="true"></Value>
            </ValuationType>
            <VehicleImported>
              <Value>false</Value>
            </VehicleImported>
            <BodyType>
              <Value>H</Value>
              <Description>Van</Description>
              <ErrID></ErrID>
              <RecID>11</RecID>
            </BodyType>
            <CarrySineage>
              <Value>CSFB</Value>
              <Description>Front and back</Description>
              <RecID>5</RecID>
            </CarrySineage>
            <BadDriverHotline>
              <Value>true</Value>
            </BadDriverHotline>
            <GrossWeight>
              <Value>0.0</Value>
            </GrossWeight>
          </Vehicle>
        </CommercialVehicleRisk>
      </Products>
      <ModifiedFlags>
        <RiskHeader>false</RiskHeader>
        <Persons>false</Persons>
        <Addresses>false</Addresses>
        <ContactDetails>false</ContactDetails>
        <PrivateCar>false</PrivateCar>
        <PrivateCarCover>false</PrivateCarCover>
        <CommercialVehicle>false</CommercialVehicle>
        <CommercialVehicleCover>false</CommercialVehicleCover>
        <Claims>false</Claims>
        <Convictions>false</Convictions>
        <HomeCover>false</HomeCover>
        <PropertyDetails>false</PropertyDetails>
        <PropertyBuildingsCover>false</PropertyBuildingsCover>
        <PropertyContentsCover>false</PropertyContentsCover>
        <PropertyClaims>false</PropertyClaims>
        <PropertyLocks>false</PropertyLocks>
        <PropertyAdditionalDetails>false</PropertyAdditionalDetails>
        <LifeCover>false</LifeCover>
        <Bike>false</Bike>
        <BikeCover>false</BikeCover>
        <PetDetails>false</PetDetails>
        <PetMoreDetails>false</PetMoreDetails>
        <PetCover>false</PetCover>
        <PetDogSpecific>false</PetDogSpecific>
        <Vehicle>false</Vehicle>
        <VehicleDetails>false</VehicleDetails>
        <VehicleUsage>false</VehicleUsage>
        <VehicleOwnership>false</VehicleOwnership>
        <PolicyDetails>false</PolicyDetails>
        <DrivingHistory>false</DrivingHistory>
      </ModifiedFlags>
    </RiskMaster>
  </Lead>
</QuoteRequest>