﻿<?xml version="1.0" encoding="utf-8"?>
<VanQuoteRequestV1 xmlns="http://tempuri.org/VanQuoteRequestV1.xsd">
  <Policy>
    <ActualStartDate>2013-04-24</ActualStartDate>
    <CoverBreakdownRequired>0</CoverBreakdownRequired>
    <CoverLegalRequired>0</CoverLegalRequired>
    <CoverNCDProtectionRequired>0</CoverNCDProtectionRequired>
    <CoverTrailerRequired>0</CoverTrailerRequired>
    <NoClaimDiscountYears>1</NoClaimDiscountYears>
    <PortalQuoteRef>Van-VanTestXML1</PortalQuoteRef>
    <PreferredPaymentMethod>4</PreferredPaymentMethod>
    <SelectedPackage>3</SelectedPackage>
    <VoluntaryExcess>800</VoluntaryExcess>
  </Policy>
  <Van>
    <Alarm>4</Alarm>
    <AnnualMileage>11001</AnnualMileage>
    <ExternalId>90309467</ExternalId>
    <InsuredValue>2501</InsuredValue>
    <IsRackingInstalled>N</IsRackingInstalled>
    <IsSignwritten>1</IsSignwritten>
    <IsBadDrivingHotlineVisible>1</IsBadDrivingHotlineVisible>
    <IsUsageHaulage>0</IsUsageHaulage>
    <IsUsageOwnGoods>0</IsUsageOwnGoods>
    <IsUsageSDLC>0</IsUsageSDLC>
    <ManufacturingYear>2004</ManufacturingYear>
    <ParkingOvernightPostCode>YO31 8SG</ParkingOvernightPostCode>
    <ParkingOvernightTypeId>3</ParkingOvernightTypeId>
    <PurchasedDate>2011-08-01</PurchasedDate>
    <PurchasedNotYet>0</PurchasedNotYet>
    <RegistrationNumber>WJ54FNE</RegistrationNumber>
    <SeatsSelected>3</SeatsSelected>
  </Van>
  <Proposer>
    <Person>
      <TitleId>2</TitleId>
      <FirstName>Test</FirstName>
      <LastName>Tim</LastName>
      <BirthDate>1957-01-15</BirthDate>
      <BusinessTypeNameId>100</BusinessTypeNameId>
      <LicenceType>1</LicenceType>
      <LicenceNumberYear>2</LicenceNumberYear>
      <MaritalStatus>5</MaritalStatus>
      <MedicalConditions>0</MedicalConditions>
      <ProfessionNameId>614</ProfessionNameId>
      <YearsInCountry>999</YearsInCountry>
      <Claims>
        <Claim>
          <LossDate>2011</LossDate>
          <LossTypeId>FY1</LossTypeId>
          <InvolvedPersonalInjury>0</InvolvedPersonalInjury>
          <MadeUnderThisPolicy>1</MadeUnderThisPolicy>
        </Claim>
      </Claims>
    </Person>
    <Address>
      <HouseNumber>1</HouseNumber>
      <Street>20 Fossway</Street>
      <Street2>York</Street2>
      <Street3 />
      <Street4 />
      <Street5 />
      <PostCode>YO31 8SG</PostCode>
    </Address>
    <EMail>Tim@emailreaction.org</EMail>
    <PhoneNumberHome />
    <PhoneNumberMobile />
    <CompanyName>CompareTheMarket</CompanyName>
    <CompanyStatusId>1</CompanyStatusId>
    <IsPublicLiabilityCovered>1</IsPublicLiabilityCovered>
    <IsTradeBodyMember>1</IsTradeBodyMember>
    <MotoringOrganisation>1</MotoringOrganisation>
    <TradingStartYear>2008</TradingStartYear>
  </Proposer>
  <AdditionalDrivers>
    <AdditionalDriver>
      <Person>
        <TitleId>1</TitleId>
        <FirstName>Test</FirstName>
        <LastName>AddOne</LastName>
        <BirthDate>1955-08-01</BirthDate>
        <BusinessTypeNameId>100</BusinessTypeNameId>
        <LicenceType>1</LicenceType>
        <LicenceNumberYear>9</LicenceNumberYear>
        <MaritalStatus>5</MaritalStatus>
        <MedicalConditions>0</MedicalConditions>
        <ProfessionNameId>391</ProfessionNameId>
        <Relationship>8</Relationship>
        <YearsInCountry>999</YearsInCountry>
      </Person>
    </AdditionalDriver>
  </AdditionalDrivers>
</VanQuoteRequestV1>