﻿<?xml version="1.0" encoding="utf-8"?>
<QuoteResult xmlns="http://BGL.CompareTheMarket.Services.DistributorService.DataContracts" xmlns:soap="http://schemas.xmlsoap.org/soap/envelope/" xmlns:xsi="http://www.w3.org/2001/XMLSchema-instance" xmlns:xsd="http://www.w3.org/2001/XMLSchema" xmlns:axa="http://tempuri.org/VanQuoteReplyV1.xsd">
  <Header>
    <ResultStatus>ERROR</ResultStatus>
    <PartnerRef>BF16BA996018461EB701C85409AA743F,0,3</PartnerRef>
  </Header>
  <Quotes>
    <Quote>
      <Broker>AXA3</Broker>
      <InsurerName>AxaVan</InsurerName>
      <Premium>
        <AnnualPremium>0</AnnualPremium>
      </Premium>
    </Quote>
  </Quotes>
  <Messages>
    <Logs>
      <Log>
        <Code>ReqRecvd</Code>
        <LogDateTime>2013-04-22T09:43:30.34389</LogDateTime>
      </Log>
      <Log>
        <Code>ReqQueued</Code>
        <LogDateTime>2013-04-22T09:43:30.37509</LogDateTime>
      </Log>
      <Log>
        <Code>OutProcStart</Code>
        <LogDateTime>2013-04-22T09:43:30.73389</LogDateTime>
      </Log>
      <Log>
        <Code>ProviderStart</Code>
        <LogDateTime>2013-04-22T09:43:30.74949</LogDateTime>
      </Log>
      <Log>
        <Code>ProviderEnd</Code>
        <LogDateTime>2013-04-22T09:43:31.24869</LogDateTime>
      </Log>
      <Log>
        <Code>InProcStart</Code>
        <LogDateTime>2013-04-22T09:43:31.24869</LogDateTime>
      </Log>
    </Logs>
  </Messages>
</QuoteResult>