<QuoteRequest xmlns="http://comparethemarket.co.uk/RiskServices/2009/V1/" xmlns:i="http://www.w3.org/2001/XMLSchema-instance">
  <Header>
    <Sender>
      <ProductClass>HH</ProductClass>
      <SourceCode>CM02</SourceCode>
      <PartnerRef>07FEDB7D9A72453DBFD6768F16EFF139,0,1</PartnerRef>
      <RepeatQuote>C5Q163705</RepeatQuote>
      <AffinityCode>CTM</AffinityCode>
    </Sender>
    <ServiceContext>
      <Server>PBO-CTMAPPQA01</Server>
      <Path>/PrivateCar/Quote/PricePage.aspx</Path>
      <PathUrl>http://pbo-ctmwebqa01.uat.local/PrivateCar/Quote/PricePage.aspx</PathUrl>
      <PathPhysical>D:\CTM\CTMWeb\CurrentVersion\</PathPhysical>
      <QueryString>(no set)</QueryString>
      <ClientOS>WinNT</ClientOS>
      <ClientBrowser>IE</ClientBrowser>
      <ClientVersion>7.0</ClientVersion>
      <ClientJScriptVersion>5.7</ClientJScriptVersion>
      <ClientEcmaScriptVersion>3.0</ClientEcmaScriptVersion>
      <SessionSessionGuid>(no set)</SessionSessionGuid>
      <SessionTransactionID>07FEDB7D9A72453DBFD6768F16EFF139</SessionTransactionID>
      <CurrentExecutingRequestGuid>5f2f83c2-c540-4758-8883-ae24d892e21d</CurrentExecutingRequestGuid>
      <HttpConnectionConnection>Keep-Alive</HttpConnectionConnection>
      <HttpConnectionAccept>image/jpeg, application/x-ms-application, image/gif, application/xaml+xml, image/pjpeg, application/x-ms-xbap, application/vnd.ms-excel, application/vnd.ms-powerpoint, application/msword, */*</HttpConnectionAccept>
      <HttpConnectionAcceptLanguage>en-GB</HttpConnectionAcceptLanguage>
      <HttpConnectionHost>pbo-ctmwebqa01.uat.local</HttpConnectionHost>
      <HttpConnectionReferrer>http://pbo-ctmwebqa01.uat.local/PrivateCar/Home/AdditionalDetails.aspx</HttpConnectionReferrer>
      <HttpConnectionContentType></HttpConnectionContentType>
      <HttpConnectionHttpMethod>GET</HttpConnectionHttpMethod>
      <HttpConnectionUserHostAddress>172.29.67.175</HttpConnectionUserHostAddress>
      <ApplicationName>BGL.CompareTheMarket.Services.QuoteService</ApplicationName>
      <JourneyJourneyType>(no set)</JourneyJourneyType>
      <JourneySourceCode>CM02</JourneySourceCode>
      <JourneyAffinityCode>CTM</JourneyAffinityCode>
      <JourneyProductCode>HH</JourneyProductCode>
      <VisitorID>(no set)</VisitorID>
      <VisitLogID>(no set)</VisitLogID>
    </ServiceContext>
  </Header>
  <Lead>
    <RiskMaster>
      <QuotePlatformID>2</QuotePlatformID>
      <RetrievedRiskHeaderID>8079337</RetrievedRiskHeaderID>
      <ClientReference>C5Q163705 </ClientReference>
      <ProposerID>1</ProposerID>
      <PostalAddressID>1</PostalAddressID>
      <MarketingOptOut>
        <EmailOptOut>
          <Value>true</Value>
        </EmailOptOut>
        <PostOptOut>
          <Value>true</Value>
        </PostOptOut>
        <PhoneOptOut>
          <Value>true</Value>
        </PhoneOptOut>
        <SMSOptOut>
          <Value>true</Value>
        </SMSOptOut>
      </MarketingOptOut>
      <Persons>
        <Person>
          <ID>1</ID>
          <Title>
            <Value>DRF</Value>
            <Description>Dr - Female</Description>
            <ErrID></ErrID>
            <RecID>17</RecID>
          </Title>
          <FirstName>
            <Value>Jodie</Value>
          </FirstName>
          <Surname>
            <Value>Gold</Value>
          </Surname>
          <DOB>
            <Value>1988-03-28T00:00:00</Value>
          </DOB>
          <Gender>
            <Value>F</Value>
            <Description></Description>
            <RecID>0</RecID>
          </Gender>
          <ContactDetails>
            <PhoneNumbers>
              <Phone>
                <Type>1</Type>
                <Code>
                  <Value>01010</Value>
                </Code>
                <Number>
                  <Value>101010</Value>
                </Number>
              </Phone>
            </PhoneNumbers>
            <EmailAdr>
              <Value>Jodie@EmailReaction.org</Value>
            </EmailAdr>
            <NoEmail>
              <Value>false</Value>
            </NoEmail>
          </ContactDetails>
          <MaritalStatus>
            <Value>B</Value>
            <Description>Civil Partnered</Description>
            <ErrID></ErrID>
            <RecID>15</RecID>
          </MaritalStatus>
          <EmploymentStatus>
            <Value>S</Value>
            <Description>Self-Employed</Description>
            <ErrID></ErrID>
            <RecID>10</RecID>
          </EmploymentStatus>
          <PrimaryOccupation>
            <OccupationCode>
              <Value>C99</Value>
              <Description>Liaison Officer</Description>
              <RecID>291</RecID>
            </OccupationCode>
            <BusinessCode>
              <Value>564</Value>
              <Description>Private School</Description>
              <RecID>1499</RecID>
            </BusinessCode>
          </PrimaryOccupation>
          <Licence>
            <DateLicenceObtained>
              <Value i:nil="true"></Value>
            </DateLicenceObtained>
            <DrivingQualificationsDate>
              <Value i:nil="true"></Value>
            </DrivingQualificationsDate>
          </Licence>
          <Resident>
            <ResidentSince>
              <Value i:nil="true"></Value>
            </ResidentSince>
            <UkResidentSinceDOB>
              <Value>false</Value>
            </UkResidentSinceDOB>
          </Resident>
          <AddressAsProposer>
            <Value>true</Value>
          </AddressAsProposer>
          <HomeOwner>
            <Value>false</Value>
          </HomeOwner>
          <PassPlus>
            <Value>false</Value>
          </PassPlus>
          <HaveMotorClaim>
            <Value>false</Value>
          </HaveMotorClaim>
          <HaveMotorConviction>
            <Value>false</Value>
          </HaveMotorConviction>
          <MotorInsuranceCancelled>
            <Value>false</Value>
          </MotorInsuranceCancelled>
          <HaveNonMotorConviction>
            <Value>false</Value>
          </HaveNonMotorConviction>
          <Ghost>false</Ghost>
          <PassedCBT>
            <Value i:nil="true"></Value>
          </PassedCBT>
          <LargestCCBike>
            <Value>0</Value>
          </LargestCCBike>
        </Person>
      </Persons>
      <Addresses>
        <Address>
          <ID>1</ID>
          <AddressLine1>
            <Value>12 Temple Place</Value>
          </AddressLine1>
          <AddressLine2>
            <Value>Huntingdon</Value>
          </AddressLine2>
          <AddressLine3>
            <Value i:nil="true"></Value>
          </AddressLine3>
          <AddressLine4>
            <Value i:nil="true"></Value>
          </AddressLine4>
          <AddressLine5>
            <Value i:nil="true"></Value>
          </AddressLine5>
          <PostCode>
            <Value>PE29 3RT</Value>
          </PostCode>
          <DPSCode>
            <Value>2P</Value>
          </DPSCode>
          <LocationIDFK>
            <Value>111</Value>
          </LocationIDFK>
          <LocationDetails>
            <LocationID>111</LocationID>
            <Name>
              <Value></Value>
            </Name>
            <OrganisationName>
              <Value></Value>
            </OrganisationName>
            <Department>
              <Value></Value>
            </Department>
            <SubBuilding>
              <Value></Value>
            </SubBuilding>
            <Building>
              <Value></Value>
            </Building>
            <Number>
              <Value>12</Value>
            </Number>
            <DependentThoroughfare>
              <Value></Value>
            </DependentThoroughfare>
            <Thoroughfare>
              <Value>Temple Place</Value>
            </Thoroughfare>
            <DoubleDependentLocality>
              <Value></Value>
            </DoubleDependentLocality>
            <DependentLocality>
              <Value></Value>
            </DependentLocality>
            <Town>
              <Value>Huntingdon</Value>
            </Town>
            <PostalCounty>
              <Value>Cambridgeshire</Value>
            </PostalCounty>
            <AbbreviatedPostalCounty>
              <Value>Cambs</Value>
            </AbbreviatedPostalCounty>
            <OptionalCounty>
              <Value>Cambridgeshire</Value>
            </OptionalCounty>
            <AbbreviatedOptionalCounty>
              <Value>Cambs</Value>
            </AbbreviatedOptionalCounty>
            <TraditionalCounty>
              <Value></Value>
            </TraditionalCounty>
            <AdministrativeCounty>
              <Value>Cambridgeshire</Value>
            </AdministrativeCounty>
            <Postcode>
              <Value>PE29 3RT</Value>
            </Postcode>
            <DPS>
              <Value>2P</Value>
            </DPS>
            <PostcodeFrom>
              <Value></Value>
            </PostcodeFrom>
            <PostcodeType>
              <Value>S</Value>
            </PostcodeType>
            <MailsortCode>
              <Value>15457</Value>
            </MailsortCode>
            <AddressType>
              <Value>1</Value>
            </AddressType>
            <AddressTypeDescription>
              <Value>Numbered</Value>
            </AddressTypeDescription>
            <Country>
              <Value>United Kingdom</Value>
            </Country>
            <CountryISO>
              <Value>GBR</Value>
            </CountryISO>
            <GridE>
              <Value>524344</Value>
            </GridE>
            <GridN>
              <Value>271767</Value>
            </GridN>
            <Latitude>
              <Value>52.3299</Value>
            </Latitude>
            <Longitude>
              <Value>-0.1767</Value>
            </Longitude>
          </LocationDetails>
        </Address>
      </Addresses>
      <Products>
        <PropertyRisk>
          <Version>2.100</Version>
          <ID>0</ID>
          <PropertyDetail>
            <ID>0</ID>
            <AddressID>
              <Value>1</Value>
            </AddressID>
            <OwnerStatus>
              <Value>03</Value>
              <Description>Mortgaged/Owned - Not rented out</Description>
              <RecID>1</RecID>
            </OwnerStatus>
            <Occupancy>
              <Value>PH</Value>
              <Description>Permanent main residence</Description>
              <ErrID></ErrID>
              <RecID>1</RecID>
            </Occupancy>
            <Residents>
              <Value>Y</Value>
              <Description>All family members</Description>
              <RecID>1</RecID>
            </Residents>
            <NumberOfNonFamilyMembers>
              <Value>0</Value>
            </NumberOfNonFamilyMembers>
            <TypeOfProperty>
              <Value>17</Value>
              <Description>Mid Terraced Bungalow</Description>
              <RecID>10</RecID>
            </TypeOfProperty>
            <NumberOfBedrooms>
              <Value>2</Value>
              <Description>Two</Description>
              <RecID>3</RecID>
            </NumberOfBedrooms>
            <NumberOfRooms>
              <Value>3</Value>
              <Description>Three</Description>
              <RecID>4</RecID>
            </NumberOfRooms>
            <ListBuilding>
              <Value>3</Value>
              <Description>Not Listed</Description>
              <ErrID></ErrID>
              <RecID>1</RecID>
            </ListBuilding>
            <TypeOfUse>
              <Value>N</Value>
              <Description>No business or professional use</Description>
              <ErrID></ErrID>
              <RecID>4</RecID>
            </TypeOfUse>
            <YearBuilt>
              <Value>1960</Value>
            </YearBuilt>
            <TypeOfWall>
              <Value>02a</Value>
              <Description>Brick</Description>
              <RecID>13</RecID>
            </TypeOfWall>
            <RoofDetails>
              <RoofConstruction>
                <Value>15a</Value>
                <Description>Tile</Description>
                <RecID>12</RecID>
              </RoofConstruction>
              <MoreThanHalfRoofFlat>
                <Value>false</Value>
              </MoreThanHalfRoofFlat>
              <YearRecovered>
                <Value>0</Value>
              </YearRecovered>
              <Recovered10Years>
                <Value>false</Value>
              </Recovered10Years>
            </RoofDetails>
            <Water400m>
              <Value>false</Value>
            </Water400m>
            <OperationalSmokeDetectors>
              <Value>true</Value>
            </OperationalSmokeDetectors>
            <GoodStateOfRepair>
              <Value>true</Value>
            </GoodStateOfRepair>
            <Unoccupied45DaysPlus>
              <Value>false</Value>
            </Unoccupied45DaysPlus>
            <DaysConsecutivelyUnoccupied>
              <Value>0</Value>
            </DaysConsecutivelyUnoccupied>
          </PropertyDetail>
          <PropertyRiskDetail>
            <AnyClaims>
              <Value>false</Value>
            </AnyClaims>
            <AnyConvictions>
              <Value>false</Value>
            </AnyConvictions>
            <Bankruptcy>
              <Value>false</Value>
            </Bankruptcy>
            <RefusedInsurance>
              <Value>false</Value>
            </RefusedInsurance>
            <LockDetails>
              <WindowLocks>
                <Value i:nil="true"></Value>
              </WindowLocks>
            </LockDetails>
            <NeighbourhoodWatch>
              <Value i:nil="true"></Value>
            </NeighbourhoodWatch>
            <Occupied9to5>
              <Value i:nil="true"></Value>
            </Occupied9to5>
            <SelfContained>
              <Value>false</Value>
            </SelfContained>
            <SafeFitted>
              <Value i:nil="true"></Value>
            </SafeFitted>
            <BurglarAlarmDetails>
              <FittedAndUsed>
                <Value i:nil="true"></Value>
              </FittedAndUsed>
              <MaintenanceContract>
                <Value i:nil="true"></Value>
              </MaintenanceContract>
              <Approved>
                <Value i:nil="true"></Value>
              </Approved>
            </BurglarAlarmDetails>
          </PropertyRiskDetail>
          <PropertyCover>
            <CommencementDate>
              <Value>2013-06-03T00:00:00</Value>
            </CommencementDate>
            <CoverType>
              <Value>BO</Value>
              <Description>Buildings Cover</Description>
              <ErrID></ErrID>
              <RecID>10</RecID>
            </CoverType>
            <JointPolicyHolder>
              <Value>false</Value>
            </JointPolicyHolder>
            <JointPolicyHolderID>0</JointPolicyHolderID>
            <Buildings>
              <CoverType>
                <Value>BS</Value>
                <Description>Standard</Description>
                <ErrID></ErrID>
                <RecID>0</RecID>
              </CoverType>
              <YearsHeld>
                <Value>5</Value>
                <Description>5 years or more</Description>
                <ErrID></ErrID>
                <RecID>6</RecID>
              </YearsHeld>
              <RebuildCost>
                <Value>100000</Value>
              </RebuildCost>
              <Subsidence>
                <Value>false</Value>
              </Subsidence>
              <CrackedWalls>
                <Value>false</Value>
              </CrackedWalls>
              <Underpinning>
                <Value>false</Value>
              </Underpinning>
              <DamageOngoing>
                <Value>false</Value>
              </DamageOngoing>
              <BuildExcess>
                <Value>100</Value>
              </BuildExcess>
            </Buildings>
            <KeyCover>
              <Value>false</Value>
            </KeyCover>
            <HomeAssistance>
              <Value>false</Value>
            </HomeAssistance>
            <PaymentProtection>
              <Value>false</Value>
            </PaymentProtection>
            <LegalProtection>
              <Value>false</Value>
            </LegalProtection>
          </PropertyCover>
        </PropertyRisk>
      </Products>
      <ModifiedFlags>
        <RiskHeader>false</RiskHeader>
        <Persons>false</Persons>
        <Addresses>false</Addresses>
        <ContactDetails>false</ContactDetails>
        <PrivateCar>false</PrivateCar>
        <PrivateCarCover>false</PrivateCarCover>
        <CommercialVehicle>false</CommercialVehicle>
        <CommercialVehicleCover>false</CommercialVehicleCover>
        <Claims>false</Claims>
        <Convictions>false</Convictions>
        <HomeCover>false</HomeCover>
        <PropertyDetails>false</PropertyDetails>
        <PropertyBuildingsCover>false</PropertyBuildingsCover>
        <PropertyContentsCover>false</PropertyContentsCover>
        <PropertyClaims>false</PropertyClaims>
        <PropertyLocks>false</PropertyLocks>
        <PropertyAdditionalDetails>false</PropertyAdditionalDetails>
        <LifeCover>false</LifeCover>
        <Bike>false</Bike>
        <BikeCover>false</BikeCover>
        <PetDetails>false</PetDetails>
        <PetMoreDetails>false</PetMoreDetails>
        <PetCover>false</PetCover>
        <PetDogSpecific>false</PetDogSpecific>
        <Vehicle>false</Vehicle>
        <VehicleDetails>false</VehicleDetails>
        <VehicleUsage>false</VehicleUsage>
        <VehicleOwnership>false</VehicleOwnership>
        <PolicyDetails>false</PolicyDetails>
        <DrivingHistory>false</DrivingHistory>
      </ModifiedFlags>
    </RiskMaster>
  </Lead>
</QuoteRequest>