﻿<?xml version="1.0" encoding="utf-8"?>
<quote xmlns:xs="http://www.w3.org/2001/XMLSchema" xmlns:xsd="http://www.w3.org/2001/XMLSchema-instance">
  <brands>
    <brand>
      <name>Admiral</name>
      <branchcode>AD</branchcode>
      <productcode>APT</productcode>
    </brand>
  </brands>
  <quotesource>
    <mediacode>CTMNH</mediacode>
  </quotesource>
  <contact>
    <name>
      <title>Dr</title>
      <firstname>Jodie</firstname>
      <lastname>Gold</lastname>
    </name>
    <gender>F</gender>
    <dateofbirth>1988-03-28</dateofbirth>
    <address>
      <line1>12</line1>
      <line2>Temple Place</line2>
      <line3>Huntingdon</line3>
      <postcode>PE29 3RT</postcode>
    </address>
    <email>Jodie@EmailReaction.org</email>
    <eveningphone>01010 101010</eveningphone>
    <password>280388PE293RT</password>
    <mothersmaidenname>DEFAULTVALUE</mothersmaidenname>
  </contact>
  <householdrisk>
    <startdate>2013-06-03</startdate>
    <address>
      <line1>12</line1>
      <line2>Temple Place</line2>
      <line3>Huntingdon</line3>
      <postcode>PE29 3RT</postcode>
    </address>
    <ishomeaddress>true</ishomeaddress>
    <purchasedate>2013-05-01</purchasedate>
    <yearslivedatproperty>0</yearslivedatproperty>
    <permanentresidence>Y</permanentresidence>
    <owner>MO</owner>
    <adultsatproperty>1</adultsatproperty>
    <childrenatproperty>0</childrenatproperty>
    <whoiscovered>IF</whoiscovered>
    <smokers>false</smokers>
    <howdoyoupay>S</howdoyoupay>
    <bestprice>0</bestprice>
    <basement>null</basement>
    <heatingtype>null</heatingtype>
    <solarpanels>false</solarpanels>
    <property>
      <propertytype>BL</propertytype>
      <propertystyle>TC</propertystyle>
      <listedproperty>N</listedproperty>
      <extended>false</extended>
      <inprogressrenovations>false</inprogressrenovations>
      <goodstateofrepair>true</goodstateofrepair>
      <propertyfloors>1</propertyfloors>
      <bedrooms>2</bedrooms>
      <livingrooms>1</livingrooms>
      <otherrooms>2</otherrooms>
      <builddate>1960</builddate>
      <walls>BRK</walls>
      <rooftype>TLE</rooftype>
      <flatroofpercentage>0</flatroofpercentage>
    </property>
    <security>
      <lockstype></lockstype>
      <patiodoors>true</patiodoors>
      <otherdoors>true</otherdoors>
      <accessiblewindowslocks>N</accessiblewindowslocks>
      <neighbourhoodwatcharea></neighbourhoodwatcharea>
      <smokealarms>1</smokealarms>
    </security>
    <trees>
      <treedamage>false</treedamage>
    </trees>
    <floodings>
      <nearestwatercourse>401</nearestwatercourse>
    </floodings>
    <whenunoccupied>D</whenunoccupied>
    <businessusecode>N</businessusecode>
    <buildingrisk>
      <propertyvalue>1</propertyvalue>
      <rebuildcost>100000</rebuildcost>
      <voluntaryexcess>100</voluntaryexcess>
      <accidentaldamagecover>false</accidentaldamagecover>
      <consecutiveclaimfreeyears>5</consecutiveclaimfreeyears>
      <claims />
    </buildingrisk>
    <contentsrisk>
      <totalcontentsvalue>0</totalcontentsvalue>
      <individualitems />
    </contentsrisk>
    <occupants>
      <occupant>
        <name>
          <title>Dr</title>
          <firstname>Jodie</firstname>
          <lastname>Gold</lastname>
        </name>
        <gender>F</gender>
        <dateofbirth>1988-03-28</dateofbirth>
        <residentsince>1988</residentsince>
        <maritalstatus>P</maritalstatus>
        <fulltimeoccupation>CUS07</fulltimeoccupation>
        <fulltimebusinesstype>650</fulltimebusinesstype>
        <policyholdertype>Y</policyholdertype>
        <specialterms />
        <convictions />
        <bankruptcies />
      </occupant>
    </occupants>
    <additionaldata />
  </householdrisk>
</quote>